record_id,prev_N,prev_P,prev_K,prev_pH,prev_temperature,prev_humidity,prev_rainfall,prev_crop_recommended,days_since_sowing,feedback_text_raw,affected_feature,adjustment_direction,adjustment_magnitude,tweaked_N,tweaked_P,tweaked_K,tweaked_pH,tweaked_temperature,tweaked_humidity,tweaked_rainfall,prev_harvest_success,region_id,updated_crop_recommendation,timeline_shift_days,affected_feature_encoded,adjustment_direction_encoded,region_id_encoded,prev_harvest_success_encoded,prev_crop_recommended_encoded,updated_crop_recommendation_encoded,prev_N_scaled,prev_P_scaled,prev_K_scaled,prev_pH_scaled,prev_temperature_scaled,prev_humidity_scaled,prev_rainfall_scaled,tweaked_N_scaled,tweaked_P_scaled,tweaked_K_scaled,tweaked_pH_scaled,tweaked_temperature_scaled,tweaked_humidity_scaled,tweaked_rainfall_scaled,days_since_sowing_scaled,adjustment_magnitude_scaled
1,50.39,95.93,28.14,9.5,17.73,73.08,159.07,blackgram,43,weather update day 43,unknown,increase,0.26,50.39,95.93,28.14,12.78,17.73,73.08,159.07,success,R4,blackgram,2.3,4,1,3,2,1,1,-0.763707241698142,2.9958581122607564,-1.1129692056364855,3.2309269296794234,-1.6382908406172678,0.564330695468719,0.05960776896827337,-0.714244145496738,2.9708530043564694,-1.1129692056364855,5.274538245286841,-1.456069419450749,0.5260665332966432,-0.023785485568006273,-0.7631621439659372,-0.08395294217743601
2,84.34,54.54,64.02,8.53,28.5,53.18,212.11,blackgram,8,weather update day 8,temperature,increase,0.0,84.34,54.54,64.02,8.53,28.5,53.18,212.11,success,R6,blackgram,-2.4,3,1,5,2,1,1,0.719909697628029,0.29312560409642496,0.8960798786809424,2.1515725842958076,0.4985958310902812,-0.7843500690411489,0.7796320813431491,0.6878670284762791,0.28663458291745897,0.8960798786809424,1.6133865741811744,0.43190416867818815,-0.7071511204495872,0.41992338431925424,-1.5754334097029936,-1.453238897477863
3,95.48,11.71,40.76,4.11,21.84,57.64,233.09,wheat,121,weather update day 121,soil_moisture,unknown,0.35,95.48,11.71,40.76,4.11,21.84,57.64,233.09,success,R1,wheat,1.2,2,2,0,2,15,15,1.2067283339783543,-2.503637704062026,-0.40633042514356643,-2.766722474050149,-0.8228215536425207,-0.4820829228243644,1.0644380782063632,1.1479412104515194,-2.4909705146962833,-0.40633042514356643,-2.1942111637687187,-0.7355892479363636,-0.4307616362431455,0.5954326620386117,1.0470423911052171,0.39003065773425005
4,57.11,70.34,34.69,5.98,21.76,50.96,169.99,chickpea,32,weather update day 32,rainfall,increase,0.08,57.11,70.34,34.69,5.98,21.76,50.96,170.13,partial,R5,chickpea,-0.8,1,1,4,1,2,2,-0.4700428578315185,1.3248524373652446,-0.7462113599765315,-0.6859053339807053,-0.8386944351408123,-0.9348059131221492,0.20784806857486557,-0.43671286157630584,1.3112939465013287,-0.7462113599765315,-0.5833044284822251,-0.7496131928806823,-0.8447261551891163,0.06873751784362835,-1.0184473989118692,-1.0319201420008084
5,90.04,56.01,5.92,7.37,26.3,70.3,182.42,lentil,86,weather update day 86,soil_moisture,unknown,0.48,90.04,56.01,5.92,7.37,26.3,70.3,182.42,unknown,R6,lentil,5.8,2,2,5,3,8,8,0.969000023229183,0.38911537909042265,-2.3571462026691847,0.8607983155896296,0.06209158988725371,0.3759220258537725,0.3765867978889622,0.9232730282302173,0.38196681484583156,-2.3571462026691847,0.6141075298323341,0.046245682709417424,0.3537878861903858,0.17155015002527288,0.2347711253681607,1.0746736353844635
6,76.03,69.75,51.55,6.53,29.57,63.32000000000001,186.95,groundnut,2,weather update day 2,temperature,decrease,0.1,76.03,69.75,51.55,6.53,26.61,46.09,186.95,failure,UNKNOWN,groundnut,-1.8,3,0,6,0,6,6,0.3567622229358204,1.28632592903432,0.19784013282145727,-0.07390029278381026,0.7108956211299357,-0.09713283526576845,0.43808208701147705,0.3446698604139588,1.27303135001307,0.19784013282145727,-0.10950832986855068,0.1005884693686531,-1.1465236413069122,0.2094460998855536,-1.7146799124007748,-0.9265904531315449
7,92.2,54.43,33.6,6.27,34.08,56.56,140.06,rice,50,weather update day 50,temperature,decrease,0.56,92.2,54.43,33.6,6.27,14.99,56.56,140.06,unknown,R4,rice,-6.4,3,0,3,3,12,12,1.0633921466148832,0.2859426957635408,-0.8072443449794856,-0.36321176680416145,1.605729315596142,-0.5552776577826888,-0.19845524344210322,1.012479512347499,0.2795008784874447,-0.8072443449794856,-0.3334846673950156,-1.9363895337936727,-0.4976900315218353,-0.1828146261516566,-0.6007078908185259,1.4959923908615183
8,86.48,47.54,69.63,6.51,26.29,61.02,191.07,wheat,19,weather update day 19,humidity,unknown,0.58,86.48,47.54,69.63,6.51,26.29,61.02,191.07,failure,R2,wheat,-1.3,0,2,1,0,15,15,0.8134278198712693,-0.1639685625416595,1.2102037739713765,-0.09615502155460695,0.06010747969996691,-0.2530105115659042,0.49401157733923895,0.776247526629512,-0.16732842626526803,1.2102037739713765,-0.12673727890904832,0.04449268959137728,-0.22130054731539364,0.24391217348916436,-1.3201481547570615,1.6013220797307814
9,97.59,61.52,73.49,9.5,31.95,80.28,6.22,watermelon,125,weather update day 125,rainfall,decrease,0.37,97.59,61.52,73.49,11.67,31.95,80.28,3.92,success,R5,watermelon,-0.6,1,0,4,2,14,14,1.2989354545079044,0.748913787401258,1.4263389318717463,3.2309269296794234,1.18311384570412,1.0522955951908826,-2.015349171953667,1.235082729658679,0.7393005549310927,1.4263389318717463,4.318331573539244,1.0366867944019422,0.9722558351545759,-1.321700854403007,1.139873392903738,0.49536034660351375
10,44.61,73.04,46.0,6.74,30.17,55.55,201.85,coffee,80,weather update day 80,soil_moisture,increase,0.55,44.61,73.04,46.0,6.74,30.17,55.55,201.85,failure,R1,sugarcane,-8.1,2,1,0,0,4,13,-1.0162935718691366,1.5011601873542202,-0.11292414861560297,0.1597743593095497,0.8299422323671253,-0.6237282895492704,0.6403513602842079,-0.9529540891068717,1.486393964328952,-0.11292414861560297,0.0713956350566705,0.7246540193908463,-0.5602804752546845,0.33409282238404875,0.0955246226703796,1.4433275464268864
11,108.58,50.7,69.31,6.75,27.04,57.99,14.21,wheat,33,weather update day 33,temperature,unknown,0.0,108.58,50.7,69.31,6.75,27.04,57.99,14.21,success,R5,wheat,1.9,3,2,4,2,15,15,1.7791990822897779,0.04237680411210459,1.1922858334200508,0.17090172369494755,0.2089157437464536,-0.45836240686564805,-1.906883971051041,1.6889620169035524,0.0376034464515061,1.1922858334200508,0.08001010957691895,0.17596717344436735,-0.40907187851394033,-1.2356193259124355,-0.995239648462239,-1.453238897477863
12,49.39,37.07,31.0,6.11,28.59,56.49,82.74,mango,45,weather update day 45,humidity,decrease,0.1,49.39,37.07,31.0,6.11,28.59,50.84,82.74,success,R5,mango,-6.1,0,0,4,2,10,10,-0.8074072988211514,-0.8476508374989087,-0.9528276119590094,-0.5412495969705301,0.5164528227758596,-0.560021760974432,-0.9765810651865954,-0.7555434436991832,-0.8463273842857182,-0.9528276119590094,-0.471316259718993,0.44768110674054695,-0.852162643553415,-0.6623280579378136,-0.7167466430666768,-0.9265904531315449
13,76.32,40.95,67.76,9.5,27.87,53.23,105.94,sugarcane,113,weather update day 113,humidity,increase,0.45,76.32,40.95,67.76,12.47,27.87,77.18,105.94,unknown,R4,sugarcane,8.0,0,1,3,3,13,13,0.3694352395014928,-0.5942900708480845,1.1054958088745657,3.2309269296794234,0.3735968892912326,-0.7809614239041897,-0.6616383041176453,0.3566466568926676,-0.594702173481578,1.1054958088745657,5.007489535159135,0.3214656022416767,0.7801465524101887,-0.46824725512136484,0.8613803875081757,0.9166791020805682
14,55.74,51.6,43.41,7.7,12.75,81.37,224.77,blackgram,63,weather update day 63,temperature,decrease,0.11,55.74,51.6,43.41,7.7,12.73,81.37,224.77,failure,UNKNOWN,blackgram,-6.2,3,0,6,0,1,1,-0.5299119360900413,0.10114605410842964,-0.257947479952898,1.2280013403077668,-2.6263777138859394,1.126168059176599,0.9514930880299123,-0.49329290011365573,0.09597011906071376,-0.257947479952898,0.8983851890005389,-2.332565978470683,1.0398039377969577,0.5258312706837474,-0.29900713497333353,-0.8739256086969132
15,52.38,39.32,69.36,7.65,24.81,65.69,95.72,mungbean,87,weather update day 87,humidity,decrease,0.18,52.38,39.32,69.36,7.65,24.81,53.87,95.72,success,R4,mungbean,3.5,0,0,3,2,11,11,-0.676744128023353,-0.7007277125080957,1.1950855116311954,1.1723645183807765,-0.2335408280184336,0.06348894422610965,-0.8003760204161224,-0.6320585420738718,-0.7004107027626988,1.1950855116311954,0.8553128163992958,-0.2149502918785232,-0.6643913123548687,-0.5537431949827487,0.2579788758177909,-0.5052716976544905
16,0.0,37.64,62.35,6.86,27.75,55.21,227.58,wheat,38,weather update day 38,humidity,increase,0.59,-9.84,37.64,62.35,6.86,27.75,87.78,227.58,failure,R5,wheat,0.0,0,1,4,0,15,15,-2.965753120126588,-0.8104303125012361,0.8025706264287101,0.29330273193432693,0.34978756704379455,-0.6467710764805945,0.9896391724524877,-3.201700876230017,-0.8093618249665532,0.8025706264287101,0.17476932929965414,0.3004296848251981,1.4370363579232557,0.5493384713697052,-0.8792008962140881,1.6539869241654133
17,63.76,46.8,67.5,6.29,29.0,70.2,92.15,rice,48,weather update day 48,temperature,unknown,0.16,63.76,46.8,67.5,6.29,29.0,70.2,92.15,partial,R5,rice,0.9,3,2,4,1,12,12,-0.1794374779635057,-0.21228994587197142,1.090937482176613,-0.34095703803336475,0.5978013404546056,0.36914473557985394,-0.8488391952875082,-0.1620725285300448,-0.21531880152172786,1.090937482176613,-0.31625571835451793,0.5195538245801815,0.3475908125534704,-0.5836082150713142,-0.6471233917177862,-0.6106013865237541
18,61.36,37.84,20.18,6.84,32.93,64.81,188.89,rice,74,weather update day 74,soil_moisture,increase,0.55,61.36,37.84,20.18,6.84,32.93,64.81,188.89,failure,R6,rice,-0.1,2,1,5,0,12,12,-0.2843176150587283,-0.7973704791687192,-1.55867797685072,0.2710480031635302,1.377556644058196,0.003848789815623334,0.4644178178939668,-0.26119084421591343,-0.796391453275618,-1.55867797685072,0.15754038025915648,1.2084801199698494,0.013568543523712506,0.22567527046589456,-0.043721880027401495,1.4433275464268864
19,56.57,80.83,30.66,5.04,26.24,38.3,224.24,sugarcane,9,weather update day 9,temperature,decrease,0.24,56.57,80.83,30.66,5.04,19.94,38.3,224.24,failure,R1,sugarcane,-4.6,3,0,0,0,13,13,-0.49364088867794353,2.009840695655745,-0.9718654237947933,-1.7318775862081266,0.05018692876353432,-1.7928108618002867,0.9442982749537682,-0.4590144826056262,1.991589941690872,-0.9718654237947933,-1.3930650333855965,-1.0686579403639382,-1.629275677622648,0.5213975282056129,-1.5522256592533634,-0.1892826310466997
20,78.08,60.74,52.09,6.24,28.96,75.2,168.44,sugarcane,93,weather update day 93,soil_moisture,decrease,0.12,78.08,60.74,52.09,6.24,28.96,75.2,168.44,success,R5,sugarcane,-2.5,2,0,4,2,13,13,0.44634734003798965,0.6979804374044428,0.22807665750182024,-0.39659385996035507,0.5898648997054599,0.7080092492758007,0.1868066341068968,0.4293334217289715,0.6887161053364459,0.22807665750182024,-0.35932809095576096,0.5125418521080222,0.6574444943992569,0.05459973522467154,0.397225378515572,-0.8212607642622813
21,92.09,48.09,59.55,6.19,21.38,60.96,145.42,wheat,61,weather update day 61,humidity,unknown,0.53,92.09,48.09,59.55,6.19,21.38,60.96,145.42,partial,R1,wheat,-5.0,0,2,0,1,15,15,1.0585851403313522,-0.1280540208772383,0.6457886466046073,-0.45223068188734533,-0.9140906222576994,-0.2570768857302557,-0.1256926055399667,1.00793658954523,-0.13165990411519635,0.6457886466046073,-0.40240046355700393,-0.8162269313661977,-0.2250187914975432,-0.13797526825958067,-0.34542263587259386,1.3379978575576228
22,76.13,41.74,36.91,6.73,26.63,76.67,228.1,rice,2,weather update day 2,temperature,unknown,0.28,76.13,41.74,36.91,6.73,26.63,76.67,228.1,unknown,R4,rice,-2.1,3,2,3,3,12,12,0.3611322286481211,-0.5427037291846436,-0.6219056474017075,0.14864699492415184,0.1275672260677075,0.807635416302409,0.9966982343385157,0.3487997902342031,-0.5434692053023845,-0.6219056474017075,0.06278116053642206,0.10409445560473275,0.7485414768619181,0.553688558329384,-1.7146799124007748,0.021376746691827677
23,0.0,39.56,64.65,5.77,20.29,70.72,101.13,banana,121,weather update day 121,temperature,decrease,0.39,-19.72,39.56,64.65,5.77,20.21,70.72,101.13,success,R1,banana,-1.9,3,0,0,2,0,0,-2.965753120126588,-0.6850559125090756,0.9313558241413661,-0.9195799860740662,-1.1303586326719268,0.40438664500423216,-0.7269346265634061,-3.609737942470176,-0.6848462567335766,0.9313558241413661,-0.7642083934074471,-1.021327126176862,0.379815595465432,-0.5084855594983958,1.0470423911052171,0.6006900354727774
24,105.02,49.53,52.63,6.0,28.16,54.24,28.06,jute,111,weather update day 111,soil_moisture,decrease,0.22,98.09,49.53,52.63,6.0,28.16,54.24,28.06,failure,R3,jute,-4.0,2,0,2,0,7,7,1.6236268789318642,-0.03402322088311822,0.25831318218218285,-0.6636506052099096,0.4311360847225406,-0.712510792137608,-1.7188685727404827,1.2557323787599017,-0.03827322794046409,0.25831318218218285,-0.5660754794417282,0.37230240266483267,-0.6414621398982803,-1.1197564328517537,0.8149648866089153,-0.29461231991596326
25,78.19,43.61,49.71,7.18,25.45,54.87,76.57,coffee,95,weather update day 95,soil_moisture,decrease,0.52,78.19,43.61,49.71,7.18,25.45,54.87,76.57,success,R6,coffee,-1.2,2,0,5,2,4,4,0.4511543463215207,-0.4205942875256126,0.09481197465133294,0.6493783922670653,-0.10655777603209818,-0.6698138634119191,-1.0603395494881223,0.43387634453124047,-0.42219622999214185,0.09481197465133294,0.45043251394760975,-0.10275873232397156,-0.6024205759857114,-0.7139435128247743,0.4436408794148324,1.285333013122991
26,94.69,65.11,18.4,6.33,25.13,53.73,65.38,sugarcane,123,weather update day 123,humidity,increase,0.33,94.69,65.11,18.4,6.33,25.13,53.9,65.38,success,R3,sugarcane,-2.3,0,1,2,2,13,13,1.1722052888511767,0.9833377957199325,-1.658346521167471,-0.29644758049177233,-0.17004930202526589,-0.747074972534595,-1.2122451312278442,1.1153147648715875,0.9721187267833767,-1.658346521167471,-0.2817978202735234,-0.15885451210124737,-0.662532190263794,-0.8075540379763286,1.0934578920044775,0.28470096886498664
27,92.72,18.94,49.26,6.52,26.59,75.91,153.67,chickpea,33,weather update day 33,humidity,decrease,0.53,92.72,18.94,49.26,6.52,26.59,35.68,153.67,partial,UNKNOWN,chickpea,-1.4,0,0,6,1,2,2,1.086116176318848,-2.0315247290915472,0.0696148707510306,-0.0850276571692091,0.11963078531856174,0.7561280102206247,-0.013697873694327144,1.0339551474127704,-2.0220915780689808,0.0696148707510306,-0.11812280438879988,0.09708248313257344,-1.79163900690984,-0.06895946553390386,-0.995239648462239,1.3379978575576228
28,44.82,34.92,34.98,6.79,22.02,91.2,211.63,cotton,76,weather update day 76,soil_moisture,increase,0.45,44.88,34.92,34.98,6.79,22.02,91.2,211.63,success,R1,cotton,2.4,2,1,0,2,5,5,-1.0071165598733045,-0.9880440458234631,-0.7299732263518924,0.21541118123653996,-0.787107570271364,1.7923756931028303,0.7731160242175843,-0.9418032785922114,-0.9857588799632699,-0.7299732263518924,0.1144680076579135,-0.7040353718116461,1.6489762763057738,0.4159079194333965,0.0026936208718588727,0.9166791020805682
29,86.35,59.9,17.2,5.31,29.66,54.56,87.08,coffee,10,weather update day 10,rainfall,decrease,0.25,86.35,59.9,17.2,5.31,29.66,54.56,65.31,failure,R3,coffee,1.6,1,0,2,0,4,4,0.8077468124452777,0.6431291374078725,-1.7255387982349435,-1.4314387478023785,0.7287526128155141,-0.6908234632610675,-0.9176650486762832,0.7708786178631938,0.6342405442345185,-1.7255387982349435,-1.160474221338884,0.6352513703708128,-0.6216315042601499,-0.8081396266055162,-1.5290179088037332,-0.13661778661206786
30,65.99,58.03,66.7,6.92,30.18,80.68,129.64,banana,5,weather update day 5,soil_moisture,increase,0.12,66.01,58.03,66.7,6.92,30.18,80.68,129.64,success,R1,banana,-0.4,2,1,0,2,0,0,-0.08198635057919476,0.5210196957488415,1.0461426307982982,0.3600669182467151,0.8319263425544113,1.0794047562865585,-0.3399079835428991,-0.06914910757454266,0.5129675689242759,1.0461426307982982,0.22645617642114557,0.7264070125088858,0.9970441297022392,-0.26998367638214793,-1.6450566610518842,-0.8212607642622813
31,94.27,44.86,66.86,7.02,34.57,68.0,147.02,cotton,127,weather update day 127,soil_moisture,decrease,0.0,94.27,44.86,66.86,7.02,34.57,68.0,147.02,failure,R2,cotton,3.3,2,0,1,0,5,5,1.1538512648595125,-0.33897032919738324,1.055101601073961,0.47134056210069564,1.7029507147731804,0.2200443495536372,-0.10397241512141811,1.0979690596265603,-0.3411314069237978,1.055101601073961,0.31260092162363157,1.4959709913283878,0.21125519254132416,-0.12459038530672195,1.1862888938029983,-1.453238897477863
32,33.28,57.62,28.14,4.78,27.94,102.39,149.64,maize,86,weather update day 86,temperature,decrease,0.41,33.28,57.62,28.14,4.78,16.49,102.39,149.64,unknown,UNKNOWN,maize,-0.9,3,0,6,3,9,9,-1.5114152190728336,0.494247037417182,-1.1129692056364855,-2.021189060228477,0.3874856606022381,2.550754474754359,-0.06840560331104563,-1.4208751377405766,0.4863783069578587,-1.1129692056364855,-1.6170413709120608,-1.673440566087693,2.342428816276644,-0.1026726394714163,0.2347711253681607,0.7060197243420409
33,78.42,57.91,65.1,7.35,22.55,66.42,123.27,coconut,62,weather update day 62,temperature,unknown,0.0,78.42,57.91,65.1,7.35,22.55,66.42,123.27,success,R5,coconut,6.3,3,2,4,2,3,3,0.461205359459813,0.5131837957493312,0.9565529280416676,0.8385435868188329,-0.6819497303451798,0.11296316322571814,-0.4263814916467443,0.44337518311780305,0.5051853459097145,0.9565529280416676,0.5968785807918364,-0.6111267365555328,0.11334142907805574,-0.3232722416382159,-0.32221488542296367,-1.453238897477863
34,63.3,43.95,30.81,6.84,36.31,48.99,151.45,jute,16,weather update day 16,unknown,increase,0.05,63.3,43.95,30.81,6.84,36.31,48.99,151.45,success,R6,jute,4.2,4,1,5,2,7,7,-0.1995395042400901,-0.398392570860334,-0.9634663891613593,0.2710480031635302,2.0481858873610297,-1.068318531518352,-0.04383463790006287,-0.18107020570316967,-0.40014659811755204,-0.9634663891613593,0.15754038025915648,1.800991793867325,-0.9668085058363561,-0.08753099063099506,-1.389771406105952,-1.1899146753047039
35,54.22,55.18,19.6,6.88,24.38,84.95,190.77,watermelon,86,weather update day 86,rainfall,increase,0.32,54.22,55.18,19.6,6.88,24.38,84.95,251.82,success,R1,watermelon,2.1,1,1,0,2,14,14,-0.5963360229170158,0.33491707076047844,-1.5911542440999982,0.3155574607051227,-0.3188575660717526,1.3687950509828968,0.48993904163576135,-0.5560678333813727,0.32813977232845115,-1.5911542440999982,0.19199827834015104,-0.29032899595423745,1.2616591739985408,0.7521194481055117,0.2347711253681607,0.2320361244303548
36,45.72,51.16,66.56,7.8,18.57,78.04,159.86,sugarcane,7,weather update day 7,soil_moisture,increase,0.37,45.72,51.16,66.56,7.8,18.57,78.04,159.86,partial,R4,sugarcane,-0.8,2,1,3,1,13,13,-0.9677865084625962,0.07241442077689259,1.038303531807093,1.3392749841617473,-1.4716255848852027,0.9004842930550987,0.07033211298743186,-0.9071118681021575,0.06743530134065633,1.038303531807093,0.9845299342030248,-1.3088179975354002,0.8334413856876639,-0.017176699610032202,-1.5986411601526238,0.49536034660351375
37,88.29,33.95,-0.69,6.42,23.17,49.24,203.89,sugarcane,62,weather update day 62,rainfall,decrease,0.0,88.29,33.95,-0.69,6.42,23.17,49.24,203.89,success,R1,sugarcane,3.6,1,0,0,2,13,13,0.8925249232639165,-1.051384237486169,-2.7272636621825126,-0.19630130102318966,-0.5589348987334173,-1.0513753058335549,0.668044603067857,0.8509992563759381,-1.048665182664305,-2.7272636621825126,-0.20426754959128587,-0.5024411632370609,-0.9513158217440668,0.35115854814894326,-0.32221488542296367,-1.453238897477863
38,69.22,48.29,42.51,6.1,39.42,77.11,86.03,sugarcane,86,weather update day 86,humidity,decrease,0.09,69.22,48.29,42.51,6.1,39.42,70.17,86.03,failure,R1,sugarcane,7.9,0,0,0,0,13,13,0.059164833928125944,-0.11499418754472189,-0.30834168775350235,-0.552376961355929,2.665244155607128,0.8374554935076521,-0.9319189236384554,0.06342163965530641,-0.11868953242426157,-0.30834168775350235,-0.4799307342392422,2.3461726535777236,0.34573169046239566,-0.6348053923659982,0.2347711253681607,-0.9792552975661767
39,63.82,33.89,76.86,5.78,35.05,49.76,203.2,jute,97,weather update day 97,rainfall,decrease,0.48,63.82,33.89,76.86,5.78,35.05,49.76,105.66,partial,UNKNOWN,jute,-2.8,1,0,6,1,7,7,-0.17681547453612503,-1.055302187485924,1.6150372433028986,-0.9084526216886674,1.7981880037629312,-1.0161333964091765,0.658677770949858,-0.159594570637898,-1.0525562941715856,1.6150372433028986,-0.7555939188871978,1.5801146609943009,-0.9190910388321052,-0.4705896096381151,0.4900563803140927,1.0746736353844635
40,64.27,57.26,37.93,6.74,26.32,57.64,208.84,jute,83,weather update day 83,humidity,decrease,0.35,64.27,57.26,37.93,6.74,26.32,57.44,208.84,failure,UNKNOWN,jute,1.9,0,0,6,0,7,7,-0.15715044883077098,0.47073933741865204,-0.5647922118943557,0.1597743593095497,0.0660598102618266,-0.4820829228243644,0.7352414421752409,-0.14100988644679782,0.4630316379141756,-0.5647922118943557,0.0713956350566705,0.04975166894549708,-0.4431557835169771,0.3925680297843495,0.16514787401927017,0.39003065773425005
41,73.55,18.5,37.2,7.38,21.5,73.88,100.96,groundnut,123,weather update day 123,humidity,unknown,0.36,73.55,18.5,37.2,7.38,21.5,73.88,100.96,failure,R2,groundnut,2.3,0,2,1,0,6,6,0.2483860812707568,-2.0602563624230843,-0.605667513777068,0.8719256799750275,-0.8902813000102613,0.6185490176600702,-0.7292423967953768,0.24224760087189437,-2.0506263957890383,-0.605667513777068,0.6227220043525825,-0.7951910139497191,0.5756431223919688,-0.5099077033121371,1.0934578920044775,0.44269550216888187
42,66.32,57.58,29.86,5.88,28.55,79.08,112.7,lentil,20,weather update day 20,rainfall,increase,0.35,66.32,57.58,29.86,5.88,28.55,79.08,113.1,unknown,R1,lentil,-4.0,1,1,0,3,8,8,-0.06756533172860171,0.49163507075067875,-1.0166602751731084,-0.7971789778346868,0.5085163820267138,0.970968111903855,-0.5698704995992788,-0.05634632513178511,0.48378423261967174,-1.0166602751731084,-0.6694491736847118,0.4406691342683876,0.897890951511587,-0.40834990390732295,-1.2969404043074313,0.39003065773425005
43,67.69,69.04,69.45,9.5,18.74,63.59,158.82,sugarcane,74,weather update day 74,soil_moisture,unknown,0.57,67.69,69.04,69.45,11.46,18.74,63.59,158.82,failure,R3,sugarcane,3.8,2,2,2,0,13,13,-0.0076962534700785665,1.2399635207038862,1.200124932411256,3.2309269296794234,-1.4378957117013327,-0.0788341515261876,0.0562139892153752,0.0002337134055650957,1.226986530510251,1.200124932411256,4.137427608614024,-1.2790171145287228,-0.06203575484665934,-0.02587687352939042,-0.043721880027401495,1.5486572352961496
44,71.38,50.989999999999995,43.87,6.62,26.05,42.78,129.32,mungbean,45,weather update day 45,temperature,decrease,0.32,71.38,60.68,43.87,6.62,25.97,42.78,129.32,partial,R2,mungbean,0.0,3,0,1,1,11,11,0.1535569573138262,0.06131356244425328,-0.23219044041036682,0.026245986684772443,0.012488835205091472,-1.489188257528718,-0.3442520216266087,0.15262812377258805,0.6848249938291652,-0.23219044041036682,-0.031978059186313135,-0.011603090185898527,-1.351646778688823,-0.2726606529727196,-0.7167466430666768,0.2320361244303548
45,109.63,76.16,60.58,5.16,17.01,56.77,146.71,sugarcane,56,weather update day 56,humidity,decrease,0.35,109.63,76.16,60.58,5.16,17.01,56.57,146.71,success,R1,sugarcane,-0.3,0,0,0,2,13,13,1.8250841422689377,1.70489358734148,0.703462017754188,-1.5983492135833492,-1.7811467741018947,-0.541045348207459,-0.10818070201501187,1.7323262800161197,1.6887317627075384,0.703462017754188,-1.2896913391426128,-1.5822849239496193,-0.49707032415814384,-0.1271837063788383,-0.4614613881207448,0.39003065773425005
46,0.0,81.76,40.6,6.62,16.54,64.07,163.71,banana,147,weather update day 147,temperature,unknown,0.44,-16.35,81.76,40.6,6.62,16.54,64.07,163.71,failure,R6,banana,-0.3,3,2,5,0,0,0,-2.965753120126588,2.070568920651948,-0.4152893954192292,0.026245986684772443,-1.8743999529043602,-0.0463031582113774,0.12259632118206358,-3.4705593075279357,2.0519021700537206,-0.4152893954192292,-0.031978059186313135,-1.6646756004974936,-0.03228980138946446,0.015030674995283592,1.650443902795602,0.8640142576459364
47,29.24,34.88,14.33,6.22,26.09,90.15,169.62,lentil,53,weather update day 53,unknown,increase,0.55,29.24,34.88,14.33,6.22,26.09,90.15,169.62,failure,R2,lentil,-0.7,4,1,1,0,8,8,-1.6879634498497922,-0.9906560124899664,-1.8862403275546487,-0.41884858873115177,0.020425275954237262,1.7212141452266816,0.20282527454057622,-1.5877243024784558,-0.9883529543014569,-1.8862403275546487,-0.3765570399962586,0.009432827230580058,1.5839070031181588,0.06447108640240476,-0.5310846394696354,1.4433275464268864
48,74.3,28.89,51.87,5.36,28.83,58.47,63.81,coconut,137,weather update day 137,humidity,increase,0.08,74.3,28.89,51.87,5.36,28.83,63.15,63.81,unknown,UNKNOWN,coconut,-1.7,0,1,6,3,3,3,0.28116112411301386,-1.3817980207988416,0.21575807337278327,-1.3758019258753873,0.5640714672707351,-0.42583141355083737,-1.2335580680760445,0.2732220745237283,-1.376815586444962,0.21575807337278327,-1.1174018487376403,0.48975294157350346,-0.08930287884908886,-0.820687954373821,1.4183663982993,-1.0319201420008084
49,59.65,53.36,47.7,7.45,38.63,57.04,120.63,maize,98,weather update day 98,humidity,increase,0.44,59.65,53.36,47.7,7.45,38.63,82.13,120.63,unknown,R6,maize,3.1,0,1,5,3,9,9,-0.3590447127390745,0.21607258743457647,-0.01773508943668341,0.9498172306728144,2.5084994508114953,-0.5227466644678781,-0.46221980583734895,-0.3318126441420949,0.21010938994094214,-0.01773508943668341,0.6830233259943231,2.2076861972525745,1.0869016974375165,-0.34535729851043245,0.5132641307637229,0.8640142576459364
50,74.76,37.39,51.97,9.5,27.62,73.71,222.55,coffee,28,weather update day 28,unknown,decrease,0.0,74.76,37.39,51.97,12.8,27.62,73.71,222.55,failure,R1,coffee,-0.1,4,0,0,0,4,4,0.30126315038959856,-0.8267551041668819,0.22135742979507275,3.2309269296794234,0.32399413460907034,0.6070276241944079,0.9213563238241765,0.2922197516968535,-0.825574789580222,0.22135742979507275,5.29176719432734,0.27764077429068,0.565108097209212,0.5072597455866561,-1.11127840071039,-1.453238897477863
51,37.89,43.41,78.19,6.11,26.08,63.7,244.09,jute,39,weather update day 39,rainfall,increase,0.53,37.89,43.41,78.19,6.11,26.08,63.7,373.46,success,R5,jute,1.3,1,1,4,2,7,7,-1.3099579557357601,-0.43365412085812954,1.6895086837193471,-0.5412495969705301,0.01844116576695046,-0.0713791322248768,1.2137643873338826,-1.230485373027304,-0.4351666016830771,1.6895086837193471,-0.471316259718993,0.007679834112539917,-0.055218973846052066,1.7697051745965815,-0.855993145764458,1.3379978575576228
52,55.43,56.22,58.42,7.12,22.33,76.07,198.03,rice,9,weather update day 9,temperature,unknown,0.41,55.43,56.22,58.42,7.12,22.33,76.07,198.03,success,R6,rice,-3.6,3,2,5,2,12,12,-0.5434589537981743,0.4028282040895652,0.5825159190327377,0.5826142059546772,-0.7256001544654831,0.7669716746588947,0.5884944056599241,-0.5060956825564139,0.3955857051213134,0.5825159190327377,0.3987456668261183,-0.6496925851524104,0.7113590350404232,0.30213641433409905,-1.5522256592533634,0.7060197243420409
53,88.75,72.82,25.06,7.0,22.34,54.47,179.44,maize,63,weather update day 63,rainfall,decrease,0.41,88.75,72.82,25.06,7.0,22.34,54.47,105.87,success,R6,maize,-1.6,1,0,5,2,9,9,0.9126269495405006,1.486794370688451,-1.2854293834429984,0.44908583332989993,-0.7236160442781963,-0.6969230245075947,0.33613294323441617,0.8699969335490626,1.4721265554689227,-1.2854293834429984,0.2953719725831347,-0.6479395920343702,-0.6272088705333743,-0.46883284375055234,-0.29900713497333353,0.7060197243420409
54,59.63,62.8,48.53,6.91,21.09,43.93,156.43,groundnut,65,weather update day 65,temperature,unknown,0.0,59.63,62.8,48.53,6.91,21.09,43.93,156.43,failure,R2,groundnut,-1.0,3,2,1,0,6,6,-0.3599187138815345,0.8324967207293645,0.028739568868318317,0.34893955386131725,-0.9716298176890075,-1.4112494193786504,0.023769454777668897,-0.3326386301061436,0.8223109337530766,0.028739568868318317,0.21784170190089713,-0.8670637317893537,-1.2803804318642922,-0.045870542440222734,-0.25259163407407315,-1.453238897477863
55,77.86,57.41,55.96,6.54,33.66,30.42,158.77,sugarcane,113,weather update day 113,temperature,increase,0.0,77.86,57.41,55.96,6.54,33.66,30.42,158.77,failure,R1,sugarcane,3.4,3,1,0,0,13,13,0.43673332747092763,0.48053421241803945,0.44477175104441896,-0.06277292839841239,1.5223966877301092,-2.3268613353850984,0.0555352332647958,0.4202475761244336,0.47275941668237687,0.44477175104441896,-0.10089385534830222,1.3364486175867591,-2.1176050802116073,-0.026295151121667106,0.8613803875081757,-1.453238897477863
56,71.74,87.34,41.91,7.76,34.21,76.3,135.89,groundnut,140,weather update day 140,rainfall,increase,0.1,71.74,87.34,41.91,7.76,34.21,76.3,149.48,success,R2,groundnut,-4.4,1,1,1,2,6,6,0.1692889778781096,2.434938270629164,-0.3419378262872387,1.294765526620155,1.631522748030867,0.7825594422889086,-0.2550634897204449,0.16749587112546835,2.4137755402308083,-0.3419378262872387,0.9500720361220303,1.4328632390789526,0.7256123044053296,-0.10401112776670213,1.4879896496481906,-0.9265904531315449
57,94.23,26.77,42.81,6.83,26.93,80.91,40.4,cotton,89,weather update day 89,rainfall,decrease,0.08,94.23,26.77,42.81,6.83,26.93,80.91,37.17,failure,R5,cotton,0.5,1,0,4,0,5,5,1.1521032625745926,-1.5202322541235187,-0.29154361848663396,0.2599206387781324,0.18709053168630235,1.0949925239165714,-1.5513516041374291,1.096317087698463,-1.5143015263688737,-0.29154361848663396,0.14892590573890804,0.1566842491459289,1.0112973990671448,-1.0435462555389157,0.3043943767170513,-1.0319201420008084
58,72.16,23.93,53.5,5.9,28.56,76.83,113.4,lentil,97,weather update day 97,temperature,decrease,0.0,72.16,23.93,53.5,5.9,28.56,76.83,113.4,failure,R4,lentil,0.1,3,0,3,0,8,8,0.18764300186977365,-1.705681887445256,0.3070275830561003,-0.7749242490638901,0.510500492214,0.818479080740679,-0.5603679162911639,0.18484157637049542,-1.6984808043801514,0.3070275830561003,-0.6522202246442141,0.4424221273864271,0.758456794680983,-0.4058402383536619,0.4900563803140927,-1.453238897477863
59,73.81,56.74,38.82,6.53,13.56,55.13,177.21,watermelon,146,weather update day 146,temperature,unknown,0.0,73.81,56.74,38.82,6.53,13.56,55.13,177.21,unknown,R6,watermelon,-2.9,3,2,5,3,14,14,0.25974809612273947,0.43678377075410885,-0.5149579397359801,-0.07390029278381026,-2.465664788715734,-0.6521929086997296,0.30586042783856465,0.25298541840453037,0.42930867151774477,-0.5149579397359801,-0.10950832986855068,-2.187067549673374,-0.5863081845297302,0.12796562491002744,1.6272361523459717,-1.453238897477863
60,74.3,28.89,51.87,5.36,28.83,58.47,63.81,coconut,137,weather update day 137,humidity,increase,0.08,74.3,28.89,51.87,5.36,28.83,63.15,63.81,unknown,UNKNOWN,coconut,-1.7,0,1,6,3,3,3,0.28116112411301386,-1.3817980207988416,0.21575807337278327,-1.3758019258753873,0.5640714672707351,-0.42583141355083737,-1.2335580680760445,0.2732220745237283,-1.376815586444962,0.21575807337278327,-1.1174018487376403,0.48975294157350346,-0.08930287884908886,-0.820687954373821,1.4183663982993,-1.0319201420008084
61,84.34,75.35,21.16,6.28,31.58,49.11,184.46,chickpea,95,weather update day 95,soil_moisture,increase,0.23,90.16,75.35,21.16,6.28,31.58,49.11,184.46,partial,R1,chickpea,-3.9,2,1,0,1,2,2,0.719909697628029,1.6520012623447873,-1.503804283912284,-0.3520844024187626,1.1097017687745196,-1.0601857831896495,0.40428004067261153,0.9282289440145104,1.6362017573592513,-1.503804283912284,-0.3248701928747664,0.971826049034467,-0.9593720174720574,0.18861587579016767,0.4436408794148324,-0.24194747548133141
62,43.5,66.1,66.85,6.26,26.08,63.59,52.89,groundnut,47,weather update day 47,humidity,decrease,0.35,43.5,66.1,66.85,6.26,26.08,41.34,52.89,success,R5,groundnut,4.6,0,0,4,2,6,6,-1.0648006352756771,1.0479839707158898,1.0545416654317317,-0.3743391311895593,0.01844116576695046,-0.0788341515261876,-1.3817983676826366,-0.998796310111586,1.036322066653505,1.0545416654317317,-0.342099141915264,0.007679834112539917,-1.4408846390604093,-0.9120397805270805,-0.6703311421674164,0.39003065773425005
63,82.37,66.94,101.37,6.42,21.33,76.3,82.33,jute,35,weather update day 35,humidity,increase,0.33,82.37,66.94,101.37,6.42,21.33,101.48,82.33,failure,UNKNOWN,jute,1.7,0,1,6,0,7,7,0.6338205850957005,1.1028352707124602,2.987439502406025,-0.19630130102318966,-0.924011173194132,0.7825594422889086,-0.9821468639813483,0.606507411017462,1.0907976277554323,2.987439502406025,-0.20426754959128587,-0.8249918969563972,2.286035446180711,-0.6657579341944836,-0.9488241475629786,0.28470096886498664
64,35.98,43.9,25.86,6.36,29.24,79.81,217.31,banana,27,weather update day 27,humidity,unknown,0.53,35.98,43.9,25.86,6.36,29.24,79.81,217.31,partial,R1,banana,3.9,0,2,0,1,0,0,-1.3934250648407083,-0.4016575291934635,-1.2406345320646834,-0.2630654873355778,0.6454199849494812,1.0204423309034636,0.8502227002034308,-1.3093670325939746,-0.4033891910402861,-1.2406345320646834,-0.2559543967127773,0.561625659413138,0.9431295890610721,0.46342425391604436,-1.1344861511600202,1.3379978575576228
65,69.06,71.81,55.72,9.5,21.13,53.88,209.98,cotton,40,weather update day 40,temperature,decrease,0.06,69.06,71.81,55.72,12.5,19.86,53.88,209.98,failure,R5,cotton,2.2,3,0,4,0,5,5,0.05217282478844458,1.4208422123592421,0.4313332956309244,3.2309269296794234,-0.9636933769398617,-0.7369090371237162,0.7507170778484563,0.05681375194291531,1.4066261784297012,0.4313332956309244,5.03333295871988,-1.0826818853082574,-0.6637716049911768,0.4021047588882611,-0.8327853953148278,-1.137249830870072
66,91.24,52.51,72.73,5.27,16.04,68.91,166.59,cotton,30,weather update day 30,rainfall,decrease,0.09,91.24,52.51,72.73,5.27,16.04,68.91,166.44,failure,R5,mango,-10.0,1,0,4,0,5,10,1.0214400917767938,0.1605682957713804,1.3837838230623476,-1.475948205343971,-1.9736054622686847,0.2817176910462993,0.16169266393545043,0.9728321860731511,0.15498531025446804,1.3837838230623476,-1.1949321194198785,-1.7523252563994869,0.2676485626372571,0.037868631533598374,-1.0648628998111296,-0.9792552975661767
67,96.63,61.43,71.08,6.59,27.58,93.51,99.84,mango,101,weather update day 101,rainfall,decrease,0.12,96.63,61.43,71.08,6.59,27.58,93.51,99.72,success,UNKNOWN,mango,-0.3,1,0,6,2,10,10,1.2569833996698148,0.7430368624016253,1.2913944420945724,-0.007136106471422119,0.3160576938599239,1.9489310984303578,-0.7444465300883606,1.1954354033843313,0.7334638876701717,1.2913944420945724,-0.057821482747059234,0.27062880181852006,1.7921286773185274,-0.5202809876006024,0.5828873821126135,-0.8212607642622813
68,72.29,50.03,28.39,7.39,27.48,70.92,101.61,coffee,126,weather update day 126,humidity,increase,0.37,72.29,50.03,28.39,7.39,27.48,97.16,101.61,failure,R3,coffee,-1.4,0,1,2,0,4,4,0.1933240092957653,-0.00137363755182647,-1.0989708145807622,0.8830530443604253,0.2962165919870594,0.4179412255520702,-0.7204185694378415,0.1902104851368137,-0.005847298713126445,-1.0989708145807622,0.631336478872831,0.25309887063812175,2.018321865065951,-0.5044700946125382,1.163081143353368,0.49536034660351375
69,39.54,42.03,44.52,7.34,22.94,76.95,149.9,watermelon,15,weather update day 15,temperature,increase,0.51,39.54,42.03,44.52,7.34,34.65,76.95,149.9,failure,R6,watermelon,3.0,3,1,5,0,14,14,-1.2378528614827946,-0.5237669708524945,-0.19579462366548556,0.827416222433435,-0.6045694330410066,0.826611829069382,-0.06487607236803128,-1.1623415309932692,-0.5246621663505288,-0.19579462366548556,0.5882641062715879,1.5099949362727065,0.7658932830452823,-0.10049759599157662,-1.4129791565555823,1.232668168688359
70,49.93,27.76,72.23,6.99,29.93,73.83,160.02,sugarcane,84,weather update day 84,temperature,unknown,0.33,49.93,27.76,72.23,6.99,29.93,73.83,160.02,unknown,R4,sugarcane,4.4,3,2,3,3,13,13,-0.7838092679747264,-1.455586079127561,1.3557870409509007,0.4379584689445021,0.7823235878722492,0.615160372523111,0.07250413202928664,-0.7332418226698628,-1.450098186498745,1.3557870409509007,0.2867574980628862,0.6825821845578892,0.5725445855735112,-0.015838211314746376,0.18835562446890033,0.28470096886498664
71,78.21,46.53,73.08,7.17,30.36,50.51,145.24,coffee,82,weather update day 82,rainfall,increase,0.54,78.21,46.53,73.08,7.17,30.36,50.51,223.66,failure,R4,coffee,-2.5,1,1,3,0,4,4,0.4520283474639807,-0.2299207208708687,1.40338157054036,0.6382510278816674,0.8676403259255682,-0.9653037193547847,-0.1281361269620531,0.4347023304952892,-0.23282880330448993,1.40338157054036,0.4418180394273613,0.7579608886336034,-0.8726129865552372,0.5165455081352016,0.14194012356963998,1.3906627019922546
72,70.52,12.97,63.96,4.66,33.38,81.25,256.45,coconut,67,weather update day 67,soil_moisture,decrease,0.2,66.29,12.97,63.96,4.66,33.38,81.25,256.45,failure,R5,coconut,0.8,2,0,4,0,3,3,0.1159749081880381,-2.421360754067171,0.892720264827569,-2.154717432853254,1.4668416024860886,1.118035310847896,1.381552858317168,-0.05758530407785793,-2.4092571730433927,0.892720264827569,-1.7204150651550443,1.287364810281644,1.0323674494326585,0.7908519531503461,-0.2061761331748128,-0.39994200878522684
73,87.66,69.04,33.23,7.55,21.91,78.47,228.99,cotton,34,weather update day 34,rainfall,decrease,0.0,87.66,69.04,33.23,7.55,21.91,78.47,228.99,success,R3,cotton,-0.3,1,0,2,2,5,5,0.8649938872764201,1.2399635207038862,-0.8279619637419565,1.0610908745267948,-0.8089327823315152,0.9296266412329496,1.0087800902588333,0.8249806985083972,1.226986530510251,-0.8279619637419565,0.7691680711968091,-0.7233182961100845,0.8600888023264011,0.5611338994719117,-0.9720318980126088,-1.453238897477863
74,50.88,38.11,39.65,8.3,31.02,89.19,41.21,rice,37,weather update day 37,humidity,increase,0.37,50.88,38.11,39.65,8.3,31.02,89.52,41.21,partial,R1,rice,-3.8,0,1,0,1,12,12,-0.7422942137078672,-0.7797397041698219,-0.46848328143097845,1.895643203431653,0.9985915982864765,1.6561521585970593,-1.540355757738039,-0.6940074893775398,-0.7788814514928559,-0.46848328143097845,1.415253660215457,0.8736584344242347,1.5448654392055892,-1.0097494260829478,-0.9024086466637182,0.49536034660351375
75,55.27,43.51,55.41,5.69,24.79,80.0,181.06,sugarcane,73,weather update day 73,humidity,increase,0.53,55.27,43.51,55.41,5.69,24.79,80.42,181.06,success,R4,sugarcane,-2.0,0,1,3,2,13,13,-0.5504509629378557,-0.4271242041918711,0.41397529072182715,-1.00859890115725,-0.2375090483930065,1.0333191824239094,0.3581246360331964,-0.512703570268805,-0.4286814158376095,0.41397529072182715,-0.8331241895694353,-0.21845627811460283,0.980931738246258,0.16017299951534325,-0.06692963047703168,1.3379978575576228
76,53.54,47.54,56.46,8.03,31.06,30.74,164.36,mango,98,weather update day 98,temperature,increase,0.1,53.54,47.54,56.46,8.03,34.17,30.74,164.36,success,R2,mango,5.2,3,1,1,2,10,10,-0.6260520617606622,-0.1639685625416595,0.47276853315586587,1.595204365025903,1.0065280390356222,-2.305174006508558,0.13142014853959888,-0.5841513561590355,-0.16732842626526803,0.47276853315586587,1.182662848168743,1.4258512666067933,-2.0977744445734774,0.02046828369488242,0.5132641307637229,-0.9265904531315449
77,64.08,49.65,31.69,4.66,25.27,60.86,252.59,wheat,87,weather update day 87,soil_moisture,increase,0.37,64.08,49.65,31.69,4.66,25.27,60.86,252.59,success,R6,wheat,2.0,2,1,5,2,15,15,-0.16545345968414266,-0.026187320883608367,-0.9141920526452126,-2.154717432853254,-0.14227175940325493,-0.26385417600417477,1.3291528989324204,-0.1488567531052623,-0.030491004925903217,-0.9141920526452126,-1.7204150651550443,-0.13431260844868914,-0.23121586513445902,0.758560923026575,0.2579788758177909,0.49536034660351375
78,0.0,59.69,37.21,6.07,32.42,60.86,154.38,cotton,89,weather update day 89,temperature,decrease,0.37,-2.78,59.69,37.21,6.07,20.42,60.86,154.38,success,R2,cotton,0.1,3,0,1,2,5,5,-2.965753120126588,0.6294163124087299,-0.6051075781348391,-0.5857590545121226,1.2763670245065855,-0.26385417600417477,-0.004059539196096238,-2.9101278309207532,0.6206216539590366,-0.6051075781348391,-0.5057741577999876,-0.9845142706980246,-0.23121586513445902,-0.06301992372357282,0.3043943767170513,0.49536034660351375
79,75.274,30.46,56.14,6.22,26.15,75.47,76.05,jute,135,weather update day 135,temperature,decrease,0.08,76.16,30.46,56.14,6.22,24.05,75.47,76.05,success,R1,jute,-2.7,3,0,0,2,7,7,0.32372497975082526,-1.2792783291385856,0.4548505926045398,-0.41884858873115177,0.03232993707795594,0.7263079330153815,-1.0673986113741503,0.3500387691802765,-1.2749981686711218,0.4548505926045398,-0.3765570399962586,-0.34817776884955276,0.6741765932189292,-0.7182935997844533,1.3719508974000396,-1.0319201420008084
80,83.6,58.63,43.45,6.81,25.06,73.3,147.98,groundnut,117,weather update day 117,humidity,decrease,0.0,83.6,58.63,43.45,6.81,25.06,73.3,147.98,success,R2,groundnut,-2.9,0,0,1,2,6,6,0.6875716553570017,0.5601991957463917,-0.2557077373839819,0.2376659100073357,-0.18393807333627138,0.5792407340713406,-0.09094030087028943,0.6573055478064692,0.5518786839970811,-0.2557077373839819,0.1316969566984104,-0.1711254639275265,0.5397000952978577,-0.116559455535007,0.9542113893066964,-1.453238897477863
81,53.27,59.07,45.02,7.25,24.6,44.56,60.78,lentil,84,weather update day 84,unknown,decrease,0.38,53.27,59.07,45.02,7.25,24.6,44.56,60.78,success,UNKNOWN,lentil,-5.7,4,0,6,2,8,8,-0.6378510771838746,0.5889308290779283,-0.16779784155403868,0.7272699429648523,-0.27520714195144935,-1.368552490652961,-1.2746906786811705,-0.5953021666736955,0.580413501717138,-0.16779784155403868,0.5107338355893504,-0.25176314735735994,-1.241338867951723,-0.8460355764657969,0.18835562446890033,0.5480251910381456
82,61.78,61.07,43.94,5.55,33.22,36.95,241.1,lentil,27,weather update day 27,soil_moisture,increase,0.0,61.78,61.07,43.94,5.55,33.22,36.95,241.1,unknown,R1,lentil,1.5,2,1,0,3,8,8,-0.2659635910670643,0.7195291624030953,-0.22827089091476424,-1.164382002552824,1.435095839489504,-1.8843042804981918,1.1731747814892204,-0.24384513897088633,0.7101172186264886,-0.22827089091476424,-0.9537268328529167,1.2593169203930055,-1.71293617172101,0.6624407323213596,-1.1344861511600202,-1.453238897477863
83,96.28,59.66,35.81,7.5,30.26,55.41,197.4,coconut,139,weather update day 139,rainfall,decrease,0.56,96.28,59.66,35.81,7.5,30.26,55.41,196.3,success,R6,coconut,-0.7,1,0,5,2,3,3,1.2416883796767617,0.6274573374088523,-0.6834985680468904,1.0054540525998046,0.8477992240527037,-0.6332164959327569,0.5799420806826208,1.1809806490134755,0.6186760982053963,-0.6834985680468904,0.7260956985955661,0.7404309574532051,-0.5689563783463665,0.28766400964132083,1.4647818991985604,1.4959923908615183
84,81.55,69.54,67.28,6.76,32.93,67.82,106.21,groundnut,33,weather update day 33,temperature,increase,0.29,81.55,69.54,67.28,6.76,33.02,67.82,106.21,success,R1,groundnut,0.1,3,1,0,2,6,6,0.5979865382548324,1.2726131040351778,1.0786188980475764,0.1820290880803454,1.377556644058196,0.20784522706058264,-0.6579730219845153,0.5726419864914566,1.2594124597375886,1.0786188980475764,0.08862458409716739,1.2242570580322087,0.20010045999487544,-0.46598855612307,-0.995239648462239,0.07404159112645924
85,74.76,41.32,28.57,7.53,29.02,56.79,163.18,jute,69,weather update day 69,rainfall,increase,0.21,74.76,41.32,28.57,7.53,29.02,56.79,163.52,success,R4,jute,-4.4,1,1,3,2,7,7,0.30126315038959856,-0.5701293791829288,-1.0888919730206412,1.0388361457559991,0.6017695608291785,-0.5396898901526754,0.11540150810591944,0.2922197516968535,-0.5707069858533482,-1.0888919730206412,0.7519391221563122,0.5230598108162612,-0.48343676215692927,0.01344122014463166,-0.1597606322755524,-0.34727716435059514
86,61.27,65.72,28.77,6.78,24.08,53.57,305.16,mungbean,116,weather update day 116,rainfall,decrease,0.32,61.27,65.72,28.77,6.78,24.08,53.57,304.18,success,R6,mungbean,1.3,1,0,5,2,11,11,-0.288250620199799,1.0231702873841084,-1.0776932601760625,0.2042838168511421,-0.3783808716903474,-0.7579186369728651,2.0427969053718473,-0.2649077810541333,1.0116783604407287,-1.0776932601760625,0.10585353313766505,-0.3429187894954336,-0.6829825332656158,1.1901397427378073,0.9310036388570662,0.2320361244303548
87,64.6,35.32,40.0,6.8,29.78,51.17,202.18,sugarcane,36,weather update day 36,soil_moisture,increase,0.0,64.6,35.32,40.0,6.8,29.78,51.17,202.18,failure,R6,sugarcane,4.1,2,1,5,0,13,13,-0.14272942998017793,-0.9619243791584298,-0.44888553395296554,0.22653854562193784,0.7525619350629521,-0.9205736035469194,0.6448311495580337,-0.12738111803999094,-0.9598181365813999,-0.44888553395296554,0.12308248217816194,0.6562872877872914,-0.8317123005515932,0.3368534544930759,-0.9256163971133484,-1.453238897477863
88,35.85,46.24,62.14,7.58,24.78,72.38,-21.36,blackgram,31,weather update day 31,humidity,increase,0.28,35.85,46.24,62.14,7.58,24.78,72.58,-21.36,success,R6,blackgram,-1.3,0,1,5,2,1,1,-1.3991060722666993,-0.24885747920301787,0.7908119779419024,1.0944729676829894,-0.2394931585802926,0.5168896635512862,-2.389750954293393,-1.3147359413602921,-0.2516358422563457,0.7908119779419024,0.7950114947575552,-0.22020927123264236,0.4950811651120645,-1.5331820050581717,-1.0416551493614994,0.021376746691827677
89,54.76,47.21,54.79,5.06,21.49,54.12,73.28,groundnut,129,weather update day 129,rainfall,unknown,0.14,54.76,47.21,54.79,5.06,21.49,54.12,73.28,failure,R6,groundnut,0.3,1,2,5,0,6,6,-0.5727379920705907,-0.18551728754031196,0.37925928090363314,-1.709622857437331,-0.8922654101975481,-0.7206435404663111,-1.105001691036262,-0.5337662123520522,-0.18872953955531077,0.37925928090363314,-1.3758360843450996,-0.7969440070677593,-0.6488986282625794,-0.7414661783965896,1.2327043947022587,-0.7159310753930176
90,79.03,59.66,60.31,6.38,29.34,62.16,184.76,wheat,14,weather update day 14,temperature,unknown,0.0,79.03,59.66,60.31,6.38,29.34,62.16,184.76,success,R5,wheat,1.5,3,2,4,2,15,15,0.4878623943048488,0.6274573374088523,0.6883437554140069,-0.24081075856478207,0.6652610868223463,-0.1757494024432288,0.4083525763760891,0.4685677550212946,0.6186760982053963,0.6883437554140069,-0.2387254476722804,0.579155590593537,-0.1506539078545547,0.1911255413438285,-1.4361869070052125,-1.453238897477863
91,80.48,54.07,52.64,5.68,17.56,82.13,117.27,watermelon,139,weather update day 139,humidity,decrease,0.43,80.48,54.07,52.64,5.68,17.56,46.82,117.27,failure,R1,watermelon,-0.1,0,0,0,0,14,14,0.5512274771332126,0.2624349957650108,0.25887311782441164,-1.019726265542649,-1.6720207138011385,1.1776754652583823,-0.5078322057163004,0.5284517374148404,0.25615420944376166,0.25887311782441164,-0.8417386640896846,-1.4858703024574271,-1.1012850037574275,-0.3734655527114354,1.4647818991985604,0.8113494132113045
92,57.25,55.18,66.25,5.94,19.47,54.84,87.36,jute,123,weather update day 123,temperature,increase,0.52,57.25,55.18,66.25,5.94,29.6,54.84,87.36,failure,R6,jute,4.8,3,1,5,0,7,7,-0.46392484983429716,0.33491707076047844,1.0209455268979957,-0.7304147915222977,-1.293055668029419,-0.6718470504940943,-0.9138640153530372,-0.4309309598279635,0.32813977232845115,1.0209455268979957,-0.6177623265632196,0.6247334116625738,-0.6042796980767857,-0.6236792084114345,1.0934578920044775,1.285333013122991
93,66.81,56.45,63.25,6.62,24.4,65.37,129.65,mango,100,weather update day 100,soil_moisture,decrease,0.46,66.81,56.45,63.25,6.62,24.4,65.37,129.65,failure,R1,mango,-4.9,2,0,0,0,10,10,-0.04615230373832668,0.4178470124219597,0.8529648342293145,0.026245986684772443,-0.3148893456971797,0.04180161534956952,-0.3397722323527829,-0.036109669012586554,0.41050163256588895,0.8529648342293145,-0.031978059186313135,-0.2868230097181578,0.04827215589044074,-0.2699000208636924,0.5596796316629833,0.9693439465152001
94,79.21,48.91,62.11,8.04,26.69,75.38,246.38,lentil,28,weather update day 28,rainfall,unknown,0.16,79.21,48.91,62.11,8.04,26.69,75.38,246.38,failure,R1,lentil,0.5,1,2,0,0,8,8,0.49572840458699013,-0.07450870421392028,0.7891321710152155,1.6063317294113009,0.13947188719142692,0.7202083717688542,1.2448514098704297,0.4760016286977345,-0.07848138018236306,0.7891321710152155,1.1912773226889912,0.11461241431297235,0.6685992269457048,0.7066108460657927,-1.11127840071039,-0.6106013865237541
95,47.3,42.13,37.91,6.08,33.19,64.21,206.08,sugarcane,115,weather update day 115,rainfall,increase,0.0,47.3,42.13,37.91,6.08,33.19,64.21,206.08,failure,R1,sugarcane,0.5,1,1,0,0,13,13,-0.8987404182082414,-0.517237054186236,-0.5659120831788137,-0.5746316901267248,1.4291435089276443,-0.03681495182789085,0.6977741137032453,-0.8418589769422941,-0.5181769805050611,-0.5659120831788137,-0.49715968327973914,1.2540579410388857,-0.023613898297782404,0.36947910669066863,0.9077958884074361,-1.453238897477863
96,52.05,30.32,57.05,6.22,23.52,73.93,58.36,coconut,119,weather update day 119,rainfall,decrease,0.26,52.05,30.32,57.05,6.22,23.52,73.93,43.19,partial,R3,coconut,-4.8,1,0,2,1,3,3,-0.6911651468739464,-1.2884202124713473,0.505804736047373,-0.41884858873115177,-0.48949104217839057,0.6219376627970304,-1.3075424666892248,-0.645687310480679,-1.2840774288547763,0.505804736047373,-0.3765570399962586,-0.44108640410566596,0.5787416592104274,-0.9931856334287854,1.0006268902059567,-0.08395294217743601
97,63.23,68.22,47.74,6.71,33.01,103.0,118.4,lentil,38,weather update day 38,soil_moisture,unknown,0.39,63.23,68.22,47.74,6.71,33.01,103.0,118.4,failure,R2,lentil,-0.7,2,2,1,0,8,8,-0.20259850823870076,1.1864182040405673,-0.015495346867767709,0.12639226615335514,1.3934295255564875,2.5920959454252643,-0.49249232123320047,-0.18396115657734086,1.1738080065774168,-0.015495346867767709,0.0455522114959244,1.222504064914168,2.3802309654618297,-0.36401247912597895,-0.8792008962140881,0.6006900354727774
98,75.3,42.95,46.87,9.5,24.45,52.87,155.05,mango,145,weather update day 145,humidity,increase,0.0,75.3,42.95,46.87,12.94,24.45,52.87,155.05,partial,R5,mango,-1.8,0,1,4,1,10,10,0.3248611812360233,-0.46369173752291754,-0.06420974774168554,3.2309269296794234,-0.3049687947607471,-0.8053596688902978,0.005035790541671069,0.3145213727261736,-0.4649984565722273,-0.06420974774168554,5.41236983761082,-0.2780580441279583,-0.726362048724026,-0.05741500398706318,1.6040284018963415,-1.453238897477863
99,71.54,30.76,65.93,6.1,18.22,58.58,240.05,watermelon,64,weather update day 64,temperature,decrease,0.58,71.54,30.76,65.93,6.1,7.65,58.58,240.05,failure,R1,watermelon,-0.6,3,0,0,0,14,14,0.1605489664535082,-1.2596885791398105,1.0030275863466702,-0.552376961355929,-1.5410694414402302,-0.41837639424952655,1.1589209065270483,0.15923601148497976,-1.2555426111347192,1.0030275863466702,-0.4799307342392422,-3.223086482434936,-0.3725091440561378,0.6536569028835463,-0.27579938452370334,1.6013220797307814
100,92.89,48.48,25.4,5.82,21.28,51.12,184.19,mungbean,108,weather update day 108,unknown,decrease,0.51,92.89,48.48,25.4,5.82,21.28,51.12,184.19,failure,UNKNOWN,mungbean,2.6,4,0,6,0,11,11,1.0935451860297598,-0.10258734587883117,-1.2663915716072145,-0.863943164147075,-0.9339317241305639,-0.9239622486838791,0.40061475853948136,1.040976028107186,-0.10636767931787341,-1.2663915716072145,-0.7211360208062033,-0.833756862546596,-0.8348108373700514,0.18635717679187272,0.7453416352600247,1.232668168688359
101,48.76,70.96,42.98,6.58,32.46,71.398,187.86,coconut,122,weather update day 122,temperature,unknown,0.56,48.76,70.96,42.98,6.58,32.46,57.72,187.86,failure,R1,coconut,2.7,3,2,0,0,3,3,-0.8349383348086474,1.3653379206960456,-0.28202471256874234,-0.018263470856819976,1.2843034652557312,0.45033667306140235,0.4504354453120267,-0.781562001566724,1.3515020987432267,-0.28202471256874234,-0.06643595726730768,1.126089443421976,-0.425803977333613,0.2170587520649921,1.0702501415548473,1.4959923908615183
102,60.5,15.7,50.26,6.49,21.69,66.42,500.0,jute,22,weather update day 22,unknown,decrease,0.08,60.5,15.7,50.26,6.49,21.69,66.42,812.38,partial,UNKNOWN,jute,1.0,4,0,6,1,7,7,-0.32189966418451643,-2.2430940290783177,0.12560843497392435,-0.11840975032540267,-0.8525832064518177,0.11296316322571814,4.687773093590564,-0.29670824067001633,-2.2322115994621288,0.12560843497392435,-0.14396622794954522,-0.7618841447069614,0.11334142907805574,5.4415131906394985,-1.2505249034081711,-1.0319201420008084
103,71.56,73.16,54.93,4.33,27.31,43.25,92.04,coffee,125,weather update day 125,humidity,increase,0.0,71.56,73.16,54.93,4.33,27.31,43.25,92.04,failure,R5,coffee,-2.4,0,1,4,0,4,4,0.16142296759596822,1.5089960873537296,0.3870983798948383,-2.521920457571391,0.26248671880318875,-1.4573349932412991,-0.8503324583787834,0.1600619974490285,1.4941761873435124,0.3870983798948383,-2.0046927243232493,0.2232979876314437,-1.322520532595319,-0.5845284257743233,1.139873392903738,-1.453238897477863
104,119.95,50.69,36.46,8.76,19.41,65.3,160.78,rice,41,weather update day 41,soil_moisture,decrease,0.17,119.95,50.69,36.46,8.76,19.41,65.3,160.78,success,R4,rice,4.0,2,0,3,2,12,12,2.2760687317783956,0.04172381244547842,-0.6471027513020094,2.4075019651599643,-1.3049603291531375,0.03705751215782577,0.08282122247809695,2.1585350374653554,0.03695492786695902,-0.6471027513020094,1.8115194881468932,-1.1615665756200515,0.04393420434459927,-0.00948039191213865,-0.8095776448651976,-0.5579365420891222
105,99.02,77.11,17.71,5.68,24.6,50.53,180.36,groundnut,4,weather update day 4,rainfall,increase,0.35,99.02,77.11,17.71,5.68,24.6,50.53,180.99,success,R1,groundnut,-2.2,1,1,0,2,6,6,1.3614265361938074,1.7669277956709346,-1.6969820804812674,-1.019726265542649,-0.27520714195144935,-0.9639482613000007,0.3486220527250817,1.2941407260881754,1.75034102823948,-1.6969820804812674,-0.8417386640896846,-0.25176314735735994,-0.8713735718278539,0.15958741088615574,-1.6682644115015144,0.39003065773425005
106,78.73,69.9,70.0,6.59,33.57,95.54,151.68,mungbean,45,weather update day 45,temperature,decrease,0.0,78.73,69.9,70.0,6.59,33.57,95.54,151.68,failure,R3,mungbean,1.3,3,0,2,0,11,11,0.47475237716794605,1.296120804033708,1.2309213927338474,-0.007136106471422119,1.5045396960445314,2.0865100909909122,-0.0407123605273963,0.45617796556056117,1.2827591287812716,1.2309213927338474,-0.057821482747059234,1.3206716795244011,1.9179292721479169,-0.0856069137065215,-0.7167466430666768,-1.453238897477863
107,46.33,53.43,41.89,5.85,29.5,74.0,121.13,blackgram,101,weather update day 101,humidity,decrease,0.27,46.33,53.43,41.89,5.85,29.5,54.02,121.13,success,R1,blackgram,-6.3,0,0,0,2,1,1,-0.9411294736175604,0.22064352910095733,-0.3430576975716963,-0.8305610709908814,0.6970068498189301,0.6266817659887732,-0.45543224633155266,-0.8819192961986659,0.21464902003276942,-0.3430576975716963,-0.695292597245458,0.6072034804821749,-0.6550957018994947,-0.3411745225876642,0.5828873821126135,-0.03128809774280417
108,74.6,65.81,43.91,6.25,21.28,52.93,191.13,sugarcane,110,weather update day 110,temperature,decrease,0.41,74.6,65.81,43.91,6.25,12.55,52.93,191.13,partial,R5,sugarcane,-2.6,3,0,4,1,13,13,0.2942711412499166,1.029047212383741,-0.22995069784145114,-0.38546649557495716,-0.9339317241305639,-0.8012932947259462,0.49482608447993454,0.2856118639844618,1.0175150277016496,-0.22995069784145114,-0.35071361643551247,-2.3641198545954003,-0.7226438045418765,0.24441410659989657,0.7917571361592851,0.7060197243420409
109,65.76,43.6,57.03,7.43,27.29,69.72,232.31,cotton,92,weather update day 92,unknown,unknown,0.25,65.76,43.6,57.03,7.43,27.29,69.72,232.31,success,R3,cotton,0.5,4,2,2,2,5,5,-0.09203736371748648,-0.42124727919223837,0.5046848647629153,0.9275625019020177,0.25851849842861585,0.3366137422650428,1.0538494853773208,-0.07947393212515398,-0.42284474857668847,0.5046848647629153,0.6657943769538255,0.21979200139536403,0.3178448590962747,0.588907531599093,0.3740176280659418,-0.13661778661206786
110,95.17,52.09,29.6,6.1,29.29,66.15,226.57,lentil,93,weather update day 93,temperature,decrease,0.26,95.17,52.09,29.6,6.1,29.21,66.15,226.57,success,R2,lentil,0.2,3,0,1,2,8,8,1.1931813162702214,0.13314264577309567,-1.0312186018710607,-0.552376961355929,0.6553405358859137,0.09466447948613729,0.9759283022507789,1.1351384280087613,0.12774752970350478,-1.0312186018710607,-0.4799307342392422,0.5563666800590189,0.0966093302583835,0.540889264005713,0.397225378515572,-0.08395294217743601
111,102.94,47.33,33.0,6.69,26.88,27.46,148.14,jute,6,weather update day 6,rainfall,increase,0.14,102.94,47.33,33.0,6.69,26.88,27.46,168.88,failure,R2,jute,-0.1,1,1,1,0,7,7,1.5327307601160045,-0.1776813875408021,-0.8408404835132219,0.10413753738255942,0.17716998074986975,-2.5274691274930987,-0.08876828182843464,1.456033975041761,-0.1809473165407499,-0.8408404835132219,0.028323262455427514,0.14791928355572945,-2.301038459864313,0.058280578036707616,-1.621848910602254,-0.7159310753930176
112,53.52,64.04,32.78,6.41,30.7,54.32,174.67,cotton,52,weather update day 52,temperature,decrease,0.58,53.52,64.04,32.78,6.41,12.89,54.32,174.67,failure,UNKNOWN,coconut,-8.3,3,0,6,0,5,3,-0.6269260629031222,0.9134676873909686,-0.8531590676422585,-0.2074286654085875,0.9351000722933087,-0.7070889599184731,0.271379625549119,-0.5849773421230842,0.9027272382368746,-0.8531590676422585,-0.2128820241115343,-2.304518088582045,-0.6365044809887478,0.10671712322236436,-0.5542923899192655,1.6013220797307814
113,110.0,34.18,58.0,8.09,29.27,53.68,164.33,coffee,28,weather update day 28,humidity,unknown,0.58,110.0,34.18,58.0,8.09,29.27,53.68,164.33,success,UNKNOWN,coffee,4.1,0,2,6,2,4,4,1.8412531634044513,-1.036365429153775,0.5589986220591222,1.661968551338292,0.6513723155113408,-0.7504636176715542,0.1310128949692511,1.7476070203510248,-1.0337492552197298,0.5589986220591222,1.234349695290235,0.5668846387672579,-0.6761657522650084,0.02021731713951631,-1.11127840071039,1.6013220797307814
114,84.01,51.85,28.39,5.35,26.53,56.86,205.16,mango,49,weather update day 49,rainfall,unknown,0.0,84.01,51.85,28.39,5.35,26.53,56.86,205.16,success,UNKNOWN,mango,2.2,1,2,6,2,10,10,0.705488678777436,0.11747084577407552,-1.0989708145807622,-1.3869292902607862,0.10772612419484305,-0.5349457869609322,0.6852850042125798,0.6742382600694723,0.11218308367438258,-1.0989708145807622,-1.1260163232578895,0.08656452442433445,-0.4790988106110883,0.3617827989927748,-0.6239156412681561,-1.453238897477863
115,73.66,35.13,49.9,6.62,18.48,79.94,97.11,groundnut,23,weather update day 23,unknown,increase,0.0,73.66,35.13,49.9,6.62,18.48,79.94,97.11,success,R2,groundnut,0.3,4,1,1,2,6,6,0.2531930875542878,-0.9743312208243204,0.10545075185368263,0.026245986684772443,-1.489482576570781,1.0292528082595578,-0.7815066049900086,0.24679052367416332,-0.972139989687788,0.10545075185368263,-0.031978059186313135,-1.324594935597759,0.9511857847890622,-0.5421150779174528,-1.227317152958541,-1.453238897477863
116,104.12,23.53,25.86,6.07,24.22,86.98,152.95,lentil,110,weather update day 110,rainfall,increase,0.13,104.12,23.53,25.86,6.07,24.22,86.98,172.84,failure,R1,lentil,-1.0,1,1,0,0,8,8,1.584296827521156,-1.7318015541102891,-1.2406345320646834,-0.5857590545121226,-0.35060332906833647,1.5063740435434512,-0.023471959382673855,1.5047671469206467,-1.7244215477620215,-1.2406345320646834,-0.5057741577999876,-0.3183768858428753,1.38745976882793,0.09140816334503254,0.7917571361592851,-0.7685959198276494
117,49.97,42.84,54.71,6.55,23.81,87.43,29.36,blackgram,96,weather update day 96,soil_moisture,unknown,0.35,49.97,42.84,54.71,6.55,23.81,87.43,29.36,failure,R5,blackgram,0.9,2,2,4,0,1,1,-0.782061265689806,-0.4708746458558017,0.3747797957658018,-0.05164556401301454,-0.43195184674708254,1.5368718497760867,-1.7012209180254123,-0.7315898507417651,-0.4721321610022416,0.3747797957658018,-0.09227938082805379,-0.39024960368250994,1.4153466001940511,-1.1088812154525565,0.4668486298644625,0.39003065773425005
118,75.69,65.16,37.63,6.77,34.73,78.82,167.1,wheat,107,weather update day 107,humidity,unknown,0.3,75.69,65.16,37.63,6.77,34.73,78.82,167.1,unknown,UNKNOWN,wheat,-0.7,0,2,6,3,15,15,0.34190420351399703,0.9866027540530615,-0.5815902811612237,0.19315645246574328,1.7346964777697635,0.9533471571916655,0.16861597463136255,0.3306280990251273,0.9753613197061103,-0.5815902811612237,0.09723905861741584,1.524018881217025,0.8817785600556058,0.04338989575165249,0.7221338848103945,0.12670643556109107
119,88.83,65.41,74.62,6.58,25.72,41.63,213.89,jute,132,weather update day 132,unknown,unknown,0.0,88.83,65.41,74.62,6.58,25.72,41.63,213.89,success,R1,jute,-1.4,4,2,0,2,7,7,0.9161229541103413,1.0029275457187075,1.4896116594436168,-0.018263470856819976,-0.05298680097536304,-1.5671270956787857,0.8037957931837837,0.8733008774052582,0.9915742843197791,1.4896116594436168,-0.06643595726730768,-0.05542791813689522,-1.4229131255133538,0.4348140666043091,1.3023276460511493,-1.453238897477863
120,61.59,68.87,54.94,7.53,29.58,73.484,172.58,mango,36,weather update day 36,humidity,increase,0.49,61.59,68.87,54.94,7.53,29.58,49.76,172.58,unknown,R6,mango,0.9,0,1,5,3,10,10,-0.27426660192043595,1.2288626623712469,0.38765831553706714,1.0388361457559991,0.7128797313172217,0.5917109481753512,0.24300762681489066,-0.25169200562935085,1.215961714572956,0.38765831553706714,0.7519391221563122,0.6212274254264936,-0.9190910388321052,0.08923311986519311,-0.9256163971133484,1.1273384798190953
121,68.48,51.2,93.44,6.8,15.82,56.86,34.06,cotton,74,weather update day 74,temperature,decrease,0.24,68.48,51.2,93.44,6.8,12.02,56.86,34.06,success,R1,cotton,-2.1,3,0,0,2,5,5,0.026826791657099173,0.07502638744339633,2.543410538118477,0.22653854562193784,-2.017255886388987,-0.5349457869609322,-1.6374178586709267,0.03286015898549712,0.07002937567884375,2.543410538118477,0.12308248217816194,-2.457028489851514,-0.4790988106110883,-1.0695631217785344,-0.043721880027401495,-0.1892826310466997
122,50.04,49.62,16.47,5.89,26.45,66.01,91.84,maize,88,weather update day 88,temperature,unknown,0.25,50.04,49.62,16.47,5.89,26.45,66.01,91.84,failure,UNKNOWN,maize,-3.7,3,2,6,0,9,9,-0.7790022616911954,-0.028146295883485946,-1.7664141001176559,-0.786051613449289,0.09185324269655076,0.08517627310265075,-0.8530474821811019,-0.728698899867594,-0.03243656067954355,-1.7664141001176559,-0.6608346991644634,0.07254057948001519,0.08793342716670145,-0.5862015361434306,0.2811866262674211,-0.13661778661206786
123,90.11,96.01,51.24,6.42,20.66,63.19,87.83,maize,142,weather update day 142,soil_moisture,increase,0.18,94.98,96.01,51.24,6.42,20.66,63.19,87.83,success,R5,maize,-0.6,2,1,4,2,9,9,0.9720590272277934,3.001082045593763,0.18048212791236046,-0.19630130102318966,-1.0569465557423263,-0.10594331262186371,-0.9074837094175886,1.127291561350297,2.9760411530328432,0.18048212791236046,-0.20426754959128587,-0.9424424358650679,-0.08682404939432262,-0.6197473990440323,1.534405150547451,-0.5052716976544905
124,79.3,66.34,51.27,6.08,24.9,76.28,120.52,watermelon,10,weather update day 10,soil_moisture,decrease,0.33,79.3,66.34,51.27,6.08,24.9,76.28,120.52,unknown,UNKNOWN,watermelon,2.7,2,0,6,3,14,14,0.49966140972806117,1.0636557707149106,0.18216193483904733,-0.5746316901267248,-0.21568383633285523,0.7812039842341251,-0.4637130689286242,0.4797185655359547,1.0518865126826276,0.18216193483904733,-0.49715968327973914,-0.1991733538161644,0.7243728896779468,-0.34627750921344147,-1.5290179088037332,0.28470096886498664
125,83.08,27.09,86.12,5.52,31.12,50.08,112.86,sugarcane,24,weather update day 24,temperature,decrease,0.0,83.08,27.09,86.12,5.52,31.12,50.08,112.86,failure,UNKNOWN,sugarcane,2.4,3,0,6,0,13,13,0.6648476256530369,-1.499336520791492,2.1335376480068953,-1.1977640957090185,1.0184327001593416,-0.994446067532636,-0.567698480557424,0.6358299127411978,-1.4935489316633774,2.1335376480068953,-0.9795702564136628,0.8911883656046337,-0.8992604031939748,-0.4103576363502517,-1.2041094025089107,-1.453238897477863
126,57.82,36.25,72.89,7.83,15.03,66.39,134.89,chickpea,13,weather update day 13,rainfall,decrease,0.56,57.82,36.25,72.89,7.83,15.03,66.39,59.35,success,R2,chickpea,3.5,1,0,1,2,2,2,-0.43901581727418176,-0.9011961541622271,1.3927427933380103,1.3726570773179418,-2.1740005911846203,0.11092997614354239,-0.26863860873203754,-0.40739035985256966,-0.8995059082185519,1.3927427933380103,1.010373357763771,-1.9293775613215136,0.11148230698698094,-0.8579983156049142,-1.4593946574548426,1.4959923908615183
127,84.36,75.13,78.24,7.09,23.08,45.49,65.99,mungbean,149,weather update day 149,temperature,increase,0.14,84.36,75.13,78.24,7.09,26.31,45.49,65.99,success,R6,mungbean,-7.4,3,1,5,2,11,11,0.7207836987704891,1.637635445679019,1.6923083619304917,0.5492321127984826,-0.5767918904189964,-1.3055236911055148,-1.2039643086307728,0.6886930144403278,1.6219343484992228,1.6923083619304917,0.3729022432653722,0.04799867582745694,-1.1837060831284067,-0.8024510513505513,1.6968594036948623,-0.7159310753930176
128,59.7,63.07,49.73,6.78,27.02,72.45,91.29,jute,23,weather update day 23,humidity,increase,0.22,59.7,63.07,49.73,6.78,27.02,72.61,91.29,unknown,R3,jute,-4.4,0,1,2,3,7,7,-0.35685970988292387,0.8501274957282623,0.0959318459357906,0.2042838168511421,0.2049475233718807,0.52163376674303,-0.8605137976374778,-0.3297476792319724,0.8398209355358391,0.0959318459357906,0.10585353313766505,0.17246118720828768,0.4969402872031393,-0.5908025896584757,-1.227317152958541,-0.29461231991596326
129,86.11,44.11,57.98,5.4,19.39,58.4,185.4,wheat,61,weather update day 61,humidity,increase,0.35,86.11,44.11,57.98,5.4,19.39,78.84,185.4,success,UNKNOWN,wheat,2.3,0,1,6,2,15,15,0.7972587987357556,-0.38794470419432087,0.5578787507746642,-1.3312924683337948,-1.3089285495277105,-0.43057551674258066,0.41704065254350864,0.7609667862946071,-0.38977030076480423,0.5578787507746642,-1.0829439506566456,-1.165072561856131,0.8830179747829896,0.19647949452497204,-0.34542263587259386,0.39003065773425005
130,75.86,39.28,81.58,6.88,20.04,74.85,91.52,lentil,21,weather update day 21,rainfall,increase,0.0,75.86,39.28,81.58,6.88,20.04,74.85,91.52,failure,R5,lentil,2.4,1,1,4,0,8,8,0.34933321322490873,-0.703339679174599,1.8793268664349572,0.3155574607051227,-1.179961387354089,0.6842887333170838,-0.8573915202648117,0.33764897971954305,-0.7030047771008857,1.8793268664349572,0.19199827834015104,-1.05112800918354,0.6357547366700513,-0.5888785127340024,-1.2737326538578013,-1.453238897477863
131,0.0,64.66,73.02,8.06,26.08,56.86,76.45,watermelon,106,weather update day 106,soil_moisture,decrease,0.0,-14.53,64.66,73.02,8.06,26.08,56.86,76.45,unknown,R6,watermelon,1.3,2,0,5,3,14,14,-2.965753120126588,0.9539531707217698,1.4000219566869863,1.6285864581820986,0.01844116576695046,-0.5349457869609322,-1.061968563769513,-3.3953945847994853,0.9429353904787726,1.4000219566869863,1.2085062717294897,0.007679834112539917,-0.4790988106110883,-0.7149473790462386,0.6989261343607643,-1.453238897477863
132,76.4,30.27,65.91,6.07,25.25,44.95,149.26,banana,145,weather update day 145,humidity,increase,0.29,76.4,30.27,65.91,6.07,25.25,57.98,149.26,failure,R2,banana,-1.0,0,1,1,0,0,0,0.3729312440713341,-1.2916851708044765,1.0019077150622118,-0.5857590545121226,-0.14623997977782782,-1.342121058584677,-0.07356414853545079,0.35995060074886376,-1.28732002177751,1.0019077150622118,-0.5057741577999876,-0.13781859468476879,-0.4096915858776322,-0.10585154917272016,1.6040284018963415,0.07404159112645924
133,53.25,63.44,64.66,6.63,29.38,64.43,164.03,blackgram,101,weather update day 101,soil_moisture,unknown,0.51,53.25,63.44,64.66,6.63,29.38,64.43,164.03,failure,R4,blackgram,3.5,2,2,3,0,1,1,-0.638725078326335,0.874288187393418,0.9319157597835945,0.0373733510701703,0.6731975275714921,-0.02190491322526831,0.12694035926577313,-0.5961281526377445,0.8638161231640689,0.9319157597835945,-0.02336358466606469,0.5861675630656963,-0.009980336296566989,0.01770765158585524,0.5828873821126135,1.232668168688359
134,49.99,37.17,26.29,5.79,11.75,73.17,273.25,mango,47,weather update day 47,soil_moisture,unknown,0.0,49.99,37.17,26.29,5.79,11.75,73.17,273.25,success,R2,mango,0.4,2,2,1,2,10,10,-0.7811872645473457,-0.8411209208326502,-1.2165572994488392,-0.8973252573032695,-2.8247887326145884,0.5704302567152463,1.609614857711925,-0.730763864777716,-0.8398421984402505,-1.2165572994488392,-0.7469794443669494,-2.50435930403859,0.5316438995698676,0.9313932241553607,-0.6703311421674164,-1.453238897477863
135,86.94,68.34,69.86,6.43,27.81,84.48,131.8,blackgram,148,weather update day 148,humidity,decrease,0.54,86.94,68.34,69.86,6.43,27.81,38.86,131.8,failure,UNKNOWN,blackgram,1.1,0,0,6,0,1,1,0.8335298461478534,1.1942541040400776,1.2230822937426422,-0.1851739366377918,0.36169222816751323,1.3369417866954778,-0.3105857264778586,0.7952452038026366,1.181590229591978,1.2230822937426422,-0.1956530750710374,0.31094764353343707,-1.5945720652559197,-0.2519140843957887,1.6736516532452321,1.3906627019922546
136,45.27,43.6,50.42,5.98,29.52,57.08,165.42,sugarcane,8,weather update day 8,temperature,decrease,0.34,45.27,43.6,50.42,5.98,29.41,57.08,165.42,failure,R4,sugarcane,0.3,3,0,3,0,13,13,-0.9874515341679503,-0.42124727919223837,0.13456740524958757,-0.6859053339807053,0.700975070193503,-0.5200357483583106,0.14580977469188677,-0.9256965522932578,-0.42284474857668847,0.13456740524958757,-0.5833044284822251,0.5914265424198161,-0.4654652486098737,0.029335768651150975,-1.5754334097029936,0.33736581329961846
137,96.63,54.34,60.7,6.58,23.95,70.56,245.44,mango,140,weather update day 140,humidity,unknown,0.59,96.63,54.34,60.7,6.58,23.95,70.56,245.44,success,UNKNOWN,mango,-3.1,0,2,6,2,10,10,1.2569833996698148,0.28006577076390854,0.7101812454609355,-0.018263470856819976,-0.4041743041250716,0.3935429805659621,1.2320907979995326,1.1954354033843313,0.2736642112265242,0.7101812454609355,-0.06643595726730768,-0.3657077000299517,0.369900277646367,0.6987472273309884,1.4879896496481906,1.6539869241654133
138,42.68,51.592000000000006,50.72,7.07,25.25,62.32,133.29,mungbean,37,weather update day 37,humidity,increase,0.07,42.68,49.66,50.72,7.07,25.25,66.68,133.29,unknown,R6,mungbean,0.5,0,1,5,3,11,11,-1.100634682116545,0.10062366077512926,0.15136547451645554,0.5269773840276869,-0.14623997977782782,-0.16490573800495828,-0.29035879915058577,-1.032661734637591,-0.029842486341356594,0.15136547451645554,0.3556732942248753,-0.13781859468476879,0.12945382053403695,-0.23944941214593937,-0.9024086466637182,-1.0845849864354402
139,76.39,74.8,50.52,7.3,19.05,67.37,84.16,sugarcane,132,weather update day 132,soil_moisture,increase,0.22,81.43,74.8,50.52,7.3,19.05,67.37,84.16,unknown,R2,sugarcane,-4.4,2,1,1,3,13,13,0.3724942435001038,1.6160867206803664,0.14016676167187703,0.7829067648918425,-1.3763882958954512,0.17734742082794822,-0.9573043961901337,0.5676860707071635,1.6005332352091801,0.14016676167187703,0.5538062081905933,-1.2246743278694865,0.17221362862875536,-0.6504489743171517,1.3023276460511493,-0.29461231991596326
140,85.16,71.89,33.03,7.06,25.87,96.59,99.94,groundnut,85,weather update day 85,unknown,unknown,0.55,85.16,71.89,33.03,7.06,25.87,96.59,99.94,partial,R5,groundnut,3.5,4,2,4,1,6,6,0.7557437444688965,1.4260661456922488,-0.839160676586535,0.515850019642288,-0.02322514816606528,2.1576716388670607,-0.7430890181872014,0.721732453002284,1.4118143271060752,-0.839160676586535,0.3470588197046261,-0.029133021366296828,1.9829985453355317,-0.5184405661945843,0.21156337491853053,1.4433275464268864
141,60.62,68.51,38.15,6.42,23.94,38.25,142.6,coconut,14,weather update day 14,rainfall,increase,0.37,60.62,68.51,38.15,6.42,23.94,38.25,143.13,failure,R1,coconut,-3.0,1,1,0,0,3,3,-0.3166556573297554,1.2053549623727169,-0.552473627765319,-0.19630130102318966,-0.40615841431235766,-1.7961995069372458,-0.16397444115265794,-0.291752324885723,1.192615045529273,-0.552473627765319,-0.20426754959128587,-0.36746069314799124,-1.6323742144411058,-0.15713238198585938,-1.4361869070052125,0.49536034660351375
142,85.16,29.9,67.92,6.39,29.0,41.78,500.0,mango,89,weather update day 89,temperature,unknown,0.39,85.16,29.9,67.92,6.39,29.0,41.78,1173.11,success,R4,mango,0.0,3,2,3,2,10,10,0.7557437444688965,-1.3158458624696325,1.1144547791502284,-0.22968339417938421,0.5978013404546056,-1.5569611602679074,4.687773093590564,0.721732453002284,-1.31131520940574,1.1144547791502284,-0.23011097315203197,0.5195538245801815,-1.4136175150579804,8.45921870787991,0.3043943767170513,0.6006900354727774
143,97.33,54.7,31.97,6.54,35.08,85.22,204.53,sugarcane,16,weather update day 16,humidity,unknown,0.55,97.33,54.7,31.97,6.54,35.08,85.22,204.53,failure,R1,sugarcane,2.4,0,2,0,0,13,13,1.2875734396559215,0.30357347076243857,-0.8985138546628025,-0.06277292839841239,1.8041403343247908,1.3870937347224777,0.6767326792352765,1.224344912126043,0.2970108802702072,-0.8985138546628025,-0.10089385534830222,1.5853736403484207,1.278391272818213,0.35651250133008683,-1.389771406105952,1.4433275464268864
144,63.6,70.86,53.74,6.48,35.48,44.59,83.43,mungbean,146,weather update day 146,humidity,increase,0.0,63.6,70.86,53.74,6.48,35.48,44.59,83.43,failure,R3,mungbean,5.1,0,1,2,0,11,11,-0.18642948710318707,1.3588080040297876,0.32046603846959487,-0.12953711471080054,1.8835047418162503,-1.3665193035707852,-0.9672142330685962,-0.16868041624243593,1.3450169128977596,0.32046603846959487,-0.15258070246979366,1.6554933650700152,-1.2394797458606481,-0.6565558271643932,1.6272361523459717,-1.453238897477863
145,67.864,31.75,80.85,6.54,28.59,75.66,219.36,banana,108,weather update day 108,rainfall,increase,0.26,81.74,31.75,80.85,6.54,28.59,75.66,219.93,unknown,R1,banana,3.1,1,1,0,3,0,0,-9.244353067463387e-05,-1.195042404143853,1.8384515645522443,-0.06277292839841239,0.5164528227758596,0.7391847845358274,0.878051694177196,0.580488853149921,-1.1913392712645907,1.8384515645522443,-0.10089385534830222,0.44768110674054695,0.6859510331290689,0.48534199975135023,0.7453416352600247,-0.08395294217743601
146,62.14,39.18,45.25,7.71,23.01,57.68,177.59,cotton,69,weather update day 69,rainfall,unknown,0.59,62.14,39.18,45.25,7.71,23.01,57.68,177.59,success,R2,cotton,-0.5,1,2,1,2,5,5,-0.2502315705027809,-0.7098695958408575,-0.1549193217827733,1.2391287046931647,-0.5906806617300011,-0.4793720067147969,0.31101897306296983,-0.22897739161800607,-0.7094899629463534,-0.1549193217827733,0.9069996635207873,-0.5304890531256988,-0.42828280678837927,0.13114453461133133,-0.1597606322755524,1.6539869241654133
147,48.53,56.87,35.13,7.94,33.72,74.06,231.66,watermelon,34,weather update day 34,rainfall,decrease,0.0,48.53,56.87,35.13,7.94,33.72,74.06,231.66,success,R2,watermelon,0.2,1,0,1,2,14,14,-0.8449893479469395,0.44527266242024444,-0.721574191718458,1.4950580855573212,1.5343013488538284,0.6307481401531247,1.0450256580197856,-0.7910608401532861,0.43773941311685227,-0.721574191718458,1.1051325774865062,1.3469665762949987,0.5867978549384176,0.5834699228994943,-0.9720318980126088,-1.453238897477863
148,81.42,67.03,65.17,7.02,24.42,76.38,103.63,coconut,86,weather update day 86,soil_moisture,increase,0.55,94.85,67.03,65.17,7.02,24.42,76.38,103.63,failure,R6,coconut,-0.7,2,1,5,0,3,3,0.5923055308288414,1.108712195712093,0.9604724775372706,0.47134056210069564,-0.3109211253226061,0.7879812745080436,-0.6929968290344244,1.1219226525839785,1.0966342950163535,0.9604724775372706,0.31260092162363157,-0.2833170234820775,0.7305699633148621,-0.48757167988455435,0.2347711253681607,1.4433275464268864
149,57.01,69.82,73.55,6.02,16.67,80.11,108.92,maize,91,weather update day 91,temperature,increase,0.22,57.01,69.82,73.55,6.02,20.33,80.11,108.92,failure,R2,maize,3.5,3,1,1,0,9,9,-0.4744128635438195,1.2908968707007005,1.4296985457251201,-0.6413958764391139,-1.8486065204696354,1.0407742017252202,-0.6211844494630991,-0.4408427913965504,1.277570980104897,1.4296985457251201,-0.5488465304012313,-1.000291208760384,0.9617208099718191,-0.4433179106216658,0.3508098776163116,-0.29461231991596326
150,75.57,45.43,60.59,5.53,34.14,53.28800000000001,135.34,chickpea,58,weather update day 58,humidity,unknown,0.52,75.57,45.43,60.59,5.53,34.14,40.88,135.34,success,R2,chickpea,1.3,0,2,1,2,2,2,0.3366601966592357,-0.30174980419971065,0.7040219533964173,-1.1866367313236197,1.6176339767198613,-0.7770305955453157,-0.2625298051768206,0.32567218324083363,-0.30416584760463283,0.7040219533964173,-0.9709557818934136,1.4205922872526735,-1.4693911777902218,-0.2223000308625893,-0.41504588722148444,1.285333013122991
151,95.41,66.33,72.36,6.14,20.88,77.23,118.99,rice,110,weather update day 110,rainfall,increase,0.0,95.41,66.33,72.36,6.14,20.88,77.23,118.99,partial,R2,rice,0.0,1,1,1,1,12,12,1.2036693299797434,1.0630027790482843,1.3630662042998767,-0.5078675038143365,-1.013296131622024,0.8455882418363552,-0.48448300101636094,1.145050259577348,1.0512379940980805,1.3630662042998767,-0.4454728361582477,-0.9038765872681911,0.7832450892286463,-0.35907680353711247,0.7917571361592851,-1.453238897477863
152,87.12,58.63,33.37,6.79,22.38,74.94,208.96,coffee,1,weather update day 1,humidity,increase,0.14,87.12,58.63,33.37,6.79,22.38,75.05,208.96,success,R6,coffee,-1.6,0,1,5,2,4,4,0.8413958564299954,0.5601991957463917,-0.8201228647507514,0.21541118123653996,-0.7156796035290505,0.6903882945636111,0.7368704564566321,0.8026790774790771,0.5518786839970811,-0.8201228647507514,0.1144680076579135,-0.6409276195622109,0.648148883943883,0.39357189600581394,-1.737887662850405,-0.7159310753930176
153,64.12,48.93,20.68,6.21,30.45,73.63,180.04,watermelon,83,weather update day 83,unknown,increase,0.29,64.12,48.93,20.68,6.21,30.45,73.63,180.04,success,R3,watermelon,0.1,4,1,2,2,14,14,-0.16370545739922202,-0.07320272088066841,-1.530681194739273,-0.4299759531165496,0.8854973176111465,0.6016057919752729,0.3442780146413717,-0.14720478117716423,-0.07718434301326935,-1.530681194739273,-0.38517151451650705,0.7737378266959622,0.5601504382996795,0.15164013663289586,0.16514787401927017,0.07404159112645924
154,64.69,68.12,71.53,7.18,21.17,70.39,267.51,coconut,136,weather update day 136,humidity,decrease,0.0,64.69,68.12,71.53,7.18,21.17,70.39,267.51,success,R3,coconut,-5.5,0,0,2,2,3,3,-0.13879642483910692,1.1798882873743093,1.316591545994875,0.6493783922670653,-0.9557569361907151,0.38202158710029976,1.5316936745853829,-0.12366418120177072,1.1673228207319497,1.316591545994875,0.45043251394760975,-0.8530397868450345,0.3593652524636102,0.8833749565619807,1.3951586478496698,-1.453238897477863
155,77.01,57.34,59.42,7.39,28.05,55.038,190.35,chickpea,91,weather update day 91,rainfall,increase,0.26,77.01,57.34,59.42,7.39,28.05,61.38,190.85,success,R1,chickpea,5.7,1,1,0,2,2,2,0.39958827891636983,0.47596327075165906,0.6385094832556314,0.8830530443604253,0.40931087266238936,-0.6584280157517354,0.4842374916508922,0.38514317265235537,0.46821978659055,0.6385094832556314,0.631336478872831,0.35301947836639425,-0.19899108222249703,0.24207175208314632,0.3508098776163116,-0.08395294217743601
156,65.86,34.53,62.8,5.83,28.76,59.84,143.13,maize,15,weather update day 15,soil_moisture,unknown,0.52,65.86,34.53,62.8,5.83,28.76,59.84,143.13,failure,R5,maize,0.4,2,2,4,0,9,9,-0.08766735800518578,-1.0135107208218708,0.8277677303290121,-0.8528157997616771,0.5501826959597302,-0.33298253679814765,-0.15677962807651383,-0.07534400230490969,-1.0110511047605932,0.8277677303290121,-0.7125215462859549,0.477481989747225,-0.29442601623099923,-0.15713238198585938,-1.4129791565555823,1.285333013122991
157,99.84,42.76,35.19,5.94,23.99,49.05,167.71,coconut,97,weather update day 97,soil_moisture,increase,0.14,104.03,42.76,35.19,5.94,23.99,49.05,167.71,partial,R3,coconut,0.9,2,1,2,1,3,3,1.3972605830346756,-0.4760985791888087,-0.7182145778650847,-0.7304147915222977,-0.3962378633759258,-1.0642521573540011,0.17689679722843427,1.5010502100824266,-0.47732030967861594,-0.7182145778650847,-0.6177623265632196,-0.3586957275577924,-0.963090261654207,0.04849288237742992,0.4900563803140927,-0.7159310753930176
158,85.73,41.61,-2.99,7.59,29.8,38.86,113.55,mungbean,92,weather update day 92,humidity,increase,0.32,85.73,41.61,-2.99,7.59,29.8,38.98,113.55,failure,R6,mungbean,4.7,0,1,5,0,11,11,0.7806527770290123,-0.5511926208507796,-2.8560488598951688,1.1056003320683874,0.756530155437525,-1.7548580362663404,-0.5583316484394251,0.7452730529776781,-0.5518999469014925,-2.8560488598951688,0.8036259692778036,0.6597932740233711,-1.587135576891621,-0.4045854055768315,0.3740176280659418,0.2320361244303548
159,42.63,31.2,-1.0,7.25,26.08,80.72,81.74,rice,136,weather update day 136,soil_moisture,decrease,0.0,42.63,31.2,-1.0,7.25,26.08,80.72,81.74,success,UNKNOWN,rice,0.1,2,0,6,2,12,12,-1.1028196849726952,-1.2309569458082739,-2.74462166709161,0.7272699429648523,0.01844116576695046,1.0821156723961256,-0.9901561841981881,-1.0347266995477133,-1.2270077934146622,-2.74462166709161,0.5107338355893504,0.007679834112539917,0.9995229591570051,-0.6706936097833501,1.3951586478496698,-1.453238897477863
160,72.22,28.6,54.45,4.8,16.74,77.28,117.19,mango,139,weather update day 139,rainfall,increase,0.56,72.22,28.6,54.45,4.8,16.74,77.28,182.82,partial,R4,mango,-4.3,1,1,3,1,10,10,0.1902650052971543,-1.4007347791309908,0.3602214690678495,-1.998934331457681,-1.8347177491586306,0.8489768869733144,-0.5089182152372277,0.18731953426264222,-1.3956226253968178,0.3602214690678495,-1.599812421871564,-1.6296157381366962,0.7863436260471041,0.17489637076348755,1.4647818991985604,1.4959923908615183
161,56.12,43.29,43.46,8.48,24.94,63.05800000000001,228.05,mungbean,4,weather update day 4,temperature,decrease,0.24,56.12,43.29,43.46,8.48,24.88,52.65,228.05,success,R2,mungbean,0.2,3,0,1,2,11,11,-0.513305914383298,-0.4414900208576394,-0.2551478017417531,2.0959357623688186,-0.20774739558370875,-0.11488933578343609,0.9960194783879363,-0.4775991667967267,-0.44294882469763797,-0.2551478017417531,1.570314201579932,-0.20267934005224406,-0.7399956107252406,0.5532702807371073,-1.6682644115015144,-0.1892826310466997
162,37.81,61.42,62.37,6.26,33.68,53.89,160.54,mungbean,60,weather update day 60,temperature,unknown,0.05,37.81,61.42,62.37,6.26,33.68,53.89,160.54,unknown,R1,mungbean,1.5,3,2,0,3,11,11,-1.3134539603056008,0.7423838707349996,0.8036904977131678,-0.3743391311895593,1.5263649081046826,-0.7362313080963244,0.07956319391531458,-1.2337893168834995,0.7328153690856251,0.8036904977131678,-0.342099141915264,1.3399546038228394,-0.6631518976274854,-0.011488124355067507,-0.36863038632222406,-1.1899146753047039
163,98.88,39.28,48.87,7.08,17.68,49.27,269.62,coffee,16,weather update day 16,soil_moisture,increase,0.37,98.99,39.28,48.87,7.08,17.68,49.27,269.62,failure,R3,coffee,-2.9,2,1,2,0,4,4,1.3553085281965862,-0.703339679174599,0.04777738070410199,0.5381047484130848,-1.6482113915537004,-1.049342118751379,1.5603371756998436,1.292901747142102,-0.7030047771008857,0.04777738070410199,0.36428776874512375,-1.4648343850409486,-0.949456699652992,0.901026270956063,-1.389771406105952,0.49536034660351375
164,43.56,39.98,45.53,9.5,25.77,68.25,180.75,maize,70,weather update day 70,temperature,increase,0.2,43.56,39.98,45.53,11.45,30.93,68.25,180.75,unknown,R2,maize,3.2,3,1,1,3,9,9,-1.0621786318482964,-0.6576302625107909,-0.13924112380036296,3.2309269296794234,-0.043066250038930456,0.23698757523843453,0.3539163491396026,-0.9963183522194392,-0.6576084761826133,-0.13924112380036296,4.1288131340937735,0.8578814963618759,0.2267478766336135,0.15757967844322687,-0.13655288182592223,-0.39994200878522684
165,89.78,59.35,39.12,6.14,27.38,53.02,258.72,watermelon,8,weather update day 8,unknown,unknown,0.12,89.78,59.35,39.12,6.14,27.38,53.02,258.72,failure,UNKNOWN,watermelon,1.1,4,2,6,0,14,14,0.9576380083772004,0.6072145957434517,-0.4981598704691122,-0.5078675038143365,0.2763754901141942,-0.795193733479419,1.4123683784734837,0.9125352106975814,0.5985720220844472,-0.4981598704691122,-0.4454728361582477,0.2355689394577228,-0.7170664382686521,0.8098417558397144,-1.5754334097029936,-0.8212607642622813
166,78.75,38.74,-8.55,7.14,28.47,85.29,24.59,cotton,81,weather update day 81,soil_moisture,decrease,0.47,78.64,38.74,-8.55,7.14,28.47,85.29,24.59,partial,R2,cotton,-2.0,2,0,1,1,5,5,0.47562637831040605,-0.7386012291723941,-3.167373076974458,0.6048689347254729,0.49264350052842154,1.3918378379142213,-1.7659742357107093,0.45246102872234095,-0.7380247806664103,-3.167373076974458,0.4159746158666152,0.42664518932406836,1.2827292243640545,-1.1487848977557658,0.1187323731200098,1.0220087909498317
167,93.85,31.13,61.16,6.97,25.29,70.08,211.77,cotton,56,weather update day 56,rainfall,unknown,0.41,93.85,31.13,61.16,6.97,25.29,70.08,211.77,partial,R6,cotton,2.6,1,2,5,1,5,5,1.1354972408678485,-1.2355278874746547,0.7359382850034663,0.41570374017370537,-0.13830353902868203,0.3610119872511509,0.7750165408792075,1.0806233543815333,-1.2315474235064894,0.7359382850034663,0.26952854902238854,-0.13080662221260947,0.34015432418917124,0.41707909669177173,-0.4614613881207448,0.7060197243420409
168,97.26,59.21,61.75,6.47,31.06,77.72,185.91,cotton,28,weather update day 28,rainfall,unknown,0.31,97.26,59.21,61.75,6.47,31.06,77.72,185.91,success,R5,cotton,-2.0,1,2,4,2,5,5,1.2845144356573113,0.59807271241069,0.7689744878949738,-0.14066447909619936,1.0065280390356222,0.8787969641785576,0.42396396323942076,1.2214539612518722,0.5894927619007926,0.7689744878949738,-0.16119517699004288,0.880670406896394,0.8136107500495331,0.20074592596619562,-1.11127840071039,0.17937127999572294
169,30.58,49.16,25.5,6.51,22.09,61.18,500.0,coffee,137,weather update day 137,rainfall,increase,0.32,30.58,49.16,25.5,6.51,22.09,61.18,1140.66,failure,R5,coffee,-5.1,1,1,4,0,4,4,-1.6294053733049594,-0.05818391254827441,-1.2607922151849251,-0.09615502155460695,-0.7732187989603585,-0.24216684712763417,4.687773093590564,-1.5323832428871789,-0.06226841556869424,-1.2607922151849251,-0.12673727890904832,-0.691764419985367,-0.21138522949632868,8.187756550492248,1.4183663982993,0.2320361244303548
170,52.93,49.79,51.63,5.86,18.8,69.04,258.82,cotton,76,weather update day 76,humidity,decrease,0.13,52.93,49.79,51.63,5.86,18.8,60.06,258.82,failure,R1,cotton,1.2,0,0,0,0,5,5,-0.652709096605698,-0.01704543755084664,0.20231961795928907,-0.8194337066054825,-1.4259910505776134,0.29052816840239454,1.4137258903746426,-0.609343928062527,-0.02141174474224864,0.20231961795928907,-0.6866781227252088,-1.2684991558204832,-0.2807924542297847,0.8106783110242678,0.0026936208718588727,-0.7685959198276494
171,67.77,37.93,41.02,6.17,23.61,46.17,142.34,mango,77,weather update day 77,temperature,increase,0.0,67.77,37.93,41.02,6.17,23.61,46.17,142.34,failure,R3,mango,-1.7,3,1,2,0,10,10,-0.004200248900237885,-0.7914935541690868,-0.3917720984456137,-0.47448541065814204,-0.4716340504928122,-1.2594381172428661,-0.16750397209567192,0.003537657261760647,-0.7905547860146974,-0.3917720984456137,-0.4196294125975016,-0.42530946604330716,-1.1415659823973796,-0.1637411679438332,0.025901371321489057,-1.453238897477863
172,53.78,62.93,59.75,4.99,24.58,51.77,126.54,banana,74,weather update day 74,rainfall,increase,0.29,53.78,62.93,59.75,4.99,24.58,51.77,126.91,partial,UNKNOWN,banana,-2.0,1,1,6,1,0,0,-0.6155640480511398,0.8409856123955005,0.6569873594491863,-1.7875144081351169,-0.27917536232602297,-0.8799098619034057,-0.38199085247883613,-0.5742395245904485,0.8307416753521846,0.6569873594491863,-1.4361374059868395,-0.2552691335934402,-0.7945298587300987,-0.2928216329204627,-0.043721880027401495,0.07404159112645924
173,71.67,58.96,65.14,7.0,30.83,81.01,156.29,mango,70,weather update day 70,temperature,decrease,0.36,71.67,58.96,65.14,7.0,19.73,81.01,156.29,failure,R2,mango,-1.8,3,0,1,0,10,10,0.16622997387949923,0.5817479207450441,0.9587926706105837,0.44908583332989993,0.9608935047280329,1.101769814190491,0.021868938116045723,0.16460492025129744,0.5732797972871239,0.9587926706105837,0.2953719725831347,-1.1054707958427756,1.0174944727040611,-0.04704171969859798,-0.13655288182592223,0.44269550216888187
174,28.82,61.98,63.78,6.25,32.26,82.05,156.19,lentil,55,weather update day 55,rainfall,unknown,0.05,28.82,61.98,63.78,6.25,32.26,82.05,156.19,failure,R4,lentil,-1.4,1,2,3,0,8,8,-1.706317473841456,0.778951404066046,0.8826414232674482,-0.38546649557495716,1.2446212615100007,1.1722536330392472,0.02051142621488653,-1.6050700077234825,0.7691324098202429,0.8826414232674482,-0.35071361643551247,1.091029581061178,1.0819440385279842,-0.04787827488315159,-0.48466913857037497,-1.1899146753047039
175,59.24,51.0,25.76,7.43,29.35,60.62,121.85,groundnut,125,weather update day 125,temperature,decrease,0.09,59.24,51.0,25.76,7.43,29.33,60.62,121.85,failure,R6,groundnut,1.9,3,0,5,0,6,6,-0.37696173615950823,0.06196655411087945,-1.2462338884869726,0.9275625019020177,0.6672451970096331,-0.28011967266158033,-0.4456581606432059,-0.3487453564050973,0.0570590039879085,-1.2462338884869726,0.6657943769538255,0.5774025974754968,-0.2460888418630569,-0.33515132525887786,1.139873392903738,-0.9792552975661767
176,90.02,38.27,32.74,7.15,30.61,77.77,71.05,chickpea,68,weather update day 68,soil_moisture,decrease,0.26,90.02,38.27,32.74,7.15,30.61,77.77,71.05,partial,R2,chickpea,-1.4,2,0,1,1,2,2,0.9681260220867224,-0.7692918375038083,-0.8553988102111741,0.6159962991108717,0.9172430806077304,0.8821856093155168,-1.1352742064321137,0.922447042266168,-0.7685051541401077,-0.8553988102111741,0.4245890903868644,0.8017857165846001,0.8167092868679908,-0.7601213590121362,-0.1829683827251826,-0.08395294217743601
177,67.73,73.99,60.12,6.74,24.0,56.25,234.34,mango,51,weather update day 51,soil_moisture,increase,0.18,71.38,73.99,60.12,6.74,24.0,56.25,234.34,success,R1,mango,0.6,2,1,0,2,10,10,-0.005948251185157915,1.5631943956836738,0.6777049782116569,0.1597743593095497,-0.394253753188639,-0.5762872576318376,1.081406976970854,0.15262812377258805,1.548003229860893,0.6777049782116569,0.0713956350566705,-0.3569427344397522,-0.5169009597962742,0.6058896018455323,-0.5775001403688957,-0.5052716976544905
178,61.01,75.98,45.29,6.76,34.1,62.68,197.46,maize,124,weather update day 124,humidity,unknown,0.53,61.01,75.98,45.29,6.76,34.1,62.68,197.46,failure,R3,maize,1.2,0,2,2,0,9,9,-0.2996126350517817,1.6931397373422155,-0.15267957921385758,0.1820290880803454,1.6096975359707155,-0.14050749301885015,0.5807565878233163,-0.2756455985867693,1.6770584281856973,-0.15267957921385758,0.08862458409716739,1.4135803147805142,-0.11842912494259271,0.29736804978214326,1.1166656424541077,1.3379978575576228
179,75.82,64.37,33.76,9.5,19.17,75.52,181.13,groundnut,69,weather update day 69,soil_moisture,decrease,0.28,69.45,64.37,33.76,13.94,19.17,75.52,181.13,failure,R6,groundnut,1.5,2,0,5,0,6,6,0.34758521093998807,0.9350164123896211,-0.7982853747038228,3.2309269296794234,-1.352578973648013,0.7296965781523408,0.3590748943640078,0.072920478241869,0.9241283515269173,-0.7982853747038228,6.273817289635683,-1.203638410453008,0.6772751300373868,0.16075858814453076,-0.1597606322755524,0.021376746691827677
180,79.26,29.49,63.27,5.51,28.76,74.38,108.19,banana,84,weather update day 84,rainfall,decrease,0.0,79.26,29.49,63.27,5.51,28.76,74.38,108.19,success,UNKNOWN,banana,1.7,1,0,6,2,0,0,0.4979134074431411,-1.3426185208012917,0.8540847055137725,-1.2088914600944165,0.5501826959597302,0.6524354690296649,-0.6310942863415618,0.4780665936078572,-1.3379044713721568,0.8540847055137725,-0.9881847309339112,0.477481989747225,0.6066284905765476,-0.44942476346890753,0.18835562446890033,-1.453238897477863
181,72.66,62.53,42.57,6.29,33.47,71.55,107.13,coconut,60,weather update day 60,unknown,unknown,0.12,72.66,62.53,42.57,6.29,33.47,71.55,107.13,unknown,R5,coconut,2.7,4,2,4,3,3,3,0.20949303043127837,0.8148659457304672,-0.30498207390012855,-0.34095703803336475,1.4846985941716662,0.46063815427775917,-0.6454839124938501,0.20549122547171805,0.8048009319703145,-0.30498207390012855,-0.31625571835451793,1.3031417483440022,0.4312513066518324,-0.45829224842517635,-0.36863038632222406,-0.8212607642622813
182,89.51,50.01,60.35,4.78,28.23,55.42,249.2,mungbean,80,weather update day 80,humidity,increase,0.0,89.51,50.01,60.35,4.78,28.23,55.42,249.2,failure,R1,mungbean,1.9,0,1,0,0,11,11,0.945838992953988,-0.002679620885078344,0.6905834979829226,-2.021189060228477,0.4450248560335461,-0.6325387669053647,1.283133245483121,0.9013844001829212,-0.007144335882220153,0.6905834979829226,-1.6170413709120608,0.3845733544911118,-0.5683366709826746,0.7302017022702059,0.0955246226703796,-1.453238897477863
183,63.35,42.36,42.41,9.5,30.94,51.26,167.39,rice,18,weather update day 18,rainfall,increase,0.49,63.35,42.36,42.41,11.14,30.94,51.26,168.21,success,R5,rice,-1.4,1,1,4,2,12,12,-0.19735450138393942,-0.502218245853842,-0.3139410441757918,3.2309269296794234,0.9827187167881849,-0.9144740423003926,0.17255275914472432,-0.17900524079304725,-0.503261053060486,-0.3139410441757918,3.8617644239660676,0.859634489479916,-0.8261349342783693,0.052675658300198214,-1.3433559052066917,1.1273384798190953
184,116.29,21.99,60.35,5.21,23.64,81.33,153.86,mungbean,53,weather update day 53,soil_moisture,increase,0.48,133.04,21.99,60.35,5.21,23.64,81.33,153.86,partial,R1,mungbean,-3.2,2,1,0,1,11,11,2.116126522708181,-1.832362270770668,0.6905834979829226,-1.542712391656359,-0.4656817199309525,1.123457143067031,-0.011118601082124181,2.6991428509353637,-1.8242934097822214,0.6905834979829226,-1.2466189665413698,-0.4200504866891874,1.037325108342191,-0.0673700106832517,-0.5310846394696354,1.0746736353844635
185,103.71,43.1,79.18,7.36,37.84,58.64,128.79,mango,136,weather update day 136,unknown,increase,0.33,103.71,43.1,79.18,7.36,37.84,58.64,128.79,success,R6,mango,-6.1,4,1,5,2,10,10,1.5663798041007218,-0.45389686252353006,1.7449423123000125,0.8496709512042318,2.351754746015863,-0.41431002008517503,-0.3514468347027528,1.4878344346576438,-0.45527067780402614,1.7449423123000125,0.6054930553120855,2.069199740927425,-0.36879089987398816,-0.277094395450854,1.3951586478496698,0.28470096886498664
186,62.23,36.72,41.58,6.94,31.22,72.9,231.83,cotton,2,weather update day 2,rainfall,increase,0.05,62.23,36.72,41.58,6.94,31.22,72.9,243.42,failure,R4,cotton,7.4,1,1,3,0,5,5,-0.24629856536171021,-0.870505545830813,-0.3604157024807935,0.3823216470175118,1.0382738020322062,0.5521315729756654,1.0473334282517566,-0.22526045477978612,-0.8690255347448546,-0.3604157024807935,0.24368512546164323,0.9087182967850319,0.5149118007501953,0.6818488126030043,-1.7146799124007748,-1.1899146753047039
187,79.71,48.79,16.22,5.68,24.66,64.54,180.93,rice,146,weather update day 146,rainfall,increase,0.0,79.71,48.79,16.22,5.68,24.66,64.54,180.93,success,R2,rice,0.1,1,1,1,2,12,12,0.5175784331484948,-0.08234460421343014,-1.7804124911733794,-1.019726265542649,-0.26330248082773067,-0.01444989392395752,0.3563598705616894,0.4966512777989571,-0.08626360319692393,-1.7804124911733794,-0.8417386640896846,-0.24124518864912095,-0.0031635552959597196,0.15908547777542353,1.6272361523459717,-1.453238897477863
188,85.62,50.31,39.66,5.65,30.14,59.746,209.57,mungbean,118,weather update day 118,rainfall,decrease,0.16,85.62,50.31,39.66,5.65,30.14,42.38,176.04,partial,UNKNOWN,mungbean,2.0,1,0,6,1,11,11,0.7758457707454812,0.016910129113696982,-0.4679233457887496,-1.0531083586988426,0.8239899018052657,-0.33935318965563155,0.7451512790537034,0.7407301301754091,0.012311221654182709,-0.4679233457887496,-0.8675820876504299,0.7193950400367265,-1.3764350732364858,0.11817792925074952,0.9774191397563265,-0.6106013865237541
189,33.02,45.81,48.03,5.06,23.72,50.43,201.46,watermelon,87,weather update day 87,unknown,unknown,0.16,33.02,45.81,48.03,5.06,23.72,50.43,201.46,success,R5,watermelon,-5.2,4,2,4,2,14,14,-1.522777233924816,-0.27693612086792874,0.0007427867568714346,-1.709622857437331,-0.4498088384326609,-0.9707255515739196,0.635057063869687,-1.4316129552732122,-0.27952214139185605,0.0007427867568714346,-1.3758360843450996,-0.40602654174486874,-0.8775706454647697,0.33083025716428954,0.2579788758177909,-0.6106013865237541
190,68.12,24.38,5.54,5.39,27.62,64.96,202.15,jute,50,weather update day 50,humidity,decrease,0.22,68.12,24.38,5.54,5.39,27.62,50.67,202.15,failure,UNKNOWN,jute,-4.6,0,0,6,0,7,7,0.011094771092815797,-1.6762972624470933,-2.3784237570738846,-1.3424198327191936,0.32399413460907034,0.014014725226501159,0.6444238959876859,0.017992411632616844,-1.6692974680755475,-2.3784237570738846,-1.0915584251768948,0.27764077429068,-0.8626976687361718,0.3366024879377098,-0.6007078908185259,-0.29461231991596326
191,67.43,64.84,38.87,5.56,32.04,60.25,202.72,cotton,130,weather update day 130,humidity,unknown,0.31,67.43,64.84,38.87,5.56,32.04,60.25,202.72,failure,R3,cotton,2.3,0,2,2,0,5,5,-0.019058268322060628,0.9657070207210353,-0.5121582615248357,-1.1532546381674262,1.2009708373896983,-0.30519564667508026,0.6521617138242937,-0.010504104127070299,0.9546087250006147,-0.5121582615248357,-0.9451123583326682,1.0524637324643011,-0.26901801431964495,0.3413708524896656,1.2559121451518889,0.17937127999572294
192,78.18,60.0,23.7,6.14,19.26,51.52,183.06,mungbean,20,weather update day 20,humidity,unknown,0.12,78.18,60.0,23.7,6.14,19.26,51.52,183.06,success,R1,mungbean,-2.2,0,2,0,2,11,11,0.450717345750291,0.6496590540741309,-1.361580630786134,-0.5078675038143365,-1.3347219819624347,-0.896853087588203,0.3852748740563817,0.4334633515492164,0.640725730079986,-1.361580630786134,-0.4454728361582477,-1.187861472390649,-0.8100225428223881,0.17690410320641642,-1.2969404043074313,-0.8212607642622813
193,15.91,40.55,39.21,7.01,26.11,43.92,90.9,sugarcane,57,weather update day 57,rainfall,decrease,0.56,15.91,40.55,39.21,7.01,26.11,43.92,40.0,failure,R4,sugarcane,1.6,1,0,3,0,13,13,-2.270485211299508,-0.6204097375131182,-0.4931204496890516,0.4602131977152978,0.024393496328810157,-1.411927148406042,-0.865808094051999,-2.138243947517051,-0.6206429168634484,-0.4931204496890516,0.30398644710338313,0.012938813466659718,-1.2810001392279837,-1.0198717438160472,-0.43825363767111464,1.4959923908615183
194,70.82,34.97,61.33,6.09,24.86,50.08,-3.74,jute,17,weather update day 17,rainfall,decrease,0.16,70.82,34.97,61.33,6.09,24.86,50.08,-3.14,success,R3,jute,-0.6,1,0,2,2,7,7,0.1290849253249408,-0.984779087490334,0.7454571909213583,-0.5635043257413268,-0.22362027708200102,-0.994446067532636,-2.15055735730913,0.12950051677921862,-0.9825162870405364,0.7454571909213583,-0.48854520875949065,-0.20618532628832373,-0.8992604031939748,-1.380761650432495,-1.3665636556563219,-0.6106013865237541
195,48.11,68.93,42.0,6.03,23.89,59.96,135.38,groundnut,121,weather update day 121,humidity,increase,0.07,48.11,68.93,42.0,6.03,23.89,64.16,135.38,success,R1,groundnut,-0.7,0,1,0,2,6,6,-0.8633433719386036,1.232780612371002,-0.33689840550717803,-0.630268512053715,-0.4160789652487903,-0.3248497884694451,-0.261986800416357,-0.8084065453983132,1.2198528260802368,-0.33689840550717803,-0.5402320558809821,-0.3762256587381907,-0.026712435116240094,-0.2219654087887679,1.0470423911052171,-1.0845849864354402
196,77.82,58.73,47.71,7.43,27.99,53.79,133.17,blackgram,94,weather update day 94,unknown,increase,0.57,77.82,58.73,47.71,7.43,27.99,53.79,133.17,failure,R3,blackgram,-4.2,4,1,2,0,1,1,0.43498532518600697,0.5667291124126497,-0.017175153794454587,0.9275625019020177,0.39740621153866995,-0.7430085983702435,-0.29198781343197694,0.4185956041963355,0.5583638698425483,-0.017175153794454587,0.6657943769538255,0.3425015196581546,-0.6693489712644012,-0.2404532783674038,0.4204331289652022,1.5486572352961496
197,55.34,77.27,61.95,6.94,27.17,61.528000000000006,222.03,chickpea,108,weather update day 108,humidity,increase,0.0,55.34,77.27,61.95,6.94,27.17,61.27,222.03,success,R4,chickpea,0.4,0,1,3,2,2,2,-0.5473919589392451,1.7773756623369477,0.7801732007395528,0.3823216470175118,0.23470917618117848,-0.21858187697439585,0.9142972619381482,-0.5098126193946338,1.760717325592228,0.7801732007395528,0.24368512546164323,0.19875608397888608,-0.2058078632231043,0.502909658626977,0.7453416352600247,-1.453238897477863
198,59.82,61.66,72.77,7.31,16.32,66.89,211.72,watermelon,142,weather update day 142,soil_moisture,unknown,0.4,59.82,61.66,72.77,7.31,16.32,66.89,211.72,success,R1,watermelon,-4.0,2,2,0,2,14,14,-0.35161570302816286,0.7580556707340194,1.386023565631263,0.7940341292772405,-1.9180503770246629,0.14481642751313706,0.7743377849286277,-0.32479176344767907,0.7483798151147468,1.386023565631263,0.5624206827108418,-1.7032414490943704,0.1424676751715596,0.4166608190994948,1.534405150547451,0.6533548799074093
199,105.22,48.12,13.02,5.93,21.24,54.77,123.29,coffee,116,weather update day 116,rainfall,increase,0.13,105.22,48.12,13.02,5.93,21.24,54.77,139.32,partial,UNKNOWN,coffee,-1.1,1,1,6,1,4,4,1.632366890356466,-0.1260950458773612,-1.9595918966866392,-0.7415421559076966,-0.9418681648797104,-0.6765911536858377,-0.42610998926651233,1.5501963749433363,-0.1297143483615565,-1.9595918966866392,-0.6263768010834688,-0.840768835018756,-0.6086176496226268,-0.18900513451735376,0.9310036388570662,-0.7685959198276494
200,72.62,64.54,4.02,6.5,23.14,67.19,215.56,watermelon,133,weather update day 133,rainfall,unknown,0.28,72.62,64.54,4.02,6.5,23.14,67.19,215.56,success,R2,watermelon,0.1,1,2,1,2,14,14,0.20774502814635834,0.9461172707222604,-2.463533974692683,-0.10728238594000482,-0.564887229295277,0.16514829833489367,0.8264662419331437,0.20383925354362056,0.9351531674642123,-2.463533974692683,-0.13535175342929678,-0.5077001425911807,0.1610588960823066,0.44878453818635533,1.3255353965007792,0.021376746691827677
201,80.29,42.22,62.51,5.98,18.95,66.19,192.0,coconut,98,weather update day 98,soil_moisture,decrease,0.38,71.13,42.22,62.51,5.98,18.95,66.19,192.0,failure,R1,coconut,3.8,2,0,0,0,3,3,0.5429244662798409,-0.5113601291866038,0.811529596704373,-0.6859053339807053,-1.3962293977683162,0.09737539559570432,0.5066364380200202,0.14230329922197674,-0.5123403132441405,0.811529596704373,-0.5833044284822251,-1.2422042590498854,0.09908815971314931,0.25169213670551344,0.5132641307637229,0.5480251910381456
202,70.79,55.41,49.29,6.24,27.77,58.69,146.51,groundnut,139,weather update day 139,soil_moisture,decrease,0.13,70.77,55.41,49.29,6.24,27.77,58.69,146.51,failure,R5,groundnut,3.5,2,0,4,0,6,6,0.12777392361125112,0.34993587909287244,0.07129467767771747,-0.39659385996035507,0.35375578741836744,-0.4109213749482158,-0.11089572581733063,0.12743555186909647,0.3430556997730263,0.07129467767771747,-0.35932809095576096,0.3039356710612777,-0.3656923630555305,-0.12885681674794577,1.4647818991985604,-0.7685959198276494
203,62.98,66.61,58.03,5.94,23.22,72.38,179.43,jute,145,weather update day 145,unknown,increase,0.0,62.98,66.61,58.03,5.94,23.22,72.38,179.43,partial,UNKNOWN,jute,-1.8,4,1,6,1,7,7,-0.2135235225194531,1.081286545713808,0.5606784289858091,-0.7304147915222977,-0.5490143477969854,0.5168896635512862,0.3359971920443004,-0.19428598112795217,1.0693965144653896,0.5606784289858091,-0.6177623265632196,-0.4936761976468621,0.48268701783823287,0.14653715000711864,1.6040284018963415,-1.453238897477863
204,74.18,20.6,24.09,6.66,29.69,67.57,143.06,wheat,82,weather update day 82,soil_moisture,unknown,0.35,74.18,20.6,24.09,6.66,29.69,67.57,143.06,success,R3,wheat,-0.9,2,2,2,2,15,15,0.2759171172582532,-1.9231281124316588,-1.3397431407392053,0.07075544422636486,0.7347049433773737,0.1909020013757853,-0.15772988640732521,0.26826615873943527,-1.91443749303422,-1.3397431407392053,0.0024798388946814113,0.6405103497249326,0.18460777590258612,-0.1577179706150469,0.14194012356963998,0.39003065773425005
205,34.49,12.45,54.56,6.4,27.87,93.12,75.76,coconut,87,weather update day 87,soil_moisture,increase,0.42,34.54,12.45,54.56,6.4,27.87,93.12,75.76,unknown,R3,coconut,0.1,2,1,2,3,3,3,-1.4585381499539922,-2.4553163207317144,0.3663807611323678,-0.21855602979398536,0.3735968892912326,1.922499666362074,-1.071335395887512,-1.3688380220054956,-2.4429801394398236,0.3663807611323678,-0.22149649863178275,0.3214656022416767,1.767960090134556,-0.7207196098196589,0.2579788758177909,0.7586845687766727
206,89.63,54.96,47.74,7.14,24.59,40.03,149.63,coconut,126,weather update day 126,soil_moisture,unknown,0.4,89.63,54.96,47.74,7.14,24.59,40.03,149.63,failure,UNKNOWN,coconut,1.2,2,2,6,0,3,3,0.9510829998087487,0.32055125409471014,-0.015495346867767709,0.6048689347254729,-0.27719125213873613,-1.6755637400614887,-0.06854135450116144,0.9063403159672143,0.3138723634684227,-0.015495346867767709,0.4159746158666152,-0.25351614047540005,-1.5220663037040056,-0.10275629498987159,1.163081143353368,0.6533548799074093
207,69.2,70.81,36.68,6.26,25.09,57.1,153.59,coffee,134,weather update day 134,soil_moisture,increase,0.0,69.2,70.81,36.68,6.26,25.09,57.1,153.59,partial,R1,coffee,2.7,2,1,0,1,4,4,0.05829083278566593,1.3555430456966586,-0.6347841671729729,-0.3743391311895593,-0.17798574277441168,-0.5186802903035266,-0.014783883215254342,0.06259565369125766,1.341774319975026,-0.6347841671729729,-0.342099141915264,-0.1658664845734067,-0.4642258338824904,-0.06962870968154666,1.3487431469504094,-1.453238897477863
208,20.74,49.832,62.16,5.78,27.96,53.0,122.65,sugarcane,144,weather update day 144,rainfall,unknown,0.22,20.74,37.98,62.16,5.78,27.96,53.0,122.65,partial,R6,sugarcane,1.7,1,2,5,1,13,13,-2.0594139353953724,-0.01430287255101803,0.7919318492263601,-0.9084526216886674,0.391453880976811,-0.796549191534203,-0.4347980654339316,-1.9387683371992406,-0.7873121930919639,0.7919318492263601,-0.7555939188871978,0.33724254030403544,-0.7183058529960354,-0.3284588837824485,1.5808206514467114,-0.29461231991596326
209,72.46,58.27,48.78,7.86,22.89,67.92,105.45,coffee,12,weather update day 12,rainfall,decrease,0.1,72.46,58.27,48.78,7.86,22.89,67.92,94.91,success,R6,coffee,-3.7,1,0,5,2,4,4,0.20075301900667633,0.5366914957478617,0.04273795992404176,1.4060391704741364,-0.6144899839774391,0.21462251733450216,-0.6682901124333257,0.19723136583122888,0.528532014953398,0.04273795992404176,1.0362167813245171,-0.5515249705421774,0.20629753363179168,-0.5605192919776334,-1.4826024079044728,-0.9265904531315449
210,80.74,27.63,52.82,5.15,23.23,64.83,260.81,mungbean,144,weather update day 144,rainfall,decrease,0.3,80.74,27.63,52.82,5.15,23.23,64.83,182.57,success,R1,mungbean,2.5,1,0,0,2,11,11,0.5625894919851947,-1.4640749707936969,0.26895195938453254,-1.6094765779687472,-0.5470302376096986,0.005204247870406851,1.440740377207712,0.5391895549474758,-1.4585289280978528,0.26895195938453254,-1.2983058136628614,-0.49192320452882193,0.014807958251095406,0.1728049828021034,1.5808206514467114,0.12670643556109107
211,91.55,43.11,71.89,4.36,33.74,63.98,170.39,coffee,77,weather update day 77,humidity,increase,0.4,91.55,43.11,71.89,4.36,33.74,64.24,170.39,partial,R3,coffee,-3.2,0,1,2,1,4,4,1.034987109484927,-0.4532438708569044,1.3367492291151166,-2.488538364415197,1.538269569228402,-0.05240271945790419,0.21327811617950235,0.9856349685159093,-0.4546221592194795,1.3367492291151166,-1.978849300762503,1.3504725625310792,-0.021754776206707616,0.07091256132346778,0.025901371321489057,0.6533548799074093
212,40.57,46.07,17.4,6.92,29.73,51.71,110.66,jute,8,weather update day 8,rainfall,decrease,0.06,40.57,46.07,17.4,6.92,29.73,51.71,104.02,success,R3,jute,0.6,1,0,2,2,7,7,-1.1928418026460947,-0.25995833753565717,-1.7143400853903648,0.3600669182467151,0.7426413841265195,-0.8839762360677572,-0.5975637423829279,-1.1198032538447507,-0.2626606581936406,-1.7143400853903648,0.22645617642114557,0.6475223221970919,-0.7982481029122482,-0.4843091146647951,-1.5754334097029936,-1.137249830870072
213,52.85,62.6,80.06,5.96,18.26,59.85,161.03,groundnut,69,weather update day 69,humidity,increase,0.26,52.85,62.6,80.06,5.96,18.26,75.41,161.03,success,R4,groundnut,1.7,0,1,3,2,6,6,-0.6562051011755387,0.8194368873968481,1.7942166488161588,-0.708160062751502,-1.5331330006910835,-0.3323048077707559,0.08621500223099512,-0.6126478719187226,0.8093405620621419,1.7942166488161588,-0.6005333775227227,-1.3631607841946358,0.6704583490367796,-0.007389003950754505,-0.1597606322755524,-0.08395294217743601
214,70.21400000000001,33.95,52.34,5.12,24.71,102.0,69.09,banana,148,weather update day 148,humidity,decrease,0.0,51.98,33.95,52.34,5.12,24.71,102.0,69.09,partial,UNKNOWN,banana,-1.3,0,0,6,1,0,0,0.10260269070839795,-1.051384237486169,0.2420750485575437,-1.6428586711249418,-0.2533819298912981,2.524323042686075,-1.1618814396948351,-0.6485782613548502,-1.048665182664305,0.2420750485575437,-1.3241492372236074,-0.2324802230589215,2.3182602290926724,-0.7765178406293879,1.6736516532452321,-1.453238897477863
215,67.81,60.08,32.86,4.9,37.37,70.03,136.71,mungbean,64,weather update day 64,rainfall,increase,0.59,67.81,60.08,32.86,4.9,37.37,70.03,217.36,success,R5,mungbean,2.6,1,1,4,2,11,11,-0.0024522466153172337,0.6548829874071375,-0.8486795825044271,-1.8876606876036996,2.258501567213397,0.35762334211419167,-0.2439318921309386,0.005189629189858717,0.64591387875636,-0.8486795825044271,-1.513667676669077,1.9868090643795502,0.33705578737071357,0.4638425315083213,-0.27579938452370334,1.6539869241654133
216,83.78,57.0,72.61,7.27,27.14,76.22,210.31,chickpea,119,weather update day 119,soil_moisture,increase,0.2,83.83,57.0,72.61,7.27,27.14,76.22,210.31,partial,R5,chickpea,-1.5,2,1,4,1,2,2,0.6954376656391437,0.4537615540863804,1.3770645953556,0.749524671735648,0.22875684561931878,0.7771376100697736,0.7551968671222821,0.6668043863930319,0.4461701547159602,1.3770645953556,0.5279627846298472,0.19349710462476627,0.7206546454957972,0.4048653909972883,1.0006268902059567,-0.39994200878522684
217,85.83,33.22,79.81,5.65,21.74,73.44,189.54,cotton,111,weather update day 111,rainfall,increase,0.1,85.83,33.22,79.81,5.65,21.74,73.44,189.73,unknown,R2,cotton,-1.3,1,1,1,3,5,5,0.7850227827413129,-1.0990526291498552,1.7802182577604353,-1.0531083586988426,-0.8426626555153859,0.588728940454827,0.47324164525150214,0.7494029827979224,-1.096007039336218,1.7802182577604353,-0.8675820876504299,-0.7531191791167625,0.5483759983895398,0.23270233401614532,0.8149648866089153,-0.9265904531315449
218,65.96,74.79,60.67,7.15,34.04,78.54,82.12,mango,42,weather update day 42,soil_moisture,decrease,0.24,65.96,74.79,60.67,7.15,34.04,78.54,82.12,partial,R4,mango,2.7,2,0,3,1,10,10,-0.0832973522928851,1.6154337290137413,0.7085014385342486,0.6159962991108717,1.5977928748469963,0.9343707444246934,-0.9849976389737827,-0.0712140724846654,1.599884716624634,0.7085014385342486,0.4245890903868644,1.4030623560722746,0.8644267538722425,-0.6675147000820462,-0.7863698944155674,-0.1892826310466997
219,101.86,59.96,49.79,9.5,30.74,57.87,154.65,rice,90,weather update day 90,rainfall,unknown,0.51,101.86,59.96,49.79,12.2,30.74,57.87,154.65,failure,R6,rice,-5.9,1,2,5,0,12,12,1.4855346984231546,0.6470470874076276,0.09929145978916434,3.2309269296794234,0.9430365130424545,-0.4664951551943511,-0.00039425706296607746,1.4114307329831202,0.6381316557417991,0.09929145978916434,4.774898723112421,0.8245746271191182,-0.4165083668782395,-0.06076122472527786,0.32760212716668147,1.232668168688359
220,60.68,34.38,66.06,6.94,30.13,39.11,140.37,mungbean,52,weather update day 52,soil_moisture,decrease,0.38,60.61,34.38,66.06,6.94,30.13,39.11,140.37,failure,UNKNOWN,mungbean,-0.8,2,0,6,0,11,11,-0.31403365390237475,-1.023305595821258,1.0103067496956462,0.3823216470175118,0.8220057916179788,-1.7379148105815432,-0.19424695654850946,-0.29216531786774735,-1.0207788835287945,1.0103067496956462,0.24368512546164323,0.7176420469186864,-1.5790793811636303,-0.18022130507954026,-0.5542923899192655,0.5480251910381456
221,76.84,30.53,2.62,6.62,24.93,50.35,47.96,jute,7,weather update day 7,temperature,increase,0.13,76.84,30.53,2.62,6.62,28.17,50.35,47.96,partial,UNKNOWN,jute,-1.2,3,1,6,1,7,7,0.3921592692054582,-1.2747073874722046,-2.5419249646047346,0.026245986684772443,-0.20973150577099553,-0.9761473837930547,-1.4487237044097885,0.37812229195793956,-1.2704585385792944,-2.5419249646047346,-0.031978059186313135,0.37405539578287283,-0.8825283043743022,-0.9532819511255758,-1.5986411601526238,-0.7685959198276494
222,57.53,55.08,31.75,7.26,19.01,83.33,169.25,maize,97,weather update day 97,rainfall,increase,0.42,57.53,55.08,31.75,7.26,19.01,83.33,240.34,partial,R1,maize,-1.9,1,1,0,1,9,9,-0.4516888338398544,0.32838715409422,-0.9108324387918391,0.7383973073502501,-1.384324736644597,1.2590029485454097,0.19780248050628688,-0.41936715633127875,0.32165458648298356,-0.9108324387918391,0.5193483101095988,-1.2316863003416458,1.1612665810805056,0.6560829129187519,0.4900563803140927,0.7586845687766727
223,29.99,47.72,35.45,5.43,28.17,80.64,101.68,rice,16,weather update day 16,rainfall,decrease,0.13,29.99,47.72,35.45,5.43,28.17,80.64,101.55,failure,UNKNOWN,rice,-1.0,1,0,6,0,12,12,-1.6551884070075351,-0.1522147125423945,-0.703656251167132,-1.2979103751776013,0.4331201949098274,1.0766938401769905,-0.71946831110703,-1.5567498288266217,-0.15565509174342648,-0.703656251167132,-1.0571005270959002,0.37405539578287283,0.9945653002474726,-0.5049720277232704,-1.389771406105952,-0.7685959198276494
224,74.7,68.62,69.93,7.32,24.69,37.38,38.2,mungbean,48,weather update day 48,soil_moisture,increase,0.58,74.83,68.62,69.93,7.32,24.69,37.38,38.2,partial,R4,mungbean,3.1,2,1,3,1,11,11,0.2986411469622179,1.212537870705601,1.2270018432382452,0.8051614936626392,-0.257350150265871,-1.8551619323203403,-1.5812168659629329,0.2951107025710244,1.1997487499592874,1.2270018432382452,0.571035157231091,-0.23598620929500114,-1.6862887550822723,-1.0349297371380128,-0.6471233917177862,1.6013220797307814
225,93.15,69.3,45.02,5.96,24.11,59.76,78.01,groundnut,31,weather update day 31,rainfall,increase,0.07,93.15,69.3,45.02,5.96,24.11,59.76,83.47,success,R5,groundnut,-1.0,1,1,4,2,6,6,1.1049072008817424,1.2569413040361572,-0.16779784155403868,-0.708160062751502,-0.3724285411284877,-0.33840436901728316,-1.0407913781114286,1.051713845639822,1.243848013708466,-0.16779784155403868,-0.6005333775227227,-0.3376598101413138,-0.29938367514053216,-0.6562212050905718,-1.0416551493614994,-1.0845849864354402
226,74.49,40.572,78.31,6.13,31.39,64.42,139.64,watermelon,115,weather update day 115,soil_moisture,unknown,0.21,74.49,65.71,78.31,6.13,31.39,64.42,139.64,success,R3,watermelon,2.7,2,2,2,2,14,14,0.28946413496638557,-0.6189731558465411,1.6962279114260947,-0.5189948681997344,1.0720036752160769,-0.02258264225266055,-0.20415679342697238,0.28106894118219283,1.0110298418561816,1.6962279114260947,-0.4540873106784961,0.93851917979171,-0.010600043660258879,-0.18632815792678212,0.9077958884074361,-0.34727716435059514
227,69.35,13.07,38.36,6.88,23.45,86.41,154.29,cotton,106,weather update day 106,soil_moisture,decrease,0.44,69.35,13.07,38.36,6.88,23.45,86.41,154.29,success,R4,cotton,3.2,2,0,3,2,5,5,0.06484584135411697,-2.4148308374009124,-0.5407149792785113,0.3155574607051227,-0.5033798134893961,1.4677434889821128,-0.005281299907139625,0.0687905484216241,-2.4027719871979247,-0.5407149792785113,0.19199827834015104,-0.4533573559319451,1.3521364490975099,-0.06377282338967115,0.6989261343607643,0.8640142576459364
228,75.2,47.498000000000005,19.91,6.67,24.25,33.34,230.59,coffee,146,weather update day 146,rainfall,increase,0.1,75.2,30.63,19.91,6.67,24.25,33.34,230.82,success,R1,coffee,-3.9,1,1,0,2,4,4,0.32049117552372264,-0.16671112754148765,-1.5737962391909013,0.08188280861176273,-0.34465099850647674,-2.1289644593866655,1.0305002806773815,0.3103914429059293,-1.263973352733827,-1.5737962391909013,0.011094313414929856,-0.31311790648875554,-1.9366505300136678,0.5764428593492436,1.6272361523459717,-0.9265904531315449
229,51.26,67.52,30.84,7.3,25.94,37.57,97.42,sugarcane,124,weather update day 124,soil_moisture,increase,0.0,51.26,67.52,30.84,7.3,25.94,37.57,97.42,unknown,R6,sugarcane,2.5,2,1,5,3,13,13,-0.7256881920011239,1.1407087873767585,-0.9617865822346724,0.7829067648918425,-0.009336376855059798,-1.8422850807998945,-0.7772983180964148,-0.6783137560606107,1.1284117056591438,-0.9617865822346724,0.5538062081905933,-0.016862069540017705,-1.6745143151721327,-0.5395217568453365,1.1166656424541077,-1.453238897477863
230,85.51,29.07,7.67,6.26,26.72,72.37,160.32,jute,65,weather update day 65,unknown,decrease,0.29,85.51,29.07,7.67,6.26,26.72,72.37,160.32,success,R6,jute,-3.2,4,0,5,2,7,7,0.7710387644619502,-1.3700441707995765,-2.2591574652791206,-0.3743391311895593,0.1454242177532859,0.5162119345238949,0.07657666773276421,0.7361872073731401,-1.3651422519231204,-2.2591574652791206,-0.342099141915264,0.11987139366709154,0.4820673104745419,-0.013328545761085546,-0.25259163407407315,0.07404159112645924
231,65.88,41.41,40.63,7.79,27.02,84.69,145.41,mango,31,weather update day 31,humidity,unknown,0.59,65.88,41.41,40.63,7.79,27.02,84.69,145.41,partial,R6,mango,-2.3,0,2,5,1,10,10,-0.08679335686272577,-0.5642524541832965,-0.41360958849254237,1.3281476197763495,0.2049475233718807,1.3511740962707073,-0.1258283567300825,-0.07451801634086094,-0.5648703185924276,-0.41360958849254237,0.9759154596827764,0.17246118720828768,1.2455467825425595,-0.13805892377803597,-1.0416551493614994,1.6539869241654133
232,43.6,47.43,43.49,6.41,31.84,63.43,132.31,groundnut,120,weather update day 120,soil_moisture,increase,0.1,44.9,47.43,43.49,6.41,31.84,63.43,132.31,failure,R6,groundnut,-2.8,2,1,5,0,6,6,-1.060430629563376,-0.17115147087454366,-0.2534679948150662,-0.2074286654085875,1.1612886336439687,-0.08967781596445813,-0.30366241578194647,-0.9409772926281627,-0.17446213069528227,-0.2534679948150662,-0.2128820241115343,1.017403870103504,-0.07195107266572473,-0.24764765295456515,1.023834640655587,-0.9265904531315449
233,103.78,51.87,58.2,7.27,15.75,49.71,156.15,rice,109,weather update day 109,rainfall,increase,0.0,103.78,51.87,58.2,7.27,15.75,49.71,156.15,unknown,R2,rice,4.7,1,1,1,3,12,12,1.5694388080993327,0.11877682910732693,0.5701973349037011,0.749524671735648,-2.0311446576999925,-1.019522041546136,0.019968421454422933,1.4907253855318152,0.11348012084347583,0.5701973349037011,0.5279627846298472,-1.803162056822643,-0.9221895756505629,-0.04821289695697299,0.7685493857096549,-1.453238897477863
234,73.87,69.65,46.66,6.35,28.96,66.49,126.58,banana,62,weather update day 62,rainfall,decrease,0.5,73.87,69.65,46.66,6.35,28.96,66.49,63.29,failure,R2,banana,2.8,1,0,1,0,0,0,0.26237009955012014,1.279796012368062,-0.07596839622849327,-0.2741928517209766,0.5898648997054599,0.11770726641746093,-0.38144784771837253,0.25546337629667715,1.2665461641676028,-0.07596839622849327,-0.2645688712330265,0.5125418521080222,0.11767938062389632,-0.8250380413335001,-0.32221488542296367,1.1800033242537271
235,65.66,62.25,40.61,6.09,17.5,61.11,206.12,cotton,79,weather update day 79,humidity,decrease,0.0,84.79,62.25,40.61,6.09,17.5,61.11,206.12,partial,UNKNOWN,cotton,-0.6,0,0,6,1,5,5,-0.09640736942978781,0.7965821790649438,-0.4147294597770004,-0.5635043257413268,-1.683925374924857,-0.24691095031937743,0.6983171184637088,0.7064517126673796,0.7866424116030054,-0.4147294597770004,-0.48854520875949065,-1.496388261165666,-0.2157231810421697,0.36981372876449004,0.07231687222074942,-1.453238897477863
236,56.61,43.0,53.95,6.94,18.62,69.9,338.75,mungbean,83,weather update day 83,temperature,increase,0.47,56.61,43.0,53.95,6.94,27.37,69.9,338.75,success,R1,mungbean,7.3,3,1,0,2,11,11,-0.4918928863930232,-0.4604267791897885,0.3322246869564026,0.3823216470175118,-1.46170503394877,0.34881286475809736,2.4987851529712453,-0.4573625106775285,-0.4617558636494937,0.3322246869564026,0.24368512546164323,0.2338159463396833,0.3289995916427234,1.479336870038007,0.16514787401927017,1.0220087909498317
237,74.15,51.04,35.01,6.64,23.27,60.93,250.41,coffee,111,weather update day 111,temperature,decrease,0.35,74.15,51.04,35.01,6.64,23.19,60.93,250.41,failure,R1,coffee,4.0,3,0,0,0,4,4,0.2746061155445628,0.06457852077738273,-0.7282934194252055,0.04850071545556816,-0.5390937968605528,-0.2591100728124315,1.2995591394871482,0.2670271797933619,0.05965307832609546,-0.7282934194252055,-0.014749110145816244,-0.4989351770009813,-0.226877913588618,0.7403240200033052,0.8149648866089153,0.39003065773425005
238,77.51,37.05,39.96,6.56,22.76,52.5,137.66,mungbean,68,weather update day 68,temperature,increase,0.09,77.51,37.05,39.96,6.56,24.81,52.5,137.66,failure,UNKNOWN,mungbean,-1.2,3,1,6,0,11,11,0.4214383074778746,-0.8489568208321605,-0.4511252765218813,-0.04051819962761668,-0.6402834164121634,-0.8304356429037977,-0.23103552906992572,0.405792821753578,-0.8476244214548119,-0.4511252765218813,-0.08366490630780533,-0.2149502918785232,-0.7492912211806141,-0.20289195058094447,-0.1829683827251826,-0.9792552975661767
239,121.54,52.62,63.02,6.92,26.93,61.58,-18.23,coffee,133,weather update day 133,humidity,unknown,0.23,121.54,52.62,63.02,6.92,26.93,61.58,-18.23,success,R3,coffee,-3.2,0,2,2,2,4,4,2.345551822603981,0.16775120410426456,0.840086314458049,0.3600669182467151,0.18709053168630235,-0.21505768603195852,-2.3472608317871075,2.2242009216072436,0.1621190146844823,0.840086314458049,0.22645617642114557,0.1566842491459289,-0.18659693494866583,-1.5069978277816423,1.3255353965007792,-0.24194747548133141
240,53.84,46.27,63.77,6.75,31.81,58.45,225.8,banana,124,weather update day 124,soil_moisture,decrease,0.12,53.82,46.27,63.77,6.75,31.81,58.45,225.8,unknown,R1,banana,-5.0,2,0,0,3,0,0,-0.6129420446237592,-0.2468985042031403,0.8820814876252194,0.17090172369494755,1.1553363030821089,-0.42718687160562085,0.9654754606118527,-0.5725875526623507,-0.2496902865027054,0.8820814876252194,0.08001010957691895,1.0121448907493842,-0.38056533978412793,0.53444778908465,1.1166656424541077,-0.8212607642622813
241,84.95,47.98,60.54,5.69,28.21,68.26,189.03,chickpea,134,weather update day 134,humidity,unknown,0.53,84.95,47.98,60.54,5.69,28.21,68.26,189.03,success,R3,chickpea,4.9,0,2,2,2,2,2,0.7465667324730648,-0.13523692921012292,0.7012222751852724,-1.00859890115725,0.4410566356589732,0.23766530426582677,0.46631833455558996,0.7130596003797707,-0.13879360854521106,0.7012222751852724,-0.8331241895694353,0.3810673682550321,0.2273675839973054,0.2268464477242698,1.3487431469504094,1.3379978575576228
242,69.88,41.49,47.17,5.55,25.03,48.36,135.71,groundnut,126,weather update day 126,rainfall,increase,0.27,69.88,41.49,47.17,5.55,25.03,48.36,172.35,failure,R2,groundnut,-1.7,1,1,1,0,6,6,0.08800687162931203,-0.5590285208502895,-0.04741167847481717,-1.164382002552824,-0.18989040389813036,-1.1110154602440416,-0.2575070111425313,0.09067917646892015,-0.5596821699160534,-0.04741167847481717,-0.9537268328529167,-0.17638444328164568,-1.0058500697489254,0.08730904294071955,1.163081143353368,-0.03128809774280417
243,76.66,53.0,33.79,7.09,24.72,78.29,222.6,lentil,44,weather update day 44,temperature,unknown,0.36,76.66,53.0,33.79,7.09,24.72,78.29,222.6,failure,R2,lentil,0.8,3,2,1,0,8,8,0.38429325892331617,0.19256488743604644,-0.7966055677771359,0.5492321127984826,-0.251397819704012,0.917427518739896,0.922035079774756,0.3706884182814992,0.18676272089725907,-0.7966055677771359,0.3729022432653722,-0.23072722994088196,0.8489340697799532,0.5076780231789328,-0.739954393516307,0.44269550216888187
244,50.15,55.79,67.22,7.18,26.41,84.6,95.73,banana,113,weather update day 113,soil_moisture,increase,0.59,50.15,55.79,67.22,7.18,26.41,84.6,95.73,failure,R1,banana,-0.9,2,1,0,0,0,0,-0.7741952554076643,0.37474956242465435,1.0752592841942026,0.6493783922670653,0.08391680194740497,1.34507453502418,-0.8002402692260064,-0.724155977065325,0.36769940598580303,1.0752592841942026,0.45043251394760975,0.06552860700785587,1.239969416269335,-0.5536595394642932,0.8613803875081757,1.6539869241654133
245,73.09,67.7,47.34,6.78,27.46,65.12,145.98,rice,3,weather update day 3,unknown,decrease,0.24,73.09,67.7,47.34,6.78,27.46,65.12,145.98,failure,UNKNOWN,rice,-1.7,4,0,6,0,12,12,0.22828405499417273,1.152462637376024,-0.037892772556925136,0.2042838168511421,0.2922483716124865,0.024858389664772187,-0.11809053889347478,0.2232499236987698,1.1400850401809859,-0.037892772556925136,0.10585353313766505,0.24959288440204208,0.03277947179815141,-0.13329055922608016,-1.6914721619511446,-0.1892826310466997
246,48.09,38.0,34.36,5.37,25.68,92.42,84.05,watermelon,133,weather update day 133,rainfall,increase,0.0,48.09,38.0,34.36,5.37,25.68,92.42,84.05,success,R3,watermelon,5.4,1,1,2,2,14,14,-0.8642173730810636,-0.786922612502706,-0.7646892361700864,-1.3646745614899893,-0.06092324172450883,1.8750586344446412,-0.9587976592814089,-0.8092325313623621,-0.7860151559228702,-0.7646892361700864,-1.1087873742173917,-0.062439890609054534,1.7245805746761458,-0.6513691850201606,1.3255353965007792,-1.453238897477863
247,69.63,55.96,25.18,6.6,29.28,57.64,213.73,sugarcane,109,weather update day 109,rainfall,decrease,0.0,69.63,55.96,25.18,6.6,29.28,57.64,213.73,failure,R1,sugarcane,-1.4,1,0,0,0,13,13,0.07708185734855967,0.38585042075729364,-1.2787101557362512,0.003991257913975739,0.6533564256986276,-0.4820829228243644,0.8016237741419289,0.08035435191830884,0.37872422192309796,-1.2787101557362512,-0.04920700822681079,0.568637631885298,-0.4307616362431455,0.4334755783090233,0.7685493857096549,-1.453238897477863
248,75.84,43.63,67.66,7.07,31.14,69.8,95.61,jute,29,weather update day 29,humidity,increase,0.4,75.84,43.63,67.66,7.07,31.14,70.08,95.61,success,R1,jute,5.1,0,1,0,2,7,7,0.34845921208244873,-0.41928830419236074,1.0998964524522759,0.5269773840276869,1.0224009205339146,0.3420355744841778,-0.8018692835073976,0.3368229937554943,-0.42089919282304816,1.0998964524522759,0.3556732942248753,0.8946943518407133,0.34015432418917124,-0.5546634056857578,-1.0880706502607598,0.6533548799074093
249,70.03,43.61,63.57,5.45,29.44,71.3,161.94,groundnut,116,weather update day 116,temperature,increase,0.0,70.03,43.61,63.57,5.45,29.44,71.3,161.94,failure,R4,groundnut,-0.0,3,1,3,0,6,6,0.0945618801977637,-0.4205942875256126,0.8708827747806405,-1.2756556464068045,0.6851021886952114,0.44369492859296183,0.0985683605315444,0.09687407119928718,-0.42219622999214185,0.8708827747806405,-1.0398715780554026,0.596685521773936,0.4157586225595431,0.00022364822868375556,0.9310036388570662,-1.453238897477863
250,102.71,49.42,15.12,6.64,30.09,53.07,132.06,sugarcane,94,weather update day 94,rainfall,increase,0.2,102.71,49.42,15.12,6.64,30.09,53.07,158.48,unknown,R1,sugarcane,-3.2,1,1,0,3,13,13,1.5226797469777122,-0.04120612921600236,-1.8420054118185625,0.04850071545556816,0.814069350868833,-0.7918050883424598,-0.30705619553484464,1.4465351364551984,-0.04540693237047833,-1.8420054118185625,-0.014749110145816244,0.710630074446527,-0.7139679014501944,-0.028721161156872885,0.4204331289652022,-0.39994200878522684
251,92.17,58.95,64.68,5.62,26.49,64.21,64.68,mango,149,weather update day 149,rainfall,increase,0.5,92.17,58.95,64.68,5.62,26.49,64.21,97.02,unknown,R2,mango,2.7,1,1,1,3,10,10,1.0620811449011929,0.5810949290784184,0.933035631068053,-1.0864904518550371,0.09978968344569655,-0.03681495182789085,-1.221747714535959,1.0112405334014256,0.5726312787025771,0.933035631068053,-0.893425511211176,0.0795525519521745,-0.023613898297782404,-0.5428679775835512,1.6968594036948623,1.1800033242537271
252,79.48,81.42,20.34,7.91,24.98,60.31199999999999,201.52,sugarcane,9,weather update day 9,rainfall,increase,0.4,79.48,81.42,20.34,7.91,24.98,63.64,202.33,unknown,R1,sugarcane,2.5,1,1,0,3,13,13,0.5075274200102031,2.0483672039866696,-1.549719006575057,1.4616759924011267,-0.19981095483456296,-0.30099372670525115,0.6358715710103826,0.48715243921239515,2.0298525381791306,-1.549719006575057,1.07928915392576,-0.18514940887184514,-0.05893721802820165,0.33810828726990644,-1.5522256592533634,0.6533548799074093
253,80.09,51.28,33.87,5.83,28.55,76.36,214.26,chickpea,37,weather update day 37,rainfall,increase,0.0,80.09,51.28,33.87,5.83,28.55,76.36,214.26,partial,R4,chickpea,-1.5,1,1,3,1,2,2,0.5341844548552389,0.0802503207764029,-0.7921260826393045,-0.8528157997616771,0.5085163820267138,0.7866258164532601,0.808818587218073,0.5123450111158867,0.07521752435521765,-0.7921260826393045,-0.7125215462859549,0.4406691342683876,0.7293305485874793,0.43790932078715766,-0.9024086466637182,-1.453238897477863
254,48.58,57.24,43.98,7.07,28.37,63.91,99.19,coconut,67,weather update day 67,temperature,increase,0.14,48.58,57.24,43.98,7.07,28.41,63.91,99.19,success,R5,coconut,-4.5,3,1,4,2,3,3,-0.8428043450907892,0.4694333540854006,-0.22603114834584856,0.5269773840276869,0.47280239865555707,-0.05714682264964746,-0.7532703574458959,-0.7889958752431641,0.4617346007450824,-0.22603114834584856,0.3556732942248753,0.41612723061582935,-0.04220511920852942,-0.5247147300787368,-0.2061761331748128,-0.7159310753930176
255,68.04,62.15,78.08,6.7,29.28,62.924,211.05,jute,4,weather update day 4,humidity,unknown,0.05,68.04,62.15,78.08,6.7,29.28,69.93,211.05,failure,R2,jute,-1.4,0,2,1,0,7,7,0.0075987665229751145,0.7900522623986853,1.683349391654829,0.11526490176795728,0.6533564256986276,-0.12397090475048796,0.7652424551908608,0.014688467776421294,0.7801572257575378,1.683349391654829,0.036937736975675955,0.568637631885298,0.3308587137337982,0.4110558993629854,-1.6682644115015144,-1.1899146753047039
256,58.09,63.51,78.59,6.18,29.41,47.69,195.28,banana,97,weather update day 97,rainfall,decrease,0.0,58.09,63.51,78.59,6.18,29.41,47.69,195.28,failure,UNKNOWN,banana,0.6,1,0,6,0,0,0,-0.42721680185096905,0.8788591290597989,1.711906109408505,-0.4633580462727442,0.6791498581333518,-1.1564233050792987,0.5511628283780442,-0.3962395493379093,0.8683557532558962,1.711906109408505,-0.41101493807725314,0.5914265424198161,-1.0473704631162608,0.27913114675887346,0.4900563803140927,-1.453238897477863
257,100.47,40.06,71.09,6.6,22.62,63.28,74.78,coconut,44,weather update day 44,humidity,increase,0.47,100.47,40.06,71.09,6.6,22.62,93.01,74.78,success,R6,coconut,0.7,0,1,5,2,3,3,1.4247916190221712,-0.6524063291777839,1.2919543777368017,0.003991257913975739,-0.6680609590341743,-0.09984375137533644,-1.084639012518873,1.3540247084817212,-0.6524203275062389,1.2919543777368017,-0.04920700822681079,-0.5988557847292538,1.7611433091339488,-0.7289178506282847,-0.739954393516307,1.0220087909498317
258,57.85,13.82,67.37,6.39,14.63,97.02,224.48,banana,16,weather update day 16,rainfall,increase,0.54,57.85,13.82,67.37,6.39,14.63,97.02,345.7,unknown,R1,banana,-3.5,1,1,0,3,0,0,-0.4377048155604914,-2.365856462403975,1.083658318827637,-0.22968339417938421,-2.2533649986760795,2.186813987044912,0.9475563035165501,-0.4061513809064962,-2.3541330933569187,1.083658318827637,-0.23011097315203197,-1.999497286043108,2.009645961974269,1.537477455364486,-1.389771406105952,1.3906627019922546
259,123.56,50.97,36.79,6.59,25.96,35.16,174.5,lentil,90,weather update day 90,rainfall,unknown,0.56,123.56,50.97,36.79,6.59,25.96,35.16,174.5,success,R6,lentil,-0.9,1,2,5,2,8,8,2.43382593799246,0.060007579111001866,-0.6286248751084546,-0.007136106471422119,-0.0053681564804869035,-2.005617776401341,0.2690718553171484,2.307625503976183,0.05511344823426817,-0.6286248751084546,-0.057821482747059234,-0.013356083303938046,-1.823863789821802,0.10529497940862324,0.32760212716668147,1.4959923908615183
260,60.18,33.04,45.74,5.64,21.76,45.37,140.79,jute,69,weather update day 69,rainfall,decrease,0.54,60.18,33.04,45.74,5.64,21.76,45.37,64.76,success,UNKNOWN,jute,-1.1,1,0,6,2,7,7,-0.33588368246387945,-1.1108064791491201,-0.12748247531355525,-1.0642357230842414,-0.8386944351408123,-1.3136564394342178,-0.18854540656364072,-0.3099240160947988,-1.1076803738580596,-0.12748247531355525,-0.8761965621706791,-0.7496131928806823,-1.1911425714927057,-0.8127406801205612,-0.1597606322755524,1.3906627019922546
261,82.18,44.56,75.78,6.31,17.63,77.15,242.37,coconut,97,weather update day 97,humidity,decrease,0.27,82.18,44.56,75.78,6.31,17.63,76.94,242.37,success,R6,coconut,-1.3,0,0,5,2,3,3,0.6255175742423288,-0.3585600791961581,1.5545641939421735,-0.31870230926256904,-1.6581319424901328,0.8401664096172201,1.1904151826339433,0.5986605443589975,-0.36058696446020017,1.5545641939421735,-0.29902676931402106,-1.473599350631148,0.7652735756815904,0.6730649831651911,0.4900563803140927,-0.03128809774280417
262,118.27,72.76,27.52,6.69,30.97,55.64,68.02,mungbean,102,weather update day 102,humidity,increase,0.5,118.27,72.76,27.52,6.69,30.97,83.47,68.02,success,UNKNOWN,mungbean,0.3,0,1,6,2,11,11,2.2026526358117393,1.4828764206886966,-1.1476852154546797,0.10413753738255942,0.9886710473500439,-0.6176287283027431,-1.1764068170372395,2.089152216485247,1.468235443961643,-1.1476852154546797,0.028323262455427514,0.8648934688340353,1.1699424841721877,-0.785468981104112,0.6060951325622437,1.1800033242537271
263,32.73,61.82,48.61,7.06,26.03,66.97,15.91,lentil,22,weather update day 22,temperature,unknown,0.2,32.73,61.82,48.61,7.06,26.03,66.97,15.91,failure,UNKNOWN,lentil,2.7,3,2,6,0,8,8,-1.535450250490489,0.7685035374000329,0.033219054006149724,0.515850019642288,0.008520614830518579,0.1502382597322721,-1.8838062687313337,-1.4435897517519216,0.7587561124674951,0.033219054006149724,0.3470588197046261,-0.0010851314776589229,0.14742533408109207,-1.2213978877750233,-1.2505249034081711,-0.39994200878522684
264,71.2,47.41,74.22,5.47,32.88,47.94,205.17,coffee,15,weather update day 15,temperature,unknown,0.41,71.2,47.41,74.22,5.47,32.88,47.94,205.17,failure,R1,coffee,3.3,3,2,0,0,4,4,0.14569094703168484,-0.17245745420779554,1.467214233754459,-1.2534009176360088,1.3676360931217642,-1.1394800793945012,0.6854207554026955,0.14519425009614823,-0.17575916786437598,1.467214233754459,-1.0226426290149058,1.1997151543796505,-1.0318777790239715,0.3618664545112301,-1.4129791565555823,0.7060197243420409
265,84.09,55.27,47.65,7.03,29.96,71.82,71.29,watermelon,138,weather update day 138,rainfall,increase,0.15,84.09,55.27,47.65,7.03,29.96,71.82,81.98,failure,R6,watermelon,-2.6,1,1,5,0,14,14,0.7089846833472767,0.3407939957601112,-0.02053476764782834,0.4824679264860945,0.7882759184341088,0.47893683801734005,-1.1320161778693314,0.6775422039256678,0.3339764395893722,-0.02053476764782834,0.3212153961438808,0.687841163912009,0.44798340547150467,-0.6686858773404213,1.4415741487489302,-0.6632662309583859
266,79.75,75.56,53.67,7.0,21.48,80.22,500.0,lentil,5,weather update day 5,humidity,decrease,0.54,79.75,75.56,53.67,7.0,21.48,36.9,918.68,failure,R5,lentil,-2.1,0,0,4,0,8,8,0.5193264354334155,1.6657140873439302,0.3165464889739923,0.44908583332989993,-0.8942495203848342,1.048229221026531,4.687773093590564,0.4983032497270552,1.6498206476347337,0.3165464889739923,0.2953719725831347,-0.7986970001857988,-1.716034708539468,6.330771351820037,-1.6450566610518842,1.3906627019922546
267,73.74,55.83,29.51,5.22,29.13,87.27,88.42,mungbean,51,weather update day 51,rainfall,decrease,0.06,73.74,55.83,29.51,5.22,29.13,87.27,83.11,failure,R6,mungbean,4.9,1,0,5,0,11,11,0.2566890921241285,0.3773615290911576,-1.036258022651121,-1.5315850272709612,0.6235947728893299,1.5260281853378157,-0.8994743892007488,0.25009446753035885,0.37029348032399,-1.036258022651121,-1.2380044920211215,0.5423427351146997,1.4054312823749853,-0.659232803754965,-0.5775001403688957,-1.137249830870072
268,33.37,34.23,74.95,7.99,25.48,46.41,275.75,coconut,88,weather update day 88,soil_moisture,decrease,0.55,27.86,34.23,74.95,7.99,25.48,46.41,275.75,success,R6,coconut,4.8,2,0,5,2,3,3,-1.507482213931763,-1.033100470820646,1.5080895356371717,1.5506949074843115,-0.10060544547023847,-1.243172620585461,1.6435526552409065,-1.64471733399783,-1.0305066622969963,1.5080895356371717,1.1482049500877491,-0.09749975296985176,-1.1266930056687823,0.9523071037692022,0.2811866262674211,1.4433275464268864
269,50.23,33.45,51.24,7.61,30.59,41.44,90.62,coffee,132,weather update day 132,unknown,decrease,0.3,50.23,33.45,51.24,7.61,30.59,41.44,90.62,failure,R3,coffee,2.8,4,0,2,0,4,4,-0.7706992508378236,-1.0840338208174607,0.18048212791236046,1.127855060839184,0.9132748602331575,-1.580003947199232,-0.869609127375245,-0.7208520332091294,-1.0810911118916424,0.18048212791236046,0.8208549183183013,0.7982797303485204,-1.434687565423494,-0.5964075093949852,1.3023276460511493,0.12670643556109107
270,0.0,48.67,49.57,5.31,27.99,89.79,138.91,banana,7,weather update day 7,soil_moisture,decrease,0.06,-10.72,48.67,49.57,5.31,27.99,89.79,138.91,success,UNKNOWN,banana,2.0,2,0,6,2,0,0,-2.965753120126588,-0.09018050421294,0.08697287566012779,-1.4314387478023785,0.39740621153866995,1.6968159002405734,-0.21406663030543488,-3.2380442586481686,-0.09404582621148479,0.08697287566012779,-1.160474221338884,0.3425015196581546,1.5615975380252622,-0.19243501077402375,-1.5986411601526238,-1.137249830870072
271,39.04,45.0,32.23,5.86,28.21,59.07,163.98,mungbean,106,weather update day 106,humidity,unknown,0.0,39.04,45.0,32.23,5.86,28.21,59.07,163.98,success,R2,mungbean,-3.7,0,2,1,2,11,11,-1.2597028900442993,-0.3298284458646215,-0.8839555279648503,-0.8194337066054825,0.4410566356589732,-0.38516767190732365,0.12626160331519334,-1.182991180094492,-0.33205214674014316,-0.8839555279648503,-0.6866781227252088,0.3810673682550321,-0.34214348323525057,0.017289373993578317,0.6989261343607643,-1.453238897477863
272,71.08,56.91,43.46,6.33,34.76,83.08,500.0,sugarcane,21,weather update day 21,temperature,increase,0.0,71.08,56.91,43.46,6.33,34.76,83.08,973.77,failure,R2,sugarcane,2.8,3,1,1,0,13,13,0.1404469401769235,0.4478846290867477,-0.2551478017417531,-0.29644758049177233,1.7406488083316232,1.2420597228606125,4.687773093590564,0.1402383343118546,0.4403334874550392,-0.2551478017417531,-0.2817978202735234,1.5292778605711448,1.1457738969882163,6.791629602990647,-1.2737326538578013,-1.453238897477863
273,55.34,77.27,61.95,6.94,27.17,61.528000000000006,222.03,chickpea,108,weather update day 108,humidity,increase,0.0,55.34,77.27,61.95,6.94,27.17,61.27,222.03,success,R4,chickpea,0.4,0,1,3,2,2,2,-0.5473919589392451,1.7773756623369477,0.7801732007395528,0.3823216470175118,0.23470917618117848,-0.21858187697439585,0.9142972619381482,-0.5098126193946338,1.760717325592228,0.7801732007395528,0.24368512546164323,0.19875608397888608,-0.2058078632231043,0.502909658626977,0.7453416352600247,-1.453238897477863
274,63.5,49.0,55.8,4.9,30.36,101.39,178.82,wheat,147,weather update day 147,temperature,decrease,0.47,63.5,49.0,55.8,4.9,16.09,101.39,178.82,success,R2,wheat,-5.1,3,0,1,2,15,15,-0.19079949281548808,-0.06863177921428755,0.43581278076875574,-1.8876606876036996,0.8676403259255682,2.4829815720151696,0.32771636944722865,-0.1728103460626805,-0.07264471292144206,0.43581278076875574,-1.513667676669077,-1.7435602908092875,2.2804580799074867,0.14143416338134124,1.650443902795602,1.0220087909498317
275,52.09,35.54,22.1,7.86,22.56,63.62,131.92,cotton,46,weather update day 46,unknown,increase,0.38,52.09,35.54,22.1,7.86,22.56,63.62,131.92,success,R2,cotton,-3.1,4,1,1,2,5,5,-0.6894171445890258,-0.9475585624926615,-1.451170333542764,1.4060391704741364,-0.6799656201578937,-0.07680096444401231,-0.3089567121964678,-0.6440353385525809,-0.9455507277213714,-1.451170333542764,1.0362167813245171,-0.6093737434374934,-0.060176632755584984,-0.2509102181743245,-0.6935388926170466,0.5480251910381456
276,113.15,40.91,61.36,6.74,32.51,88.42,151.92,coffee,69,weather update day 69,humidity,decrease,0.46,113.15,40.91,61.36,6.74,32.51,88.02,151.92,partial,UNKNOWN,coffee,-2.3,0,0,6,1,4,4,1.9789083433419314,-0.5969020375145883,0.7471369978480452,0.1597743593095497,1.294224016192163,1.6039670234878838,-0.037454331964614326,1.8776998096887276,-0.5972962478197653,0.7471369978480452,0.0713956350566705,1.1348544090121746,1.4519093346518532,-0.08359918126359288,-0.1597606322755524,0.9693439465152001
277,19.02,53.86,22.91,6.11,26.23,60.47,111.84,wheat,73,weather update day 73,unknown,increase,0.55,19.02,53.86,22.91,6.11,26.23,60.47,111.84,unknown,R2,wheat,-1.9,4,1,1,3,15,15,-2.1345780336469486,0.24872217076586822,-1.40581554652222,-0.5412495969705301,0.048202818576248224,-0.2902856080724587,-0.5815451019492485,-2.0098031301074464,0.24253531916827978,-1.40581554652222,-0.471316259718993,0.0339747308831383,-0.25538445231843043,-0.41889049923269894,-0.06692963047703168,1.4433275464268864
278,80.77,46.83,40.08,6.94,26.38,40.85,211.91,banana,148,weather update day 148,soil_moisture,increase,0.4,90.47,46.83,40.08,6.94,26.38,40.85,211.91,success,R3,banana,4.0,2,1,2,2,0,0,0.563900493698885,-0.21033097087209385,-0.4444060488151341,0.3823216470175118,0.07796447138554528,-1.6199899598153535,0.7769170575408303,0.9410317264572685,-0.21337324576808753,-0.4444060488151341,0.24368512546164323,0.060269627653736065,-1.4712502998812966,0.41825027395014674,1.6736516532452321,0.6533548799074093
279,53.29,66.46,63.61,6.1,28.88,42.37,161.1,cotton,115,weather update day 115,soil_moisture,decrease,0.51,53.29,66.46,63.61,6.1,28.88,42.37,161.1,success,R4,cotton,1.4,2,0,3,2,5,5,-0.6369770760414146,1.07149167071442,0.8731225173495561,-0.552376961355929,0.5739920182071676,-1.5169751476517859,0.08716526056180651,-0.5944761807096468,1.059668735697188,0.8731225173495561,-0.4799307342392422,0.4985179071637029,-1.3770547806001778,-0.006803415321567002,0.9077958884074361,1.232668168688359
280,98.38,20.76,60.01,7.29,19.31,51.71,98.95,coffee,89,weather update day 89,soil_moisture,decrease,0.41,98.38,20.76,60.01,7.29,19.31,51.71,98.95,success,R3,coffee,-2.2,2,0,2,2,4,4,1.3334584996350813,-1.9126802457656453,0.6715456861471386,0.7717794005064447,-1.3248014310260028,-0.8839762360677572,-0.756528386008678,1.2677091752386105,-1.904061195681472,0.6715456861471386,0.5451917336703449,-1.1790965068004504,-0.7982481029122482,-0.5267224625216655,0.3043943767170513,0.7060197243420409
281,49.9,60.26,63.31,7.82,21.35,34.95,133.36,sugarcane,10,weather update day 10,rainfall,decrease,0.0,49.9,60.26,63.31,7.82,21.35,34.95,133.36,failure,R1,sugarcane,8.4,1,0,0,0,13,13,-0.7851202696884166,0.6666368374064024,0.8563244480826883,1.361529712932544,-0.9200429528195584,-2.0198500859765707,-0.28940854081977396,-0.7344808016159363,0.6575872132782015,0.8563244480826883,1.0017588832435225,-0.8214859107203168,-1.8368776444593247,-0.23886382351675164,-1.5290179088037332,-1.453238897477863
282,39.89,68.25,71.1,7.95,33.96,86.34,132.81,watermelon,139,weather update day 139,rainfall,increase,0.3,39.89,68.25,71.1,7.95,33.96,86.34,133.21,success,R4,watermelon,0.9,1,1,3,2,14,14,-1.2225578414897411,1.1883771790404447,1.2925143133790302,1.5061854499427192,1.5819199933487047,1.46299938579037,-0.2968748562761501,-1.1478867766224135,1.175753562331057,1.2925143133790302,1.1137470520067545,1.389038411127956,1.3477984975516695,-0.24011865629358217,1.4647818991985604,0.12670643556109107
283,46.24,51.08,50.23,6.31,15.98,77.73,123.42,blackgram,61,weather update day 61,rainfall,unknown,0.0,46.24,51.08,50.23,6.31,15.98,77.73,123.42,failure,R4,blackgram,3.7,1,2,3,0,1,1,-0.9450624787586311,0.06719048744388602,0.12392862804723748,-0.31870230926256904,-1.9855101233924033,0.8794746932059498,-0.42434522379500533,-0.8856362330368859,0.062247152664282414,0.12392862804723748,-0.29902676931402106,-1.762843215107726,0.814230457413225,-0.32201740886138536,-0.34542263587259386,-1.453238897477863
284,88.83,53.48,52.37,6.63,22.5,55.78,229.39,maize,108,weather update day 108,temperature,decrease,0.0,88.83,53.48,52.37,6.63,22.5,55.78,229.39,success,R3,maize,2.2,3,0,2,2,9,9,0.9161229541103413,0.2239084874340863,0.24375485548423018,0.0373733510701703,-0.6918702812816124,-0.6081405219192565,1.01421013786347,0.8733008774052582,0.217891612955503,0.24375485548423018,-0.02336358466606469,-0.6198917021457323,-0.546027205889778,0.5644801202101262,0.7453416352600247,-1.453238897477863
285,47.0,55.2,74.24,5.3,26.38,66.86,73.53,coconut,51,weather update day 51,soil_moisture,unknown,0.32,47.0,55.2,74.24,5.3,26.38,66.86,73.53,failure,R4,coconut,1.1,2,2,3,0,3,3,-0.911850435345144,0.3362230540937303,1.4683341050389167,-1.4425661121877764,0.07796447138554528,0.1427832404309613,-1.1016079112833639,-0.8542487664030275,0.3294368094975449,1.4683341050389167,-1.1690886958591324,0.060269627653736065,0.1406085530804848,-0.7393747904352055,-0.5775001403688957,0.2320361244303548
286,99.31,38.09,25.47,5.72,23.89,65.55,140.94,maize,38,weather update day 38,temperature,decrease,0.41,99.31,38.09,25.47,5.72,14.09,65.55,140.94,failure,R3,maize,-5.3,3,0,2,0,9,9,1.3740995527594806,-0.7810456875030732,-1.262472022111612,-0.9752168080010565,-0.4160789652487903,0.0540007378426231,-0.18650913871190175,1.3061175225668848,-0.7801784886619492,-1.262472022111612,-0.80728076600869,-2.0941589144172608,0.0594268884368886,-0.17545294052758448,-0.8792008962140881,0.7060197243420409
287,124.25,67.01,68.8,6.9,27.38,82.84,7.13,coconut,86,weather update day 86,temperature,increase,0.43,124.25,67.01,68.8,6.9,39.15,82.84,7.13,success,R3,coconut,1.7,3,1,2,2,3,3,2.463978977407336,1.1074062123788415,1.1637291156663747,0.3378121894759194,0.2763754901141942,1.2257942262032073,-2.0029958136531176,2.33612201973587,1.0953372578472602,1.1637291156663747,0.2092272273806487,2.2988418393906467,1.1309009202596187,-1.2948474329788346,0.2347711253681607,0.8113494132113045
288,40.32,23.44,17.33,5.78,29.5,76.42,113.55,lentil,93,weather update day 93,rainfall,decrease,0.0,40.32,23.44,17.33,5.78,29.5,76.42,113.55,failure,R2,lentil,-0.1,1,0,1,0,8,8,-1.2037668169268472,-1.7376784791099216,-1.7182596348859673,-0.9084526216886674,0.6970068498189301,0.7906921906176116,-0.5583316484394251,-1.130128078395362,-1.7302582150229422,-1.7182596348859673,-0.7555939188871978,0.6072034804821749,0.7330487927696288,-0.4045854055768315,0.397225378515572,-1.453238897477863
289,36.25,62.47,63.69,6.76,20.39,85.7,272.23,jute,121,weather update day 121,rainfall,unknown,0.19,36.25,62.47,63.69,6.76,20.39,85.7,272.23,unknown,UNKNOWN,jute,0.4,1,2,6,3,7,7,-1.3816260494174957,0.8109479957307121,0.8776020024873876,0.1820290880803454,-1.1105175307990616,1.419624728037289,1.5957682363201007,-1.2982162220793143,0.8009098204630339,0.8776020024873876,0.08862458409716739,-0.9897732500521443,1.3081372262754087,0.9228603612729136,1.0470423911052171,-0.45260685321985866
290,61.91,53.79,57.39,6.33,20.19,75.96,500.0,coconut,16,weather update day 16,soil_moisture,increase,0.37,68.78,53.79,57.39,6.33,20.19,75.96,921.7,failure,R2,coconut,-2.6,2,1,1,0,3,3,-0.26028258364107326,0.24415122909948736,0.524842547883157,-0.29644758049177233,-1.1501997345447912,0.759516655357584,4.687773093590564,0.045249948446230585,0.2379956890764525,0.524842547883157,-0.2817978202735234,-1.0248331124129415,0.704542254039816,6.356035318393558,-1.389771406105952,0.49536034660351375
291,51.09,42.192,49.85,5.74,20.36,51.23,76.04,maize,69,weather update day 69,temperature,decrease,0.4,51.09,71.76,49.85,5.74,20.28,51.23,76.04,success,R1,maize,2.0,3,0,0,2,9,9,-0.7331172017120352,-0.513188505853156,0.1026510736425381,-0.9529620792302598,-1.1164698613609212,-0.9165072293825683,-1.0675343625642661,-0.6853346367550263,1.4033835855069676,0.1026510736425381,-0.7900518169681924,-1.0090561743505828,-0.827994056369444,-0.7183772553029086,-0.1597606322755524,0.6533548799074093
292,63.41,56.76,47.93,6.3,18.9,67.24,207.5,mango,25,weather update day 25,humidity,unknown,0.0,63.41,56.76,47.93,6.3,18.9,67.24,207.5,failure,R6,mango,-2.3,0,2,5,0,10,10,-0.19473249795655906,0.4380897540873603,-0.004856569665418022,-0.3298296736479669,-1.4061499487047489,0.16853694347185294,0.7170507826997067,-0.17652728290090072,0.430605708686838,-0.004856569665418022,-0.3076412438342695,-1.250969224640085,0.1641574329007643,0.38135819031133045,-1.1809016520592805,-1.453238897477863
293,74.65,63.52,39.55,6.52,24.71,40.8,204.99,cotton,109,weather update day 109,temperature,decrease,0.2,74.65,63.52,39.55,6.52,24.66,40.8,204.99,partial,R6,cotton,6.2,3,0,5,1,5,5,0.2964561441060676,0.879512120726425,-0.47408263785326793,-0.0850276571692091,-0.2533819298912981,-1.6233786049523131,0.6829772339806092,0.2876768288945845,0.8690042718404433,-0.47408263785326793,-0.11812280438879988,-0.24124518864912095,-1.4743488366997548,0.3603606551790337,0.7685493857096549,-0.39994200878522684
294,110.87,74.29,64.79,5.89,23.18,49.97,166.79,banana,113,weather update day 113,rainfall,increase,0.16,110.87,74.29,64.79,5.89,23.18,49.97,193.47,partial,R4,wheat,-8.8,1,1,3,1,0,15,1.8792722131014699,1.5827841456824494,0.9391949231325712,-0.786051613449289,-0.5569507885461312,-1.0019010868339469,0.1644076877377688,1.7835374097871524,1.5674587873972963,0.9391949231325712,-0.6608346991644634,-0.5006881701190214,-0.9060771841945822,0.2639894979184522,0.8613803875081757,-0.6106013865237541
295,59.61,11.33,56.01,6.47,32.73,70.6,61.28,sugarcane,139,weather update day 139,rainfall,decrease,0.53,59.61,11.33,56.01,6.47,32.73,70.6,60.95,partial,R1,sugarcane,-6.7,1,0,0,1,13,13,-0.36079271502399485,-2.528451387393808,0.4475714292555635,-0.14066447909619936,1.3378744403124656,0.3962538966755291,-1.267903119175374,-0.3334646160701926,-2.51561422090906,0.4475714292555635,-0.16119517699004288,1.1734202576090516,0.3723791071011328,-0.8446134326520557,1.4647818991985604,1.3379978575576228
296,31.82,61.54,68.13,5.41,27.64,80.86,123.06,blackgram,123,weather update day 123,rainfall,unknown,0.3,31.82,61.54,68.13,5.41,27.64,80.86,123.06,success,R4,blackgram,2.0,1,2,3,2,1,1,-1.5752173024724274,0.7502197707345094,1.1262134276370357,-1.320165103948397,0.32796235498364323,1.091603878779612,-0.4292322666391787,-1.4811721131161468,0.7405975921001859,1.1262134276370357,-1.0743294761363973,0.28114676052675963,1.008198862248687,-0.3250290075257785,1.0934578920044775,0.12670643556109107
297,85.66,63.86,26.02,8.5,27.38,71.04,179.83,sugarcane,140,weather update day 140,humidity,decrease,0.54,85.66,63.86,26.02,8.5,27.38,32.68,179.83,unknown,R2,sugarcane,1.5,0,0,1,3,13,13,0.7775937730304012,0.9017138373917032,-1.2316755617890205,2.118190491139614,0.2763754901141942,0.4260739738807732,0.3414272396489375,0.7423821021035066,0.8910539037150326,-1.2316755617890205,1.587543150620429,0.2355689394577228,-1.9775512160173119,0.14988337074533334,1.4879896496481906,1.3906627019922546
298,68.33,2.18,60.29,6.25,19.26,78.84,188.18,coffee,31,weather update day 31,rainfall,increase,0.23,68.33,2.18,60.29,6.25,19.26,78.84,188.61,success,R4,coffee,-1.0,1,1,3,2,4,4,0.020271783088647508,-3.125938762356447,0.6872238841295488,-0.38546649557495716,-1.3347219819624347,0.95470261524645,0.45477948339573626,0.026665264255130095,-3.1090087257693386,0.6872238841295488,-0.35071361643551247,-1.187861472390649,0.8830179747829896,0.22333291594914453,-1.0416551493614994,-0.24194747548133141
299,85.23,31.1,41.51,6.28,22.71,63.238000000000014,54.34,lentil,73,weather update day 73,temperature,increase,0.16,85.23,31.1,41.51,6.28,26.35,70.14,54.34,failure,R3,lentil,6.2,3,1,2,0,8,8,0.7588027484675075,-1.237486862474532,-0.3643352519763961,-0.3520844024187626,-0.650203967348596,-0.10269021329038154,-1.3621144451158271,0.7246234038764554,-1.2334929792601295,-0.3643352519763961,-0.3248701928747664,0.05501064829961689,0.34387256837132085,-0.8999097303510525,-0.06692963047703168,-0.6106013865237541
300,56.52,66.67,59.05,4.99,24.13,72.35,158.33,cotton,27,weather update day 27,humidity,increase,0.42,56.52,66.67,59.05,4.99,24.13,102.73,158.33,failure,R4,cotton,1.9,0,1,3,0,5,5,-0.4958258915340939,1.085204495713563,0.6177918644931605,-1.7875144081351169,-0.3684603207539148,0.5148564764691105,0.04956218089969505,-0.46107944751574836,1.0732876259726702,0.6177918644931605,-1.4361374059868395,-0.3341538239052341,2.3634988666421575,-0.029975993933703184,-1.1344861511600202,0.7586845687766727
301,69.964,49.79,49.83,5.6,17.19,49.6,164.82,watermelon,143,weather update day 143,rainfall,increase,0.52,59.48,49.79,49.83,5.6,17.19,49.6,250.53,success,R1,watermelon,-1.5,1,1,0,2,14,14,0.09167767642764496,-0.01704543755084664,0.10153120235808005,-1.1087451806258337,-1.745432790730738,-1.0269770608474467,0.13766470328493124,-0.33883352483651064,-0.02141174474224864,0.10153120235808005,-0.9106544602516736,-1.5507310478249017,-0.9290063566511702,0.7413278862247696,1.5576129009970812,1.285333013122991
302,73.31,29.27,39.29,7.17,20.74,27.02,500.0,wheat,105,weather update day 105,soil_moisture,decrease,0.3,73.24,29.27,39.29,7.17,20.74,27.02,1171.4,partial,R5,wheat,-0.4,2,0,4,1,15,15,0.23789806756123474,-1.35698433746706,-0.4886409645512202,0.6382510278816674,-1.0410736742440347,-2.5572892046983426,4.687773093590564,0.22944481842913625,-1.3521718802321854,-0.4886409645512202,0.4418180394273613,-0.9284184909207494,-2.3283055838667424,8.444913614224044,0.6757183839111341,0.12670643556109107
303,80.58,49.84,38.54,7.15,23.17,32.35,229.99,rice,58,weather update day 58,unknown,increase,0.56,80.58,49.84,38.54,7.15,23.17,32.35,229.99,failure,R1,rice,-2.5,4,1,0,0,12,12,0.5555974828455132,-0.013780479217717186,-0.5306361377183905,0.6159962991108717,-0.5589348987334173,-2.196059633098463,1.022355209270426,0.5325816672350847,-0.0181691518195146,-0.5306361377183905,0.4245890903868644,-0.5024411632370609,-1.9980015590191338,0.5694994513174483,-0.41504588722148444,1.4959923908615183
304,58.92,38.55,49.77,5.9,21.91,52.93,165.3,sugarcane,134,weather update day 134,soil_moisture,increase,0.57,58.92,38.55,49.77,5.9,21.91,52.93,165.3,failure,R4,sugarcane,3.6,2,1,3,0,13,13,-0.3909457544388713,-0.7510080708382852,0.0981715885047067,-0.7749242490638901,-0.8089327823315152,-0.8012932947259462,0.14418076041049596,-0.36196113182987977,-0.750346633772799,0.0981715885047067,-0.6522202246442141,-0.7233182961100845,-0.7226438045418765,0.028331902429686785,1.3487431469504094,1.5486572352961496
305,66.53,59.11,44.1,7.98,31.65,76.25,157.89,banana,116,weather update day 116,humidity,increase,0.19,66.53,59.11,44.1,7.98,31.65,90.74,157.89,failure,R3,banana,-1.2,0,1,2,0,0,0,-0.05838831973276938,0.5915427957444316,-0.21931192063910104,1.5395675430989137,1.123590540085525,0.7791707971519493,0.04358912853459392,-0.04767347250927128,0.583007576055325,-0.21931192063910104,1.1395904755675006,0.9840970008607461,1.620469737575961,-0.0336568367457395,0.9310036388570662,-0.45260685321985866
306,50.54,21.84,56.29,5.42,17.41,84.12,196.09,wheat,127,weather update day 127,soil_moisture,unknown,0.0,50.54,21.84,56.29,5.42,17.41,84.12,196.09,failure,R6,wheat,-1.0,2,2,5,0,15,15,-0.7571522331296906,-1.8421571457700554,0.4632496272379738,-1.309037739562999,-1.7017823666104355,1.3125435417093698,0.5621586747774343,-0.7080492507663713,-1.8340211885504227,0.4632496272379738,-1.0657150016161487,-1.512165199228025,1.2102234628121402,0.2859072437537581,1.1862888938029983,-1.453238897477863
307,68.11,52.72,24.36,6.53,26.82,66.93,137.05,sugarcane,58,weather update day 58,humidity,increase,0.42,68.11,52.72,24.36,6.53,26.82,67.21,137.05,success,R5,sugarcane,3.4,0,1,4,2,13,13,0.010657770521585478,0.174281120770523,-1.324624878399024,-0.07390029278381026,0.16526531962615107,0.14752734362270506,-0.23931635166699705,0.01757941865059218,0.16860420052994993,-1.324624878399024,-0.10950832986855068,0.13740132484749046,0.1622983108096895,-0.20799493720672166,-0.41504588722148444,0.7586845687766727
308,47.58,14.99,70.49,9.5,29.08,82.73,172.79,sugarcane,86,weather update day 86,rainfall,unknown,0.34,47.58,14.99,70.49,13.59,29.08,82.73,172.79,failure,R1,sugarcane,0.7,1,2,0,0,13,13,-0.8865044022137986,-2.2894564374087523,1.258358239203065,3.2309269296794234,0.6136742219528972,1.2183392069018966,0.24585840180732482,-0.8302951734456093,-2.2782564189649483,1.258358239203065,5.972310681426981,0.5335777695245002,1.1240841392590115,0.09098988575275563,0.2347711253681607,0.33736581329961846
309,64.69,44.0,45.94,6.71,25.25,46.04,179.17,banana,12,weather update day 12,temperature,increase,0.39,64.69,44.0,45.94,6.71,35.1,46.04,179.17,success,UNKNOWN,banana,-2.9,3,1,6,2,0,0,-0.13879642483910692,-0.395127612527205,-0.11628376246897672,0.12639226615335514,-0.14623997977782782,-1.268248594598961,0.332467661101286,-0.12366418120177072,-0.39690400519481844,-0.11628376246897672,0.0455522114959244,1.5888796265845009,-1.1496221781253704,0.144362106527279,-1.4826024079044728,0.6006900354727774
310,0.0,28.53,38.05,7.86,28.34,64.7,151.3,chickpea,24,weather update day 24,humidity,increase,0.26,-19.51,28.53,38.05,7.86,28.34,64.87,151.3,unknown,R6,chickpea,-2.8,0,1,5,3,2,2,-2.965753120126588,-1.4053057207973716,-0.5580729841876085,1.4060391704741364,0.4668500680936974,-0.003606229485687456,-0.04587090575180146,-3.601065089847663,-1.400162255488645,-0.5580729841876085,1.0362167813245171,0.40385627878955027,0.017286787705862085,-0.08878582340782537,-1.2041094025089107,-0.08395294217743601
311,67.8,47.24,34.1,7.83,24.12,75.49,37.5,mango,71,weather update day 71,humidity,decrease,0.53,67.8,47.24,34.1,7.83,24.12,75.09,37.5,failure,R3,mango,3.5,0,0,2,0,10,10,-0.002889247186547552,-0.18355831254043437,-0.7792475628680386,1.3726570773179418,-0.37044443094120094,0.7276633910701651,-1.590719449271048,0.004776636207834052,-0.18678398380167044,-0.7792475628680386,1.010373357763771,-0.33590681702327363,0.6506277133986497,-1.0407856234298885,-0.11334513137629204,1.3379978575576228
312,81.97,46.47,24.76,7.22,32.01,63.59,169.23,mungbean,46,weather update day 46,temperature,increase,0.46,81.97,46.47,24.76,7.22,32.16,63.59,169.23,failure,R3,mungbean,-6.2,3,1,2,0,11,11,0.6163405622464965,-0.23383867087062388,-1.3022274527098665,0.6938878498086577,1.1950185068278385,-0.0788341515261876,0.19753097812605488,0.5899876917364837,-0.2367199148117706,-1.3022274527098665,0.4848904120286043,1.0734996498807792,-0.06203575484665934,0.06120852118264537,-0.6935388926170466,0.9693439465152001
313,48.7,47.47,60.71,6.18,33.9,75.18,106.87,maize,70,weather update day 70,humidity,increase,0.0,48.7,47.47,60.71,6.18,33.9,75.18,106.87,success,UNKNOWN,maize,0.6,0,1,6,2,9,9,-0.8375603382360278,-0.16853950420804037,0.7107411811031643,-0.4633580462727442,1.5700153322249852,0.7066537912210171,-0.6490134434368641,-0.7840399594588704,-0.17186805635709532,0.7107411811031643,-0.41101493807725314,1.3785204524197163,0.656205079671874,-0.4604672919050158,-0.13655288182592223,-1.453238897477863
314,44.13,29.21,51.16,7.42,28.76,69.54,132.68,chickpea,149,weather update day 149,soil_moisture,unknown,0.05,44.13,29.21,51.16,7.42,28.76,69.54,132.68,partial,R1,chickpea,2.0,2,2,0,1,2,2,-1.037269599288181,-1.3609022874668149,0.17600264277452865,0.9164351375166199,0.5501826959597302,0.3244146197719892,-0.2986396217476571,-0.9727777522440454,-1.3560629917394658,0.17600264277452865,0.657179902433577,0.477481989747225,0.3066901265498268,-0.24455239877171656,1.6968594036948623,-1.1899146753047039
315,76.99,52.0,-5.52,5.49,22.26,69.37,167.36,jute,17,weather update day 17,rainfall,increase,0.42,76.99,52.0,-5.52,5.49,22.26,69.37,237.65,success,R1,jute,-1.9,1,1,0,2,7,7,0.3987142777739092,0.12726572077346296,-2.99771257737909,-1.2311461888652122,-0.7394889257764878,0.31289322630632693,0.1721455055743769,0.384317186688306,0.12191086244258378,-2.99771257737909,-1.005413679974408,-0.6619635369786889,0.29615510136706996,0.6335795784542585,-1.3665636556563219,0.7586845687766727
316,23.33,14.33,59.23,7.54,22.08,96.51,249.78,blackgram,58,weather update day 58,rainfall,decrease,0.36,23.33,14.33,59.23,7.54,22.08,96.51,159.86,partial,R5,blackgram,2.4,1,0,4,1,1,1,-1.946230787446778,-2.3325538874060574,0.6278707060532813,1.049963510141397,-0.7752029091476453,2.1522498066479256,1.291006814509845,-1.8318031548549072,-2.321058645545034,0.6278707060532813,0.7605535966765606,-0.6935174131034071,1.9780408864259993,-0.017176699610032202,-0.41504588722148444,0.44269550216888187
317,78.62,53.65,41.81,7.74,20.42,47.43,206.53,blackgram,64,weather update day 64,soil_moisture,unknown,0.53,78.62,53.65,41.81,7.74,20.42,47.43,206.53,partial,R1,blackgram,2.6,2,2,0,1,1,1,0.469945370884415,0.23500934576672564,-0.3475371827095277,1.2725107978493593,-1.104565200237202,-1.1740442597914877,0.7038829172584617,0.4516350427582922,0.22891642889279792,-0.3475371827095277,0.9328430870815334,-0.9845142706980246,-1.0634828545722417,0.37324360502116,-0.27579938452370334,1.3379978575576228
318,57.62,56.29,27.4,7.09,24.39,64.39,128.27,wheat,33,weather update day 33,humidity,increase,0.39,57.62,56.29,27.4,7.09,24.39,64.64,128.27,success,R1,wheat,-0.7,0,1,0,2,15,15,-0.4477558286987838,0.4073991457559461,-1.154404443161427,0.5492321127984826,-0.3168734558844658,-0.024615829334836307,-0.35850589658878074,-0.4156502194930588,0.4001253352131407,-1.154404443161427,0.3729022432653722,-0.2885760028361973,0.0030335183409556585,-0.2814444824105329,-0.995239648462239,0.6006900354727774
319,73.26,49.88,23.08,7.27,22.09,48.8,203.13,wheat,22,weather update day 22,temperature,decrease,0.43,73.26,49.88,23.08,7.27,21.99,48.8,203.13,success,R4,wheat,2.3,3,0,3,2,15,15,0.2357130647050844,-0.011168512551213901,-1.3962966406043282,0.749524671735648,-0.7732187989603585,-1.0811953830387984,0.6577275126190466,0.23027080439318556,-0.015575077481327644,-1.3962966406043282,0.5279627846298472,-0.7092943511657659,-0.9785829457464963,0.34480072874633555,-1.2505249034081711,0.8113494132113045
320,83.93,56.0,44.53,6.89,24.08,57.04,36.04,coconut,25,weather update day 25,humidity,increase,0.14,83.93,56.0,44.53,6.89,24.08,65.03,36.04,failure,R1,coconut,-1.0,0,1,0,0,3,3,0.7019926742075954,0.38846238742379696,-0.19523468802325675,0.32668482509052055,-0.3783808716903474,-0.5227466644678781,-1.6105391230279733,0.6709343162132767,0.38131829626128494,-0.19523468802325675,0.20061275286039948,-0.3429187894954336,0.027202105524927044,-1.052999329124372,-1.1809016520592805,-0.7159310753930176
321,74.89,48.54,60.33,7.21,24.21,70.23,126.67,banana,61,weather update day 61,temperature,increase,0.35,74.89,48.54,60.33,7.21,32.68,70.23,126.67,failure,R1,banana,4.4,3,1,0,0,0,0,0.3069441578155896,-0.09866939587907601,0.6894636266984646,0.6827604854232598,-0.3525874392556225,0.3711779226620297,-0.3802260870073291,0.2975886604631712,-0.10247656781059275,0.6894636266984646,0.47627593750835584,1.1646552920188527,0.3494499346445452,-0.2948293653633915,-0.34542263587259386,0.39003065773425005
322,101.71,64.34,82.98,6.54,27.44,60.99,132.78,rice,16,weather update day 16,humidity,decrease,0.0,101.71,64.34,82.98,6.54,27.44,60.99,132.78,failure,R6,rice,-3.1,0,0,5,0,12,12,1.4789796898547027,0.9330574373897436,1.9577178563470086,-0.06277292839841239,0.2882801512379136,-0.25504369864807996,-0.2972821098464979,1.4052358382527532,0.922182795773277,1.9577178563470086,-0.10089385534830222,0.2460868981659624,-0.22315966940646842,-0.24371584358716294,-1.389771406105952,-1.453238897477863
323,103.96,37.02,76.22,5.81,28.63,47.93,500.0,mungbean,73,weather update day 73,soil_moisture,unknown,0.43,103.96,37.02,76.22,5.81,28.63,47.93,1158.28,unknown,UNKNOWN,mungbean,-1.0,2,2,6,3,11,11,1.577304818381474,-0.8509157958320377,1.5792013622002465,-0.8750705285324738,0.5243892635250054,-1.140157808421893,4.687773093590564,1.498159259208255,-0.8495699772084517,1.5792013622002465,-0.7297504953264525,0.45469307921270624,-1.032497486387663,8.335157574010601,-0.06692963047703168,0.8113494132113045
324,60.62,43.94,44.86,7.3,23.67,63.68,328.74,jute,10,weather update day 10,humidity,decrease,0.07,60.62,43.94,44.86,7.3,23.67,59.22,328.74,unknown,R6,jute,-0.3,0,0,5,3,7,7,-0.3166556573297554,-0.3990455625269602,-0.1767568118297019,0.7829067648918425,-0.4597293893690928,-0.0727345902796608,2.3628982116652026,-0.291752324885723,-0.4007951167020991,-0.1767568118297019,0.5538062081905933,-0.41479150733506753,-0.33284787277987704,1.3955976960641858,-1.5290179088037332,-1.0845849864354402
325,75.76,57.43,33.35,6.28,27.55,67.45,122.33,wheat,109,weather update day 109,rainfall,unknown,0.39,75.76,57.43,33.35,6.28,27.55,67.45,122.33,success,R6,wheat,1.2,1,2,5,2,15,15,0.344963207512608,0.48184019575129133,-0.821242736035209,-0.3520844024187626,0.3101053632980649,0.18276925304708325,-0.4391421035176414,0.33351904989929876,0.47405645385147055,-0.821242736035209,-0.3248701928747664,0.2653698224644009,0.17717128753828784,-0.3311358603730203,0.7685493857096549,0.6006900354727774
326,80.24,47.48,70.08,7.43,31.88,38.99,162.4,coffee,28,weather update day 28,temperature,unknown,0.14,80.24,47.48,70.08,7.43,31.88,38.99,162.4,failure,R3,coffee,2.3,3,2,2,0,4,4,0.54073946342369,-0.16788651254141468,1.2354008778716787,0.9275625019020177,1.1692250743931145,-1.7460475589102455,0.10481291527687714,0.5185399058462532,-0.1712195377725487,1.2354008778716787,0.6657943769538255,1.024415842575663,-1.5865158695279291,0.0040718020776306495,-1.11127840071039,-0.7159310753930176
327,60.85,65.7,61.92,6.1,25.37,56.73,64.83,coffee,80,weather update day 80,temperature,unknown,0.56,60.85,65.7,61.92,6.1,25.37,56.73,64.83,success,R3,coffee,-2.6,3,2,2,2,4,4,-0.30660464419146305,1.021864304050857,0.7784933938128659,-0.552376961355929,-0.12243065753038974,-0.543756264317027,-1.21971144668422,-0.2822534862991604,1.0103813232716354,0.7784933938128659,-0.4799307342392422,-0.11678267726829021,-0.4871550063390789,-0.8121550914913738,0.0955246226703796,1.4959923908615183
328,68.86,61.0,42.54,6.47,28.81,59.18,132.13,jute,119,weather update day 119,soil_moisture,increase,0.0,68.86,61.0,42.54,6.47,28.81,59.18,132.13,unknown,R6,jute,-3.5,2,1,5,3,7,7,0.04343281336384257,0.7149582207367144,-0.30666188082681545,-0.14066447909619936,0.5601032468961622,-0.3777126526060129,-0.30610593720403323,0.048553892302426134,0.7055775885346613,-0.30666188082681545,-0.16119517699004288,0.48624695533742385,-0.3353267022346433,-0.24915345228676178,1.0006268902059567,-1.453238897477863
329,80.16,41.24,70.62,7.4,36.38,61.56,244.74,coffee,106,weather update day 106,temperature,increase,0.0,80.16,41.24,70.62,7.4,36.38,61.56,244.74,success,R6,coffee,1.5,3,1,5,2,4,4,0.5372434588538493,-0.5753533125159354,1.2656374025520418,0.8941804087458242,2.0620746586720355,-0.21641314408674203,1.222588214691418,0.5152359619900576,-0.5758951345297221,1.2656374025520418,0.6399509533930802,1.8132627456936041,-0.18783634967604873,0.6928913410391129,0.6989261343607643,-1.453238897477863
330,71.62,51.69,38.23,5.41,24.9,86.75,113.47,cotton,36,weather update day 36,rainfall,decrease,0.09,71.62,51.69,38.23,5.41,24.9,86.75,103.26,success,R4,cotton,-1.6,1,0,3,2,5,5,0.16404497102334886,0.10702297910806191,-0.5479941426274877,-1.320165103948397,-0.21568383633285523,1.4907862759134374,-0.5594176579603525,0.1625399553411753,0.1018067863216343,-0.5479941426274877,-1.0743294761363973,-0.1991733538161644,1.3732064994630238,-0.4906669340674028,-0.9256163971133484,-0.9792552975661767
331,48.13,57.47,59.63,5.48,22.91,57.15,140.1,jute,107,weather update day 107,temperature,unknown,0.0,48.13,57.47,59.63,5.48,22.91,57.15,140.1,unknown,R1,jute,3.2,3,2,0,3,7,7,-0.8624693707961433,0.4844521624177946,0.6502681317424391,-1.24227355325061,-0.6105217636028663,-0.5152916451665673,-0.19791223868163962,-0.8075805594342642,0.47665052818965753,0.6502681317424391,-1.0140281544946566,-0.5480189843060977,-0.46112729706403266,-0.18248000407783524,0.7221338848103945,-1.453238897477863
332,79.41,22.16,67.74,8.0,22.42,70.04,121.59,watermelon,102,weather update day 102,unknown,increase,0.08,79.41,22.16,67.74,8.0,22.42,70.04,121.59,partial,R5,watermelon,1.9,4,1,4,1,14,14,0.5044684160115922,-1.8212614124380286,1.1043759375901072,1.5618222718697095,-0.707743162779904,0.3583010711415839,-0.4491876915862199,0.48426148833822363,-1.8132685938449267,1.1043759375901072,1.1568194246079975,-0.633915647090051,0.33767549473440545,-0.3373263687387173,0.6060951325622437,-1.0319201420008084
333,96.89,59.77,56.52,9.5,24.0,64.17,95.86,coconut,42,weather update day 42,temperature,increase,0.29,96.89,59.77,56.52,11.36,24.07,64.17,95.86,failure,R1,coconut,-1.0,3,1,0,0,3,3,1.2683454145217976,0.6346402457417369,0.4761281470092396,3.2309269296794234,-0.394253753188639,-0.03952586793745789,-0.7984755037544995,1.206173220916967,0.625809802635411,0.4761281470092396,4.0512828634115365,-0.3446717826134731,-0.026092727752548204,-0.5525720177243736,-0.7863698944155674,0.07404159112645924
334,66.38,20.77,55.57,6.26,28.9,80.17,60.65,blackgram,22,weather update day 22,temperature,decrease,0.0,66.38,20.77,55.57,6.26,28.9,80.17,60.65,failure,R1,blackgram,3.0,3,0,0,0,1,1,-0.06494332830122104,-1.9120272540990197,0.4229342609974904,-0.3743391311895593,0.5779602385817405,1.0448405758895716,-1.2764554441526774,-0.05386836723963831,-1.9034126770969253,0.4229342609974904,-0.342099141915264,0.5020238933997826,0.9654390541539687,-0.8471230982057166,-1.2505249034081711,-1.453238897477863
335,110.27,52.05,41.42,6.65,19.26,50.43,222.02,banana,135,weather update day 135,humidity,unknown,0.55,110.27,52.05,41.42,6.65,19.26,50.43,222.02,failure,UNKNOWN,banana,-2.0,0,2,6,0,0,0,1.8530521788276637,0.13053067910659194,-0.3693746727564563,0.059628079840967005,-1.3347219819624347,-0.9707255515739196,0.9141615107480324,1.7587578308656848,0.12515345536531736,-0.3693746727564563,-0.006134635625567033,-1.187861472390649,-0.8775706454647697,0.5028260031085218,1.3719508974000396,1.4433275464268864
336,65.6,18.98,56.14,5.51,21.53,54.96,137.7,groundnut,46,weather update day 46,soil_moisture,increase,0.53,76.03,18.98,56.14,5.51,21.53,54.96,137.7,partial,R3,groundnut,0.0,2,1,2,1,6,6,-0.09902937285716847,-2.028912762425044,0.4548505926045398,-1.2088914600944165,-0.8843289694484017,-0.6637143021653918,-0.23049252430946213,0.3446698604139588,-2.019497503730794,0.4548505926045398,-0.9881847309339112,-0.7899320345955994,-0.596843209712487,-0.20255732850712307,-0.6935388926170466,1.3379978575576228
337,0.0,93.94,81.31,5.05,23.46,65.94,65.33,wheat,59,weather update day 59,soil_moisture,increase,0.06,-19.52,93.94,81.31,5.05,23.46,65.94,65.33,failure,R1,wheat,6.1,2,1,0,0,15,15,-2.965753120126588,2.8659127706022147,1.864208604094776,-1.7207502218227289,-0.5013957033021093,0.08043216991090699,-1.2129238871784238,-3.601478082829687,2.841797806031665,1.864208604094776,-1.3844505588653482,-0.4516043628139049,0.08359547562085998,-0.8079723155686055,-0.39183813677185425,-1.137249830870072
338,83.34,47.09,86.2,6.53,11.58,66.26,225.69,banana,133,weather update day 133,soil_moisture,unknown,0.16,83.34,47.09,86.2,6.53,11.58,66.26,225.69,failure,R1,banana,-2.8,2,2,0,0,0,0,0.6762096405050196,-0.1933531875398218,2.1380171331447264,-0.07390029278381026,-2.8585186057984586,0.10211949878744808,0.9639821975205773,0.6465677302738339,-0.19651176256987163,2.1380171331447264,-0.10950832986855068,-2.5341601870452677,0.10342611125899077,0.5335275783816409,1.3255353965007792,-0.6106013865237541
339,0.0,62.23,26.74,6.0,17.05,80.11,226.26,mango,57,weather update day 57,soil_moisture,unknown,0.37,-2.24,62.23,26.74,6.0,17.05,80.11,226.26,partial,R5,mango,-1.0,2,2,4,1,10,10,-2.965753120126588,0.795276195731692,-1.191360195548537,-0.6636506052099096,-1.773210333352749,1.0407742017252202,0.9717200153571851,-2.8878262098914327,0.7853453744339117,-1.191360195548537,-0.5660754794417282,-1.57527295147746,0.9617208099718191,0.5382959429335966,-0.43825363767111464,0.49536034660351375
340,64.81,27.45,43.58,6.28,12.52,64.19,136.14,lentil,63,weather update day 63,humidity,decrease,0.2,64.81,27.45,43.58,6.28,12.52,64.06,136.14,success,R2,lentil,2.1,0,0,1,2,8,8,-0.13355241798434558,-1.475828820792962,-0.24842857403500598,-0.3520844024187626,-2.672012248193529,-0.038170409882674367,-0.25166970996754673,-0.1187082654174771,-1.4702022626196944,-0.24842857403500598,-0.3248701928747664,-2.3693788339495203,-0.03290950875315547,-0.21560758938616015,-0.29900713497333353,-0.39994200878522684
341,67.12,61.94,56.59,4.68,27.24,98.76,229.52,watermelon,15,weather update day 15,rainfall,increase,0.39,67.12,61.94,56.59,4.68,27.24,98.76,230.41,failure,R4,watermelon,1.2,1,1,3,0,14,14,-0.03260528603019366,0.7763394373995428,0.4800476965048422,-2.1324627040824584,0.24859794749218325,2.304738837811102,1.0159749033349774,-0.02330688656982843,0.766538335482056,0.4800476965048422,-1.7031861161145474,0.21102703580516458,2.1174750432566034,0.5730129830925735,-1.4129791565555823,0.6006900354727774
342,81.11,86.44,44.47,5.17,18.97,64.46,220.63,lentil,130,weather update day 130,temperature,increase,0.0,81.11,86.44,44.47,5.17,18.97,64.46,220.63,failure,R6,lentil,1.9,3,1,5,0,8,8,0.5787585131207084,2.3761690206328385,-0.1985943018766305,-1.5872218491979515,-1.3922611773937434,-0.019871726143093515,0.8952920953219183,0.5544702952823808,2.3554088676216005,-0.1985943018766305,-1.2810768646223645,-1.2386982728138058,-0.008121214205493079,0.49119788604322573,1.2559121451518889,-1.453238897477863
343,48.32,81.51,49.25,5.95,30.43,95.75,125.5,banana,106,weather update day 106,temperature,unknown,0.5,48.32,81.51,49.25,5.95,30.43,95.75,125.5,failure,R5,banana,-2.1,3,2,4,0,0,0,-0.8541663599427716,2.0542441289863023,0.06905493510880176,-0.7192874271368999,0.8815290972365736,2.1007424005661415,-0.3961089762508926,-0.7997336927757998,2.0356892054400517,0.06905493510880176,-0.6091478520429712,0.7702318404598826,1.9309431267854393,-0.3046170610226693,0.6989261343607643,1.1800033242537271
344,66.79,65.54,47.27,6.65,21.02,79.75,81.26,rice,89,weather update day 89,rainfall,decrease,0.52,66.79,65.54,47.27,6.65,21.02,79.75,39.01,success,R2,rice,-0.7,1,0,1,2,12,12,-0.0470263048807867,1.011416437384844,-0.04181232205252772,0.059628079840967005,-0.9855185890000129,1.016375956739112,-0.9966722413237524,-0.0369356549766353,1.0000050259188875,-0.04181232205252772,-0.006134635625567033,-0.8793346836156328,0.9394113448789225,-1.0281536401431284,0.3043943767170513,1.285333013122991
345,97.62,42.25,46.2,6.12,26.54,86.38,95.63,groundnut,80,weather update day 80,humidity,unknown,0.37,97.62,42.25,46.2,6.12,26.54,86.38,95.63,failure,R5,groundnut,0.3,0,2,4,0,6,6,1.3002464562215945,-0.5094011541867262,-0.10172543577102405,-0.5301222325851322,0.10971023438212914,1.4657103018999371,-0.8015977811271658,1.2363217086047524,-0.5103947574905002,-0.10172543577102405,-0.46270178519874455,0.08831751754237398,1.3502773270064352,-0.5544960946488471,0.0955246226703796,0.49536034660351375
346,35.33,18.05,59.24,5.1,28.03,57.49,206.37,maize,24,weather update day 24,temperature,increase,0.51,35.33,18.05,59.24,5.1,42.33,57.49,206.37,success,R6,maize,-0.9,3,1,5,2,9,9,-1.4218301019706643,-2.089640987421247,0.6284306416955106,-1.6651133998957386,0.40534265228781646,-0.4922488582352427,0.701710898216607,-1.336211576425564,-2.079809732093642,0.6284306416955106,-1.3413781862641052,2.8562936509273245,-0.440057246698519,0.3719051167258742,-1.2041094025089107,1.232668168688359
347,68.29,62.6,34.04,6.72,26.74,78.16,189.53,groundnut,46,weather update day 46,temperature,increase,0.53,68.29,62.6,34.04,6.72,40.92,78.16,189.53,success,R5,groundnut,6.1,3,1,4,2,6,6,0.018523780803727477,0.8194368873968481,-0.7826071767214124,0.137519630538753,0.1493924381278588,0.9086170413838007,0.4731058940613863,0.025013292327032612,0.8093405620621419,-0.7826071767214124,0.054166686016172846,2.609121621283704,0.8408778740519622,0.2310292236470381,-0.6935388926170466,1.3379978575576228
348,53.42,40.67,43.83,6.49,26.24,58.56,162.01,coffee,9,weather update day 9,rainfall,unknown,0.36,53.42,40.67,43.83,6.49,26.24,58.56,162.01,success,R2,coffee,0.0,1,2,1,2,4,4,-0.6312960686154233,-0.6125738375136079,-0.23443018297928253,-0.11840975032540267,0.05018692876353432,-0.4197318523043101,0.0995186188623558,-0.5891072719433288,-0.6128606938488871,-0.23443018297928253,-0.14396622794954522,0.035727724001177824,-0.37374855878352065,0.0008092368578712592,-1.5522256592533634,0.44269550216888187
349,64.53,65.96,53.61,5.79,27.26,77.15,145.35,rice,44,weather update day 44,temperature,increase,0.4,64.53,65.96,53.61,5.79,38.16,77.15,145.35,unknown,R6,rice,3.5,3,1,5,3,12,12,-0.1457884339787883,1.038842087383128,0.31318687512061855,-0.8973252573032695,0.25256616786675684,0.8401664096172201,-0.12664286387077808,-0.13027206891416182,1.0272428064698502,0.31318687512061855,-0.7469794443669494,2.1252955207046997,0.7782874303191138,-0.13856085688876818,-0.739954393516307,0.6533548799074093
350,97.75,50.99,32.8,5.85,30.42,61.73,149.57,mungbean,89,weather update day 89,soil_moisture,increase,0.0,97.75,50.99,32.8,5.85,30.42,61.73,149.57,success,R2,mungbean,1.8,2,1,1,2,11,11,1.3059274636475857,0.06131356244425374,-0.8520391963578008,-0.8305610709908814,0.8795449870492875,-0.20489175062108023,-0.06935586164185703,1.24169061737107,0.05641048540336188,-0.8520391963578008,-0.695292597245458,0.768478847341843,-0.17730132449329233,-0.10325822810060381,0.3043943767170513,-1.453238897477863
351,88.52,48.63,44.8,7.02,30.82,64.7,103.73,groundnut,19,weather update day 19,rainfall,increase,0.52,88.52,48.63,44.8,7.02,30.82,64.7,104.27,partial,R5,groundnut,-5.3,1,1,4,1,6,6,0.9025759364022082,-0.09279247087944327,-0.18011642568307565,0.47134056210069564,0.9589093945407469,-0.003606229485687456,-0.691639317133265,0.8604980949625001,-0.09663990054967175,-0.18011642568307565,0.31260092162363157,0.8385985720634375,0.006751762523105238,-0.48221772670341095,-1.3201481547570615,1.285333013122991
352,82.19,54.81,48.34,6.98,24.67,69.85,71.68,lentil,13,weather update day 13,temperature,increase,0.36,82.19,54.81,48.34,6.98,24.75,69.85,71.68,failure,R2,lentil,-1.6,3,1,1,0,8,8,0.6259545748135584,0.3107563790953227,0.01810079166596863,0.4268311045591042,-0.2613183706404439,0.3454242196211371,-1.1267218814548101,0.5990735373410215,0.3041445847002215,0.01810079166596863,0.27814302354263776,-0.22546825058676218,0.32590105482426485,-0.7548510613494481,-1.4593946574548426,0.44269550216888187
353,43.73,41.31,30.87,6.26,32.54,59.34,127.34,mango,88,weather update day 88,soil_moisture,decrease,0.18,43.73,41.31,30.87,6.26,32.54,59.34,127.34,partial,R1,mango,-0.0,2,0,0,1,10,10,-1.054749622137385,-0.5707823708495545,-0.9601067753079856,-0.3743391311895593,1.3001763467540228,-0.3668689881677423,-0.371130757269562,-0.9892974715250237,-0.5713555044378948,-0.9601067753079856,-0.342099141915264,1.1401133883662944,-0.3254113844155779,-0.28922444562688193,0.2811866262674211,-0.5052716976544905
354,48.02,60.31,46.41,6.14,30.45,55.89,137.99,jute,143,weather update day 143,humidity,decrease,0.0,48.02,60.31,46.41,6.14,30.45,55.89,137.99,success,UNKNOWN,jute,4.2,0,0,6,2,7,7,-0.8672763770796742,0.6699017957395319,-0.08996678728421671,-0.5078675038143365,0.8854973176111465,-0.6006855026179457,-0.22655573979609997,-0.8121234822365332,0.6608298062009356,-0.08996678728421671,-0.4454728361582477,0.7737378266959622,-0.5392104248891708,-0.20013131847191729,1.5576129009970812,-1.453238897477863
355,40.56,48.96,62.08,7.33,23.69,60.25,60.49,maize,42,weather update day 42,rainfall,increase,0.16,40.56,48.96,62.08,7.33,23.69,60.25,70.16,partial,R5,maize,-2.4,1,1,4,1,9,9,-1.1932788032173247,-0.07124374588079083,0.7874523640885287,0.8162888580480371,-0.4557611689945199,-0.30519564667508026,-1.2786274631945322,-1.120216246826775,-0.07523878725962901,0.7874523640885287,0.5796496317513394,-0.4112855210989879,-0.26901801431964495,-0.7675667001546638,-0.7863698944155674,-0.6106013865237541
356,0.0,73.82,36.78,6.02,28.09,77.65,15.79,sugarcane,143,weather update day 143,temperature,decrease,0.19,-11.38,73.82,36.78,6.02,22.75,77.65,15.79,success,R1,sugarcane,1.5,3,0,0,2,13,13,-2.965753120126588,1.5520935373510345,-0.6291848107506834,-0.6413958764391139,0.41724731341153515,0.8740528609868148,-1.885435283012725,-3.2653017954617822,1.536978413923598,-0.6291848107506834,-0.5488465304012313,-0.5760668741947357,0.8092727985036925,-1.2224017539964878,1.5576129009970812,-0.45260685321985866
357,38.44,50.08,21.17,6.68,29.6,69.01,173.63,lentil,138,weather update day 138,unknown,increase,0.1,38.44,50.08,21.17,6.68,29.6,69.01,173.63,failure,R1,lentil,3.1,4,1,0,0,8,8,-1.285922924318105,0.0018913207813025194,-1.503244348270055,0.09301017299716058,0.7168479516917954,0.2884949813202188,0.25726150177706275,-1.2077707590159592,-0.002604705790392865,-1.503244348270055,0.0197087879351783,0.6247334116625738,0.27384563627417335,0.09801694930300638,1.4415741487489302,-0.9265904531315449
358,61.134,66.16,63.21,5.47,26.28,48.25,113.47,rice,67,weather update day 67,rainfall,decrease,0.0,29.05,66.16,63.21,5.47,26.28,48.25,113.47,failure,R5,rice,1.5,1,0,4,0,12,12,-0.29419382796852844,1.051901920715645,0.8507250916603988,-1.2534009176360088,0.058123369512680816,-1.1184704795453524,-0.5594176579603525,-1.5955711691369203,1.0402131781607855,0.8507250916603988,-1.0226426290149058,0.042739696473337765,-1.0126668507495327,-0.4052546497244744,-0.2061761331748128,-1.453238897477863
359,91.81,69.36,51.69,6.29,27.87,54.37,176.03,blackgram,141,weather update day 141,rainfall,increase,0.49,91.81,69.36,51.69,6.29,27.87,54.37,262.29,success,R6,blackgram,-9.6,1,1,5,2,1,1,1.0463491243369096,1.2608592540359125,0.20567923181266243,-0.34095703803336475,0.3735968892912326,-0.7037003147815137,0.2898417874048852,0.9963727860485453,1.2477391252157466,0.20567923181266243,-0.31625571835451793,0.3214656022416767,-0.6334059441702901,0.83970677592828,1.5111974000978208,1.1273384798190953
360,90.68,54.28,55.18,7.02,27.9,89.14,87.58,jute,115,weather update day 115,humidity,decrease,0.5,90.68,54.28,55.18,7.02,27.9,88.69,87.58,failure,R1,jute,0.7,0,0,0,0,7,7,0.9969680597879091,0.2761478207641534,0.4010967709505618,0.47134056210069564,0.3795492198530916,1.6527635134601,-0.9108774891704868,0.9497045790797823,0.2697730997192435,0.4010967709505618,0.31260092162363157,0.32672458159579587,1.4934297280191886,-0.6218387870054165,0.9077958884074361,1.1800033242537271
361,71.51,38.5,53.88,7.08,28.27,41.79,154.75,mango,21,weather update day 21,humidity,increase,0.48,71.51,38.5,53.88,7.08,28.27,41.99,154.75,partial,R1,mango,0.5,0,1,0,1,10,10,0.15923796473981786,-0.7542730291714143,0.32830513746080003,0.5381047484130848,0.45296129678269187,-1.5562834312405156,0.0009632548381931128,0.15799703253890635,-0.7535892266955325,0.32830513746080003,0.36428776874512375,0.39158532696327114,-1.4006036604204573,-0.05992466954072425,-1.2737326538578013,1.0746736353844635
362,98.6,46.1,59.43,7.2,26.26,59.35,128.41,coffee,51,weather update day 51,temperature,decrease,0.44,98.6,46.1,59.43,7.2,14.7,59.35,128.41,success,R1,coffee,1.4,3,0,0,2,4,4,1.3430725122021434,-0.2579993625357796,0.6390694188978603,0.671633121037862,0.05415514913810792,-0.36619125914035056,-0.35660537992715796,1.2767950208431484,-0.2607151024400003,0.6390694188978603,0.4676614629881074,-1.987226334216829,-0.32479167705188644,-0.28027330515215787,-0.5775001403688957,0.8640142576459364
363,95.55,17.1,29.1,5.69,25.72,37.2,215.87,rice,115,weather update day 115,temperature,decrease,0.46,95.55,17.1,29.1,5.69,25.61,37.2,215.87,success,R2,rice,-6.0,3,0,1,2,12,12,1.2097873379769648,-2.151675195750701,-1.0592153839825076,-1.00859890115725,-0.05298680097536304,-1.8673610548133945,0.8306745288267374,1.1508321613256904,-2.1414189976255833,-1.0592153839825076,-0.8331241895694353,-0.07471084243533366,-1.6974434876287208,0.4513778592584717,0.9077958884074361,0.9693439465152001
364,108.75,10.12,44.99,5.41,24.07,78.21,221.87,watermelon,93,weather update day 93,rainfall,unknown,0.37,108.75,10.12,44.99,5.41,24.07,78.21,221.87,failure,UNKNOWN,watermelon,3.7,1,2,6,0,14,14,1.7866280920006896,-2.607463379055534,-0.16947764848072555,-1.320165103948397,-0.3803649818776335,0.91200568652076,0.9121252428962934,1.695982897597968,-2.5940849696392174,-0.16947764848072555,-1.0743294761363973,-0.3446717826134731,0.8439764108704199,0.5015711703316912,0.397225378515572,0.49536034660351375
365,64.47,56.51,51.88,6.22,23.8,48.25,209.27,coffee,52,weather update day 52,soil_moisture,decrease,0.42,64.47,56.51,51.88,6.22,23.8,48.25,209.27,success,R6,coffee,1.4,2,0,5,2,4,4,-0.14841043740616894,0.4217649624217144,0.2163180090150125,-0.41884858873115177,-0.43393595693436865,-1.1184704795453524,0.7410787433502258,-0.13275002680630862,0.4143927440731692,0.2163180090150125,-0.3765570399962586,-0.39200259680054944,-1.0126668507495327,0.3961652170779303,-0.5542923899192655,0.7586845687766727
366,87.9,59.53,66.89,6.07,32.59,67.96,274.52,coconut,41,weather update day 41,rainfall,increase,0.14,87.9,59.53,66.89,6.07,32.59,67.96,274.9,failure,R2,coconut,-2.1,1,1,1,0,3,3,0.8754819009859428,0.6189684457427168,1.056781408000648,-0.5857590545121226,1.3100968976904561,0.2173334334440692,1.6268552588566474,0.8348925300769844,0.6102453566062888,1.056781408000648,-0.5057741577999876,1.1488783539564946,0.2087763630865575,0.9451963847004959,-0.8095776448651976,-0.7159310753930176
367,76.26,49.78,64.65,7.52,26.15,70.73,36.61,watermelon,57,weather update day 57,temperature,increase,0.32,76.26,49.78,64.65,7.52,34.52,70.73,36.61,failure,R6,watermelon,-4.2,3,1,5,0,14,14,0.36681323607411276,-0.017698429217472344,0.9313558241413661,1.0277087813706003,0.03232993707795594,0.4050643740316244,-1.6028013051913654,0.3541686990005214,-0.022060263326795265,0.9313558241413661,0.743324647636063,1.487206025738189,0.38043530282912386,-1.0482309645724162,-0.43825363767111464,0.2320361244303548
368,89.26,54.61,39.92,6.55,26.99,71.74,85.4,sugarcane,142,weather update day 142,soil_moisture,increase,0.57,104.52,54.61,39.92,6.55,26.99,71.74,85.4,failure,R4,sugarcane,2.0,2,1,3,0,13,13,0.9349139786732357,0.29769654576280585,-0.45336501909079696,-0.05164556401301454,0.198995192810021,0.473515005798205,-0.9404712486157587,1.5212868662016243,0.29117421300928625,-0.45336501909079696,-0.09227938082805379,0.1672022078541679,0.4430257465619722,-0.6400756900286861,1.534405150547451,1.5486572352961496
369,87.93,50.32,46.81,7.7,30.86,66.77,138.02,mungbean,57,weather update day 57,temperature,decrease,0.2,87.93,50.32,46.81,7.7,30.8,66.77,138.02,partial,R4,mungbean,-5.1,3,0,3,1,11,11,0.8767929026996332,0.01756312078032269,-0.0675693615950589,1.2280013403077668,0.9668458352898927,0.13668367918443403,-0.22614848622575218,0.8361315090230578,0.012959740238729332,-0.0675693615950589,0.8983851890005389,0.8350925858273578,0.13503118680726045,-0.19988035191655118,-0.43825363767111464,-0.39994200878522684
370,98.92,29.17,49.87,6.04,33.18,31.86,20.07,maize,58,weather update day 58,rainfall,decrease,0.47,98.92,29.17,49.87,6.04,33.18,31.86,19.98,failure,UNKNOWN,maize,0.9,1,0,6,0,9,9,1.3570565304815068,-1.3635142541333183,0.10377094492699575,-0.6191411476683172,1.4271593987403581,-2.229268355440666,-1.8273337736431083,1.2900107962679312,-1.3586570660776527,0.10377094492699575,-0.5316175813607337,1.2523049479208461,-2.028367219840021,-1.1873500917636894,-0.41504588722148444,1.0220087909498317
371,37.4,40.43,45.31,5.04,21.64,85.35,56.76,coffee,81,weather update day 81,soil_moisture,increase,0.34,41.22,40.43,45.31,5.04,21.64,85.35,56.76,success,UNKNOWN,coffee,4.4,2,1,6,2,4,4,-1.3313709837260348,-0.6282456375126282,-0.15155970792939955,-1.7318775862081266,-0.8625037573882504,1.395904212078572,-1.329262657107773,-1.0929587100131612,-0.6284251398780093,-0.15155970792939955,-1.3930650333855965,-0.7706491102971609,1.286447468546203,-0.879665094884854,0.1187323731200098,0.33736581329961846
372,61.82,52.41,64.51,6.87,28.68,28.23,53.17,blackgram,134,weather update day 134,rainfall,unknown,0.39,61.82,52.41,64.51,6.87,28.68,28.23,53.17,success,R3,blackgram,-2.4,1,2,2,2,1,1,-0.26421558878214396,0.15403837910512197,0.9235167251501609,0.3044300963197248,0.534309814461438,-2.4752839923839227,-1.3779973343593905,-0.24219316704278857,0.14850012440900043,0.9235167251501609,0.18338380381990257,0.4634580448029057,-2.2533209928600617,-0.9096974260103302,1.3487431469504094,0.6006900354727774
373,79.69,38.75,64.57,7.48,24.7,49.52,156.02,watermelon,59,weather update day 59,soil_moisture,increase,0.49,79.69,38.75,64.57,7.48,24.7,49.52,156.02,unknown,R2,watermelon,6.5,2,1,1,3,14,14,0.5167044320060349,-0.7379482375057684,0.9268763390035338,0.983199323829009,-0.2553660400785849,-1.0323988930665817,0.018203655982915946,0.49582529183490837,-0.7373762620818637,0.9268763390035338,0.7088667495550692,-0.23423321617696163,-0.9339640155607026,-0.04930041869689271,-0.39183813677185425,1.1273384798190953
374,92.58,71.96,48.55,6.21,22.63,77.2,119.25,lentil,96,weather update day 96,rainfall,increase,0.0,92.58,71.96,48.55,6.21,22.63,77.2,119.25,success,UNKNOWN,lentil,-0.6,1,1,6,2,8,8,1.0799981683216267,1.4306370873586292,0.02985944015277597,-0.4299759531165496,-0.6660768488468882,0.8435550547541794,-0.4809534700733468,1.028173245664428,1.416353957197902,0.02985944015277597,-0.38517151451650705,-0.5971027916112143,0.7813859671375716,-0.3569017600572729,0.4668486298644625,-1.453238897477863
375,25.72,43.9,56.14,4.75,32.68,70.7,214.99,wheat,33,weather update day 33,humidity,decrease,0.0,25.72,43.9,56.14,4.75,32.68,70.7,214.99,success,R2,wheat,-1.7,0,0,1,2,15,15,-1.8417876509227853,-0.4016575291934635,0.4548505926045398,-2.0545711533846713,1.3279538893760336,0.4030311869494486,0.8187284240965359,-1.733097832151063,-0.4033891910402861,0.4548505926045398,-1.6428847944728069,1.1646552920188527,0.37857618073804905,0.44401617363439955,-0.995239648462239,-1.453238897477863
376,35.81,41.64,38.17,6.6,38.66,64.69,157.59,coffee,113,weather update day 113,rainfall,decrease,0.48,35.81,41.64,38.17,6.6,38.66,64.69,81.95,failure,R4,coffee,0.8,1,0,3,0,4,4,-1.4008540745516196,-0.5492336458509021,-0.551353756480861,0.003991257913975739,2.514451781373354,-0.004283958513079696,0.03951659283111635,-1.31638791328839,-0.549954391147852,-0.551353756480861,-0.04920700822681079,2.2129451766066928,0.006132055159413348,-0.6689368438957874,0.8613803875081757,1.0746736353844635
377,29.12,59.61,13.96,5.9,28.61,34.79,159.99,coconut,106,weather update day 106,rainfall,unknown,0.14,29.12,59.61,13.96,5.9,28.61,34.79,159.99,failure,R4,coconut,-4.1,1,2,3,0,3,3,-1.6932074567045527,0.6241923790757233,-1.9069579463171191,-0.7749242490638901,0.5204210431504325,-2.0306937504148412,0.07209687845893885,-1.5926802182627489,0.6154335052826626,-1.9069579463171191,-0.6522202246442141,0.4511870929766266,-1.84679296227839,-0.016089177870112485,0.6989261343607643,-0.7159310753930176
378,68.65,33.88,33.92,7.18,27.24,73.064,202.74,jute,14,weather update day 14,temperature,increase,0.09,68.65,33.88,33.92,7.18,29.69,64.86,202.74,success,R1,jute,2.2,3,1,0,2,7,7,0.03425580136801085,-1.0559551791525499,-0.7893264044281596,0.6493783922670653,0.24859794749218325,0.5632463290248916,0.6524332162045257,0.03988103967991289,-1.0532048127561322,-0.7893264044281596,0.45043251394760975,0.6405103497249326,0.016667080342170196,0.3415381635265764,-1.4361869070052125,-0.9792552975661767
379,66.88,45.68,50.74,6.3,15.84,86.24,143.37,lentil,123,weather update day 123,rainfall,increase,0.11,66.88,45.68,50.74,6.3,15.84,86.24,143.52,success,UNKNOWN,lentil,5.5,1,1,6,2,8,8,-0.043093299739716324,-0.28542501253406477,0.15248534580091358,-0.3298296736479669,-2.0132876660144143,1.4562220955164504,-0.15352159951373145,-0.03321871813841567,-0.287952882990964,0.15248534580091358,-0.3076412438342695,-1.787385118760284,1.3416014239147531,-0.15386981676609998,1.0934578920044775,-0.8739256086969132
380,41.32,44.26,45.08,5.85,33.73,81.53,209.13,banana,54,weather update day 54,unknown,increase,0.24,41.32,44.26,45.08,5.85,33.73,81.53,209.13,failure,UNKNOWN,banana,-0.3,4,1,6,0,0,0,-1.1600667598038377,-0.37814982919493345,-0.16443822770066532,-0.8305610709908814,1.5362854590411146,1.1370117236148691,0.7391782266886027,-1.0888287801929166,-0.38004252199660304,-0.16443822770066532,-0.695292597245458,1.3487195694130383,1.0497192556160226,0.39499403981955505,-0.5078768890200052,-0.1892826310466997
381,83.316,54.35,38.63,6.91,27.63,56.38,161.92,watermelon,69,weather update day 69,soil_moisture,decrease,0.09,93.54,54.35,38.63,6.91,27.63,56.38,161.92,success,R1,watermelon,-0.6,2,0,0,2,14,14,0.6751608391340673,0.28071876243053423,-0.5255967169383299,0.34893955386131725,0.32597824479635645,-0.5674767802757429,0.09829685815131241,1.0678205719387757,0.2743127298110708,-0.5255967169383299,0.21784170190089713,0.2793937674087195,-0.5088447640682836,5.633719177293831e-05,-0.1597606322755524,-0.9792552975661767
382,72.05,47.13,27.6,5.44,24.68,43.69,143.23,rice,75,weather update day 75,humidity,increase,0.0,72.05,47.13,27.6,5.44,24.68,43.69,143.23,partial,R2,rice,-0.8,0,1,1,1,12,12,0.1828359955862426,-0.19074122087331852,-1.1432057303168481,-1.2867830107922025,-0.25933426045315777,-1.427514916036056,-0.15542211617535462,0.18029865356822647,-0.19391768823168468,-1.1432057303168481,-1.048486052575651,-0.23773920241304128,-1.2952534085928902,-0.15629582680130577,-0.020514129577771312,-1.453238897477863
383,82.32,40.54,31.53,6.7,31.26,61.29,146.07,blackgram,91,weather update day 91,rainfall,decrease,0.3,82.32,40.54,31.53,6.7,31.26,61.29,145.63,partial,R2,blackgram,2.4,1,0,1,1,1,1,0.6316355822395495,-0.621062729179744,-0.9231510229208757,0.11526490176795728,1.0462102427813527,-0.23471182782632338,-0.11686877818243138,0.6044424461073392,-0.621291435447995,-0.9231510229208757,0.036937736975675955,0.9157302692571918,-0.2045684484957214,-0.1362185023720179,0.3508098776163116,0.12670643556109107
384,55.52,42.32,50.72,8.07,22.92,49.64,107.13,cotton,123,weather update day 123,rainfall,decrease,0.26,55.52,42.32,50.72,8.07,22.92,49.64,79.28,partial,R1,cotton,1.0,1,0,0,1,5,5,-0.5395259486571033,-0.5048302125203453,0.15136547451645554,1.6397138225674963,-0.6085376534155795,-1.0242661447378791,-0.6454839124938501,-0.5023787457181936,-0.5058551273986729,0.15136547451645554,1.2171207462497382,-0.5462659911880576,-0.926527527196404,-0.6912728673233701,1.0934578920044775,-0.08395294217743601
385,108.15,28.46,43.32,5.97,25.1,85.57,90.93,rice,132,weather update day 132,rainfall,unknown,0.44,108.15,28.46,43.32,5.97,25.1,85.57,90.93,partial,R1,rice,-1.4,1,2,0,1,12,12,1.7604080577268841,-1.4098766624637524,-0.2629869007329582,-0.6970326983661042,-0.17600163258712487,1.4108142506811936,-0.8654008404816512,1.6712033186765012,-1.4047018855804723,-0.2629869007329582,-0.5919189030024743,-0.16411349145536655,1.3000810305474175,-0.5938141883228689,1.3023276460511493,0.8640142576459364
386,42.26,48.33,51.1,6.54,32.65,62.76,36.36,chickpea,148,weather update day 148,humidity,decrease,0.58,42.26,48.33,51.1,6.54,32.65,26.36,36.36,unknown,R1,coffee,10.6,0,0,0,3,2,4,-1.1189887061082089,-0.1123822208782186,0.1726430289211553,-0.06277292839841239,1.322001558814174,-0.13508566079971512,-1.6061950849442634,-1.0500074398826182,-0.1160954580860746,0.1726430289211553,-0.10089385534830222,1.1593963126647329,-2.369206269870386,-1.0503223525338001,1.6736516532452321,1.6013220797307814
387,30.03,39.42,56.92,7.02,22.61,60.42,114.16,rice,130,weather update day 130,temperature,increase,0.46,30.03,39.42,56.92,7.02,22.71,60.42,114.16,failure,R6,rice,0.4,3,1,5,0,12,12,-1.6534404047226143,-0.6941977958418374,0.49852557269839703,0.47134056210069564,-0.6700450692214611,-0.2936742532094179,-0.5500508258423535,-1.5550978568985236,-0.6939255169172311,0.49852557269839703,0.31260092162363157,-0.583078846666895,-0.2584829891368881,-0.39948241895105413,1.2559121451518889,0.9693439465152001
388,65.26,37.5,64.29,6.3,35.12,66.22,154.43,rice,103,weather update day 103,temperature,decrease,0.52,65.26,37.5,64.29,6.3,16.86,66.22,154.43,success,R2,rice,-7.2,3,0,1,2,12,12,-0.11388739227899121,-0.8195721958339978,0.9111981410211243,-0.3298296736479669,1.8120767750739366,0.09940858267788008,-0.00338078324551645,-0.10012358122637662,-0.8184410851502079,0.9111981410211243,-0.3076412438342695,-1.6085798207202178,0.10094728180422409,-0.0626016461312959,0.6293028830118739,1.285333013122991
389,73.68,43.78,63.43,6.62,26.47,49.28,136.2,wheat,16,weather update day 16,rainfall,unknown,0.09,73.68,43.78,63.43,6.62,26.47,49.28,136.2,unknown,UNKNOWN,wheat,2.9,1,2,6,3,15,15,0.25406708869674843,-0.4094934291929733,0.8630436757894353,0.026245986684772443,0.09582146307112366,-1.0486643897239873,-0.25085520282685114,0.24761650963821266,-0.411171414054847,0.8630436757894353,-0.031978059186313135,0.07604656571609485,-0.9488369922893005,-0.21510565627542794,-1.389771406105952,-0.9792552975661767
390,70.21,46.64,56.72,6.93,31.59,53.85,174.16,mango,100,weather update day 100,humidity,increase,0.11,70.21,46.64,56.72,6.93,31.59,59.77,174.16,success,R1,mango,-2.7,0,1,0,2,10,10,0.10242789047990508,-0.22273781253798455,0.48732685985381813,0.37119428263211296,1.1116858789618065,-0.738942224205892,0.26445631485320686,0.10430794487572702,-0.2256950988744757,0.48732685985381813,0.235070650941394,0.9735790421525072,-0.2987639677768403,0.10245069178114079,0.5596796316629833,-0.8739256086969132
391,88.52,63.56,44.02,5.97,24.0,73.04,129.63,coffee,26,weather update day 26,temperature,unknown,0.11,88.52,63.56,44.02,5.97,24.0,73.04,129.63,failure,R2,coffee,-2.3,3,2,1,0,4,4,0.9025759364022082,0.8821240873929284,-0.22379140577693246,-0.6970326983661042,-0.394253753188639,0.561619779359152,-0.3400437347330149,0.8604980949625001,0.8715983461786302,-0.22379140577693246,-0.5919189030024743,-0.3569427344397522,0.5235877038418774,-0.2700673319006032,-1.1576939016096504,-0.8739256086969132
392,52.29,40.63,28.18,7.09,31.04,65.35,98.13,blackgram,40,weather update day 40,humidity,increase,0.34,52.29,40.63,28.18,7.09,31.04,65.57,98.13,failure,R1,blackgram,4.8,0,1,0,0,1,1,-0.680677133164424,-0.6151858041801113,-1.11072946306757,0.5492321127984826,1.0025598186610494,0.04044615729478504,-0.7676599835981841,-0.6357754789120921,-0.615454768187074,-1.11072946306757,0.3729022432653722,0.8771644206603143,0.0606663031642715,-0.5335822150350056,-0.8327853953148278,0.33736581329961846
393,92.11,63.83,43.27,6.1,21.19,72.54,140.46,mango,111,weather update day 111,temperature,unknown,0.28,92.11,63.83,43.27,6.1,21.19,72.54,140.46,success,R6,mango,-1.3,3,2,5,2,10,10,1.0594591414738124,0.8997548623918256,-0.2657865789441028,-0.552376961355929,-0.9517887158161422,0.5277333279895573,-0.19302519583746608,1.0087625755092788,0.8891083479613923,-0.2657865789441028,-0.4799307342392422,-0.8495338006089548,0.4926023356572987,-0.17946840541344194,0.8149648866089153,0.021376746691827677
394,64.92,35.5,69.76,5.97,23.84,70.67,67.4,jute,37,weather update day 37,temperature,decrease,0.38,64.92,35.5,69.76,5.97,14.78,70.67,67.4,success,R6,jute,-7.1,3,0,5,2,7,7,-0.12874541170081458,-0.9501705291591648,1.217482937320353,-0.6970326983661042,-0.42599951618522286,0.40099799986727286,-1.1848233908244268,-0.11416534261520815,-0.9481448020595584,1.217482937320353,-0.5919189030024743,-1.9732023892725101,0.3767170586469743,-0.7906556232483447,-0.9024086466637182,0.5480251910381456
395,105.32,91.79,75.69,6.88,37.61,74.05,95.52,banana,103,weather update day 103,temperature,unknown,0.22,105.32,91.79,75.69,6.88,37.61,74.05,95.52,success,R3,banana,-0.1,3,2,2,2,0,0,1.636736896068767,2.7255195622776607,1.5495247731621127,0.3155574607051227,2.306120211708273,0.6300704111257326,-0.803091044218441,1.5543263047635805,2.7023663103541136,1.5495247731621127,0.19199827834015104,2.0288808992125076,0.5861781475747257,-0.555416305351856,0.6293028830118739,-0.29461231991596326
396,61.68,56.16,29.46,6.47,27.6,66.94,174.9,maize,25,weather update day 25,rainfall,decrease,0.25,61.68,56.16,29.46,6.47,27.6,66.94,131.18,success,R1,maize,-1.1,1,0,0,2,9,9,-0.2703335967793653,0.39891025408981007,-1.0390577008622657,-0.14066447909619936,0.32002591423449744,0.14820507265009633,0.27450190292178556,-0.2479750687911309,0.39169459361403275,-1.0390577008622657,-0.16119517699004288,0.27413478805460034,0.1455662119900173,-0.2571007265400214,-1.1809016520592805,-0.13661778661206786
397,66.6,55.15,31.71,6.37,35.65,64.05,94.17,jute,147,weather update day 147,humidity,increase,0.06,66.6,55.15,31.71,6.37,35.65,64.09,94.17,unknown,R6,jute,-3.1,0,1,5,3,7,7,-0.055329315734159015,0.33295809576060087,-0.9130721813607549,-0.2519381229501799,1.917234615000121,-0.047658616266160914,-0.821417454884091,-0.044782521635100395,0.32619421657481085,-0.9130721813607549,-0.24733992219252884,1.6852942480766933,-0.031050386662080685,-0.5667098003433304,1.650443902795602,-1.137249830870072
398,88.4,71.05,55.7,6.05,30.39,48.41,136.66,coconut,90,weather update day 90,rainfall,decrease,0.22,88.4,71.05,55.7,6.05,30.39,48.41,136.36,partial,UNKNOWN,coconut,1.8,1,0,6,1,3,3,0.8973319295474476,1.3712148456956783,0.4302134243464667,-0.6080137832829193,0.8735926564874278,-1.1076268151070823,-0.2446106480815184,0.8555421791782071,1.3573387660041478,0.4302134243464667,-0.5230031068404852,0.7632198679877232,-1.0027515329304677,-0.2137671679801419,0.32760212716668147,-0.29461231991596326
399,45.29,72.85,62.04,7.42,21.35,66.08,167.94,blackgram,91,weather update day 91,soil_moisture,increase,0.25,45.29,72.85,62.04,7.42,21.35,66.08,167.94,success,R1,blackgram,0.8,2,1,0,2,1,1,-0.9865775330254902,1.4887533456883284,0.7852126215196129,0.9164351375166199,-0.9200429528195584,0.08992037629439353,0.18001907460110045,-0.9248705663292089,1.474072111222563,0.7852126215196129,0.657179902433577,-0.8214859107203168,0.09227137871254204,0.05041695930190325,0.3508098776163116,-0.13661778661206786
400,0.0,51.82,77.93,6.31,32.09,72.2,235.1,cotton,72,weather update day 72,soil_moisture,decrease,0.0,-10.75,51.82,77.93,6.31,32.09,72.2,235.1,partial,R1,cotton,-1.0,2,0,0,1,5,5,-2.965753120126588,0.11551187077419793,1.6749503570213953,-0.31870230926256904,1.2108913883261316,0.5046905410582326,1.0917240674196644,-3.239283237594242,0.11023752792074226,1.6749503570213953,-0.29902676931402106,1.0612286980545012,0.47153228529178504,0.6122474212481401,-0.09013738092666186,-1.453238897477863
401,81.73,60.22,43.59,5.6,23.76,56.21,145.18,mango,149,weather update day 149,rainfall,increase,0.21,81.73,60.22,43.59,5.6,23.76,56.21,175.67,success,R6,mango,2.7,1,1,5,2,10,10,0.6058525485369745,0.6640248707398992,-0.24786863839277676,-1.1087451806258337,-0.44187239768351444,-0.5789981737414052,-0.12895063410274868,0.580075860167897,0.6549931389400145,-0.24786863839277676,-0.9106544602516736,-0.3990145692727088,-0.5193797892510404,0.11508267506790094,1.6968594036948623,-0.34727716435059514
402,111.02,39.59,46.21,6.28,16.23,60.34,202.86,coffee,63,weather update day 63,unknown,increase,0.08,111.02,39.59,46.21,6.28,16.23,60.34,202.86,success,R2,coffee,1.6,4,1,1,2,4,4,1.8858272216699208,-0.6830969375091981,-0.10116550012879523,-0.3520844024187626,-1.935907368710241,-0.299096085428553,0.6540622304859168,1.7897323045175186,-0.6829007009799363,-0.10116550012879523,-0.3248701928747664,-1.7190183871567293,-0.2634406480464206,0.3425420297480408,-0.29900713497333353,-1.0319201420008084
403,40.63,49.47,78.08,8.26,29.25,58.081999999999994,97.49,wheat,21,weather update day 21,temperature,increase,0.58,40.63,49.47,78.08,8.26,46.22,50.28,97.49,success,R1,wheat,7.7,3,1,0,2,15,15,-1.190219799218714,-0.037941170882873375,1.683349391654829,1.8511337458900596,0.6474040951367679,-0.4521272998136432,-0.7763480597656034,-1.1173252959526039,-0.04216433944774475,1.683349391654829,1.3807957621344618,3.538207973844833,-0.8868662559201432,-0.538936168216149,-1.2737326538578013,1.6013220797307814
404,63.28,59.01,12.45,5.82,27.07,57.1,117.54,coffee,33,weather update day 33,rainfall,decrease,0.24,63.28,59.01,12.45,5.82,27.07,57.1,117.26,failure,R6,coffee,2.7,1,0,5,0,4,4,-0.2004135053825501,0.5850128790781731,-1.991508228293689,-0.863943164147075,0.2148680743083133,-0.5186802903035266,-0.5041669235831702,-0.18189619166721843,0.5765223902098574,-1.991508228293689,-0.7211360208062033,0.18122615279848714,-0.4642258338824904,-0.3735492082298907,-0.995239648462239,-0.1892826310466997
405,105.52,43.09,34.15,6.94,32.82,44.32,138.18,cotton,55,weather update day 55,humidity,unknown,0.07,105.52,43.09,34.15,6.94,32.82,44.32,138.18,failure,UNKNOWN,cotton,-1.8,0,2,6,0,5,5,1.6454769074933688,-0.4545498541901558,-0.7764478846568942,0.3823216470175118,1.3557314319980447,-1.3848179873103665,-0.22397646718389738,1.5625861644040697,-0.45591919638857276,-0.7764478846568942,0.24368512546164323,1.189197195671411,-1.2562118446803208,-0.19854186362126536,-0.48466913857037497,-1.0845849864354402
406,67.72,49.83,25.72,6.19,33.48,80.57,115.2,lentil,138,weather update day 138,soil_moisture,decrease,0.0,67.72,49.83,25.72,6.19,33.48,80.57,115.2,success,R5,lentil,-0.0,2,0,4,2,8,8,-0.006385251756388233,-0.014433470884343356,-1.2484736310558886,-0.45223068188734533,1.4866827043589523,1.0719497369852469,-0.5359327020702971,0.001472692351638501,-0.018817670404061685,-1.2484736310558886,-0.40240046355700393,1.3048947414620415,0.9902273487016311,-0.39078224503169606,1.4415741487489302,-1.453238897477863
407,69.16,48.864,55.99,6.28,30.45,85.57,94.45,rice,63,weather update day 63,soil_moisture,unknown,0.4,69.16,50.5,55.99,6.28,30.45,85.57,94.45,success,R1,rice,5.3,2,2,0,2,12,12,0.05654283050074528,-0.07751246588039909,0.44645155797110586,-0.3520844024187626,0.8854973176111465,1.4108142506811936,-0.817616421560845,0.0609436817631596,0.024633074760570865,0.44645155797110586,-0.3248701928747664,0.7737378266959622,1.3000810305474175,-0.5643674458265802,-0.29900713497333353,0.6533548799074093
408,43.81,20.53,50.35,5.13,21.98,73.23,256.36,coconut,67,weather update day 67,soil_moisture,increase,0.08,43.82,20.53,50.35,5.13,21.98,73.23,256.36,success,R2,coconut,1.2,2,1,1,2,3,3,-1.051253617567544,-1.9276990540980397,0.130647855753985,-1.631731306739544,-0.7950440110205098,0.5744966308795978,1.380331097606125,-0.9855805346868035,-1.9189771231260473,0.130647855753985,-1.315534762703359,-0.7110473442838053,0.5353621437520171,0.790099053484248,-0.2061761331748128,-1.0319201420008084
409,63.8,41.74,50.24,7.28,22.37,62.8,209.96,chickpea,33,weather update day 33,rainfall,increase,0.59,63.8,41.74,50.24,7.28,22.37,62.8,333.83,failure,R5,chickpea,0.7,1,1,4,0,2,2,-0.17768947567858537,-0.5427037291846436,0.1244885636894667,0.7606520361210468,-0.7176637137163365,-0.1323747446901476,0.7504455754682248,-0.16042055660194704,-0.5434692053023845,0.1244885636894667,0.5365772591500965,-0.6426806126802505,-0.110992636578294,1.4381783549579668,-0.995239648462239,1.6539869241654133
410,48.07,28.4,76.7,5.82,21.04,32.7,111.66,banana,102,weather update day 102,humidity,decrease,0.3,48.07,28.4,76.7,5.82,21.04,22.89,111.66,success,R1,banana,-4.0,0,0,0,2,0,0,-0.8650913742235239,-1.4137946124635077,1.6060782730272358,-0.863943164147075,-0.98155036862544,-2.1723391171397464,-0.5839886233713353,-0.8100585173264111,-1.4085929970877529,1.6060782730272358,-0.7211360208062033,-0.8758286973795532,-2.584244725071362,-0.42039629856489563,0.6060951325622437,0.12670643556109107
411,68.05,24.75,18.96,9.5,19.37,96.58,26.31,wheat,68,weather update day 68,rainfall,increase,0.32,68.05,24.75,18.96,11.05,19.37,96.58,34.73,failure,R4,wheat,-2.6,1,1,3,0,15,15,0.008035767094204812,-1.6521365707819373,-1.6269901252026504,3.2309269296794234,-1.3128967699022833,2.1569939098396684,-1.7426250310107698,0.015101460758445371,-1.6453022804473176,-1.6269901252026504,3.7842341532838297,-1.1685785480922106,1.98237883797184,-1.0639582020420248,-0.1829683827251826,0.2320361244303548
412,79.48,58.31,79.84,6.78,27.59,77.85,79.61,mungbean,117,weather update day 117,unknown,increase,0.58,79.48,58.31,79.84,6.78,27.59,77.85,79.61,partial,R4,mungbean,-1.3,4,1,3,1,11,11,0.5075274200102031,0.539303462414365,1.7818980646871223,0.2042838168511421,0.31804180404721066,0.8876074415346519,-1.0190711876928804,0.48715243921239515,0.531126089291585,1.7818980646871223,0.10585353313766505,0.2723817949365602,0.8216669457775233,-0.688512235214343,0.9542113893066964,1.6013220797307814
413,73.27,45.46,40.19,5.04,27.28,60.27,203.76,rice,125,weather update day 125,soil_moisture,increase,0.27,79.21,45.46,40.19,5.04,27.28,60.27,203.76,success,R1,rice,0.4,2,1,0,2,12,12,0.2361500652763141,-0.2997908291998331,-0.43824675675061586,-1.7318775862081266,0.25653438824132974,-0.30384018862029627,0.6662798375963499,0.4760016286977345,-0.30222029185099253,-0.43824675675061586,-1.3930650333855965,0.2180390082773245,-0.26777859959226163,0.35007102640902354,1.139873392903738,-0.03128809774280417
414,25.18,50.08,63.52,5.43,29.75,70.85,221.04,lentil,47,weather update day 47,temperature,increase,0.54,25.18,50.08,63.52,5.43,29.91,70.85,221.04,unknown,R6,lentil,-2.0,3,1,5,3,8,8,-1.8653856817692103,0.0018913207813025194,0.868083096569496,-1.2979103751776013,0.7466096045010924,0.41319712236032646,0.9008578941166714,-1.7553994531803834,-0.002604705790392865,0.868083096569496,-1.0571005270959002,0.6790761983218095,0.38787179119342213,0.4946277622998957,-0.6703311421674164,1.3906627019922546
415,90.08,68.18,58.61,5.66,30.95,85.42,193.1,wheat,11,weather update day 11,humidity,unknown,0.14,90.08,68.18,58.61,5.66,30.95,85.42,193.1,success,R4,wheat,-7.5,0,2,3,2,15,15,0.9707480255141031,1.1838062373740643,0.5931546962350873,-1.0419809943134446,0.984702826975471,1.4006483152703157,0.5215690689327721,0.9249250001583148,1.1712139322392303,0.5931546962350873,-0.8589676131301814,0.8613874825979556,1.2907854200920446,0.2608942437356036,-1.505810158354103,-0.7159310753930176
416,62.05,45.26,22.65,7.37,16.93,49.12,270.72,coconut,60,weather update day 60,rainfall,increase,0.17,62.05,45.26,22.65,7.37,16.93,49.12,271.18,partial,R3,coconut,0.4,1,1,2,1,3,3,-0.2541645756438519,-0.31285066253234994,-1.4203738732201725,0.8607983155896296,-1.797019655600187,-1.059508054162258,1.5752698066125959,-0.23269432845622626,-0.31519066354192776,-1.4203738732201725,0.6141075298323341,-1.5963088688939386,-0.9587523101083659,0.9140765318351001,-0.36863038632222406,-0.5579365420891222
417,82.44,69.93,54.96,7.37,36.06,80.36,164.96,jute,25,weather update day 25,temperature,unknown,0.09,82.44,69.93,54.96,7.37,36.06,80.36,164.96,success,R4,jute,3.1,3,2,3,2,7,7,0.6368795890943109,1.2980797790335854,0.3887781868215252,0.8607983155896296,1.9985831326788677,1.0577174274100174,0.1395652199465544,0.6093983618916329,1.284704684534912,0.3887781868215252,0.6141075298323341,1.7571669659163285,0.9772134940641084,0.02548761480220432,-1.1809016520592805,-0.9792552975661767
418,123.07,67.84,33.1,7.07,18.92,44.43,145.96,banana,31,weather update day 31,unknown,decrease,0.0,123.07,67.84,33.1,7.07,18.92,44.43,145.96,unknown,R4,banana,1.7,4,0,3,3,0,0,2.4124129100021845,1.1616045207087857,-0.8352411270909325,0.5269773840276869,-1.4021817283301752,-1.3773629680090558,-0.11836204127370638,2.287388847856984,1.1491643003646406,-0.8352411270909325,0.3556732942248753,-1.2474632384040045,-1.2493950636797135,-0.13345787026299075,-1.0416551493614994,-1.453238897477863
419,58.53,51.61,70.91,6.85,34.13,60.67,101.58,sugarcane,54,weather update day 54,temperature,increase,0.27,58.53,51.61,70.91,6.85,43.35,60.67,101.58,partial,R5,sugarcane,4.3,3,1,4,1,13,13,-0.40798877671684497,0.10179904577505534,1.2818755361766805,0.28217536754892814,1.6156498665325754,-0.2767310275246206,-0.7208258230081893,-0.3780678581288335,0.0966186376452604,1.2818755361766805,0.16615485477940492,3.035098948967392,-0.2429903050445988,-0.5047210611679044,-0.5078768890200052,-0.03128809774280417
420,0.0,68.2,46.35,5.45,8.87,37.43,50.04,sugarcane,35,weather update day 35,soil_moisture,decrease,0.55,-12.65,68.2,46.35,5.45,8.87,37.43,50.04,failure,R1,sugarcane,0.8,2,0,0,0,13,13,-2.965753120126588,1.1851122207073157,-0.09332640113759007,-1.2756556464068045,-3.3962124665530977,-1.8517732871833812,-1.4204874568656758,-3.317751904178888,1.1725109694083236,-0.09332640113759007,-1.0398715780554026,-3.0092213220340724,-1.6831902182638148,-0.9358816032868599,-0.9488241475629786,1.4433275464268864
421,70.55,51.91,41.49,6.31,23.71,55.61,127.09,wheat,62,weather update day 62,humidity,unknown,0.34,70.55,51.91,41.49,6.31,23.71,55.61,127.09,success,R3,wheat,-1.2,0,2,2,2,15,15,0.11728590990172844,0.1213887957738302,-0.3654551232608537,-0.31870230926256904,-0.451792948619947,-0.6196619153849189,-0.3745245370224602,0.11834970626455855,0.11607419518166279,-0.3654551232608537,-0.29902676931402106,-0.40777953486290824,-0.5565622310725349,-0.29131583358826607,-0.32221488542296367,0.33736581329961846
422,0.0,40.08,61.56,6.01,21.72,55.83,217.12,maize,51,weather update day 51,temperature,unknown,0.54,-15.17,40.08,61.56,6.01,21.72,55.83,217.12,success,R6,maize,0.0,3,2,5,2,9,9,-2.965753120126588,-0.6511003458445325,0.7583357106926242,-0.6525232408245117,-0.8466308758899588,-0.6047518767822972,0.8476434275912282,-3.42182613564905,-0.6511232903371457,0.7583357106926242,-0.5574610049214798,-0.7566251653528422,-0.5429286690713203,0.46183479906539243,-0.5775001403688957,1.3906627019922546
423,96.07,51.65,49.37,7.0,27.44,63.51,106.71,watermelon,1,weather update day 1,soil_moisture,increase,0.36,96.07,51.65,49.37,7.0,27.44,63.51,106.71,failure,R5,watermelon,0.2,2,1,4,0,14,14,1.2325113676809294,0.10441101244155863,0.07577416281554887,0.44908583332989993,0.2882801512379136,-0.0842559837453231,-0.651185462478719,1.1723077963909618,0.09921271198344735,0.07577416281554887,0.2953719725831347,0.2460868981659624,-0.06699341375619225,-0.4618057802003017,-1.737887662850405,0.44269550216888187
424,74.39,75.08,58.28,7.0,29.5,51.14,115.63,banana,86,weather update day 86,humidity,increase,0.58,74.39,75.08,58.28,7.0,29.5,51.43,115.63,partial,R6,banana,3.4,0,1,5,1,0,0,0.2850941292540849,1.63437048734589,0.5746768200415325,0.44908583332989993,0.6970068498189301,-0.9226067906290951,-0.5300954008953124,0.27693901136194854,1.6186917555764893,0.5746768200415325,0.2953719725831347,0.6072034804821749,-0.8155999090956124,-0.3871850577381154,0.2347711253681607,1.6013220797307814
425,58.05,29.61,48.75,5.93,20.17,64.84,143.22,jute,136,weather update day 136,rainfall,decrease,0.0,71.04,29.61,48.75,5.93,20.17,64.84,143.22,partial,R5,jute,2.4,1,0,4,1,7,7,-0.4289648041358897,-1.3347826208017817,0.04105815299735488,-0.7415421559076966,-1.1541679549193642,0.005881976897799092,-0.15555786736547042,0.1385863623837571,-1.3301222483575958,0.04105815299735488,-0.6263768010834688,-1.0283390986490213,0.015427665614787296,-0.15637948231976107,1.3951586478496698,-1.453238897477863
426,43.49,38.43,39.09,6.46,22.77,40.99,59.13,lentil,141,weather update day 141,soil_moisture,increase,0.55,43.56,38.43,39.09,6.46,22.77,40.99,59.13,failure,R6,lentil,2.0,2,1,5,0,8,8,-1.0652376358469071,-0.7588439708377951,-0.4998396773957987,-0.15179184348159724,-0.6382993062248773,-1.6105017534318669,-1.2970896250502983,-0.9963183522194392,-0.7581288567873599,-0.4998396773957987,-0.16980965151029132,-0.572560887958656,-1.4625743967896145,-0.8598387370109323,1.5111974000978208,1.4433275464268864
427,80.03,77.64,36.28,5.99,28.64,61.08,251.14,sugarcane,63,weather update day 63,soil_moisture,increase,0.25,80.09,77.64,36.28,5.99,28.64,61.08,251.14,failure,R4,sugarcane,1.0,2,1,3,0,13,13,0.5315624514278582,1.8015363540021039,-0.6571815928621303,-0.6747779695953074,0.5263733737122922,-0.2489441374015532,1.3094689763656107,0.5123450111158867,1.784712513220458,-0.6571815928621303,-0.5746899539619766,0.4564460723307464,-0.2175823031332445,0.7464308728505468,-0.29900713497333353,-0.13661778661206786
428,78.25,54.32,44.45,5.3,31.35,63.72,154.78,watermelon,3,weather update day 3,temperature,decrease,0.52,78.25,54.32,44.45,5.3,31.19,63.72,154.78,partial,R2,watermelon,4.8,3,0,1,1,14,14,0.45377634974890135,0.27875978743065666,-0.19971417316108814,-1.4425661121877764,1.064067234466931,-0.07002367417009328,0.0013705084085409085,0.4363543024233873,0.27236717405743044,-0.19971417316108814,-1.1690886958591324,0.9034593174309128,-0.05397955911866917,-0.059673702985358144,-1.6914721619511446,1.285333013122991
429,62.47,54.74,58.51,7.53,18.46,56.65,175.73,lentil,30,weather update day 30,soil_moisture,decrease,0.56,51.98,54.74,58.51,7.53,18.46,56.65,175.73,success,R5,lentil,2.3,2,0,4,2,8,8,-0.23581055165218787,0.30618543742894183,0.587555339812798,1.0388361457559991,-1.4934507969453539,-0.549178096536162,0.28576925170140727,-0.6485782613548502,0.2996049546083942,0.587555339812798,0.7519391221563122,-1.3281009218338387,-0.49211266524861136,0.11558460817863316,-1.0648628998111296,1.4959923908615183
430,85.01,27.39,40.49,8.03,34.95,74.06,171.25,coffee,97,weather update day 97,rainfall,decrease,0.25,85.01,27.39,40.49,8.03,34.95,74.06,128.44,success,R4,coffee,1.6,1,0,3,2,4,4,0.7491887359004454,-1.479746770792717,-0.4214486874837475,1.595204365025903,1.7783469018900675,0.6307481401531247,0.22495271852947224,0.7155375582719176,-1.4740933741269748,-0.4214486874837475,1.182662848168743,1.5625847298139033,0.5867978549384176,-0.28002233859679176,0.4900563803140927,-0.13661778661206786
431,67.37,37.94,46.12,7.53,28.68,76.53,150.09,rice,141,weather update day 141,rainfall,decrease,0.16,67.37,37.94,46.12,7.53,28.68,76.53,126.07,failure,R4,rice,-5.3,1,0,3,0,12,12,-0.021680271749441295,-0.7908405625024612,-0.10620492090885586,1.0388361457559991,0.534309814461438,0.7981472099189224,-0.0622967997558287,-0.01298206201921711,-0.7899062674301508,-0.10620492090885586,0.7519391221563122,0.4634580448029057,0.7398655737702361,-0.2998486964707135,1.5111974000978208,-0.6106013865237541
432,79.99,57.99,28.42,7.24,17.19,82.16,70.84,sugarcane,62,weather update day 62,rainfall,decrease,0.2,79.99,57.99,28.42,7.24,17.19,82.16,56.67,unknown,R1,sugarcane,-0.4,1,0,0,3,13,13,0.5298144491429375,0.5184077290823382,-1.0972910076540752,0.7161425785794544,-1.745432790730738,1.1797086523405582,-1.138124981424548,0.5082150812956419,0.5103734945860888,-1.0972910076540752,0.5021193610691019,-1.5507310478249017,1.0887608195285914,-0.8804179945509523,-0.32221488542296367,-0.39994200878522684
433,76.48,45.63,18.29,6.46,25.22,80.94,15.93,mango,130,weather update day 130,temperature,increase,0.1,76.48,45.63,18.29,6.46,25.24,80.94,15.93,unknown,R3,mango,0.7,3,1,2,3,10,10,0.37642724864117477,-0.2886899708671938,-1.6645058132319892,-0.15179184348159724,-0.15219231033968753,1.0970257109987471,-1.8835347663511017,0.3632545446050593,-0.2911954759136976,-1.6645058132319892,-0.16980965151029132,-0.13957158780280893,1.0131565211582196,-1.2212305767381126,1.2559121451518889,-0.9265904531315449
434,85.44,57.95,37.02,6.97,34.62,42.31,123.76,cotton,34,weather update day 34,soil_moisture,unknown,0.4,85.44,57.95,37.02,6.97,34.62,42.31,123.76,partial,R1,cotton,-1.5,2,2,0,1,5,5,0.7679797604633392,0.5157957624158349,-0.6157463553371888,0.41570374017370537,1.7128712657096121,-1.521041521816137,-0.41972968333106375,0.7332962564989687,0.5077794202479019,-0.6157463553371888,0.26952854902238854,1.5047359569185865,-1.3807730247823269,-0.3191731212339029,-0.9720318980126088,0.6533548799074093
435,62.88,55.52,45.1,5.95,31.53,68.59,146.78,maize,3,weather update day 3,rainfall,unknown,0.0,62.88,55.52,45.1,5.95,31.53,68.59,146.78,success,R1,maize,1.3,1,2,0,2,9,9,-0.2178935282317538,0.35711878742575703,-0.1633183564162073,-0.7192874271368999,1.0997812178380877,0.26003036216975917,-0.10723044368420048,-0.19841591094819647,0.350189404203041,-0.1633183564162073,-0.6091478520429712,0.9630610834442682,0.2478179269991272,-0.1265981177496508,-1.6914721619511446,-1.453238897477863
436,76.00800000000001,40.61,56.89,4.22,21.72,48.11,134.62,watermelon,112,weather update day 112,soil_moisture,increase,0.0,72.21,40.61,56.89,4.22,21.72,48.11,134.62,unknown,R6,watermelon,-1.6,2,1,5,3,14,14,0.3558008216791146,-0.6164917875133631,0.49684576577171014,-2.6443214658107705,-0.8466308758899588,-1.1279586859288389,-0.2723038908651673,0.18690654128061757,-0.6167518053561677,0.49684576577171014,-2.0994519440459842,-0.7566251653528422,-1.0213427538412148,-0.22832322819137563,0.8381726370585455,-1.453238897477863
437,108.14,40.18,49.46,6.15,16.0,75.52,183.81,jute,92,weather update day 92,rainfall,decrease,0.4,108.14,40.18,49.46,6.15,16.0,75.52,183.07,success,UNKNOWN,jute,-1.6,1,0,6,2,7,7,1.759971057155654,-0.644570429178274,0.0808135835956095,-0.49674013942893774,-1.9815419030178305,0.7296965781523408,0.39545621331507624,1.6707903256944765,-0.644638104491678,0.0808135835956095,-0.43685836163799846,-1.7593372288716462,0.6772751300373868,0.1769877587248717,0.3740176280659418,0.6533548799074093
438,40.45,52.48,52.34,8.37,17.23,104.84,195.4,lentil,129,weather update day 129,rainfall,increase,0.51,40.45,52.48,52.34,8.37,17.23,104.84,196.4,partial,UNKNOWN,lentil,5.5,1,1,6,1,8,8,-1.1980858095008557,0.15860932077150283,0.2420750485575437,1.9735347541294381,-1.7374963499815923,2.716798086465373,0.5527918426594354,-1.124759169629044,0.1530397545008277,0.2420750485575437,1.475554981857196,-1.5437190753527426,2.4942571203810795,0.28850056482587444,1.2327043947022587,1.232668168688359
439,67.49,51.698,49.55,4.72,24.85,52.23,160.51,maize,118,weather update day 118,humidity,increase,0.0,67.49,54.92,49.55,4.72,24.85,52.23,160.51,success,R1,maize,9.0,0,1,0,2,9,9,-0.016436264894680582,0.10754537244136275,0.08585300437566973,-2.087953246540866,-0.2256043872692871,-0.848734326643379,0.07915594034496679,-0.008026146234924076,0.3112782891302357,0.08585300437566973,-1.668728218033553,-0.20793831940636323,-0.7660233200002867,-0.011739090910433615,0.9774191397563265,-1.453238897477863
440,69.54,47.29,38.34,6.22,29.85,57.25,133.54,blackgram,149,weather update day 149,rainfall,unknown,0.29,69.54,47.29,38.34,6.22,29.85,57.25,133.54,unknown,R1,blackgram,-0.4,1,2,0,3,1,1,0.07314885220748929,-0.18029335420730538,-0.541834850562969,-0.41884858873115177,0.7664507063739576,-0.5085143548926483,-0.2869650193976876,0.0766374150800892,-0.18354139087893684,-0.541834850562969,-0.3765570399962586,0.6685582396135705,-0.45493022342711686,-0.23735802418455523,1.6968594036948623,0.07404159112645924
441,64.32,73.52,59.62,7.06,30.45,71.31,157.24,wheat,43,weather update day 43,soil_moisture,decrease,0.0,64.32,73.52,59.62,7.06,30.45,71.31,157.24,success,R1,wheat,2.0,2,0,0,2,15,15,-0.1549654459746206,1.5325037873522596,0.6497081961002099,0.515850019642288,0.8854973176111465,0.4443726576203541,0.03476530117705899,-0.13894492153667568,1.5175228563871956,0.6497081961002099,0.3470588197046261,0.7737378266959622,0.416378329923235,-0.039094445445338084,-0.7631621439659372,-1.453238897477863
442,71.89,42.52,40.22,5.87,23.41,73.92,192.38,chickpea,116,weather update day 116,humidity,decrease,0.46,71.89,42.52,40.22,5.87,23.41,39.92,192.38,success,R4,chickpea,-3.8,0,0,3,2,2,2,0.17584398644656124,-0.4917703791878284,-0.436566949823929,-0.8083063422200847,-0.5113162542385419,0.6212599337696383,0.5117949832444254,0.17369076585583537,-0.4928847557077377,-0.436566949823929,-0.6780636482049603,-0.4603693284041044,-1.5288830847046129,0.2548710464068173,0.9310036388570662,0.9693439465152001
443,74.25,34.93,35.24,8.03,26.62,72.75,143.25,coffee,47,weather update day 47,rainfall,decrease,0.5,74.25,34.93,35.24,8.03,26.62,72.75,71.63,success,R5,coffee,-3.1,1,0,4,2,4,4,0.27897612125686355,-0.9873910541568374,-0.7154148996539398,1.595204365025903,0.12558311588042143,0.5419656375647866,-0.15515061379512263,0.2711571096136062,-0.9851103613787233,-0.7154148996539398,1.182662848168743,0.10234146248669324,0.5056161902948214,-0.755269338941725,-0.6703311421674164,1.1800033242537271
444,80.17,74.46,29.27,6.35,17.23,48.57,214.45,maize,107,weather update day 107,temperature,decrease,0.0,80.17,74.46,29.27,6.35,17.23,48.57,214.45,failure,R1,maize,-2.8,3,0,0,0,9,9,0.5376804594250796,1.5938850040150878,-1.0496964780646156,-0.2741928517209766,-1.7374963499815923,-1.0967831506688117,0.8113978598302756,0.5156489549720823,1.5784836033345901,-1.0496964780646156,-0.2645688712330265,-1.5437190753527426,-0.9928362151114023,0.4394987756378096,0.7221338848103945,-1.453238897477863
445,82.58,44.64,78.43,7.67,34.37,51.25,179.45,wheat,149,weather update day 149,rainfall,decrease,0.17,82.58,44.64,78.43,7.67,34.37,51.25,148.95,partial,R6,wheat,-0.8,1,0,5,1,15,15,0.6429975970915321,-0.35333614586315154,1.7029471391328421,1.1946192471515722,1.6632685110274499,-0.9151517713277844,0.336268694424532,0.6151802636399752,-0.35539881578382626,1.7029471391328421,0.8725417654397928,1.46091112896759,-0.8267546416420607,-0.10844487024483652,1.6968594036948623,-0.5579365420891222
446,0.0,56.94,52.32,6.74,30.66,71.33,174.34,blackgram,89,weather update day 89,unknown,increase,0.56,-3.26,56.94,52.32,6.74,30.66,71.33,174.34,failure,R6,blackgram,2.1,4,1,5,0,1,1,-2.965753120126588,0.44984360408662527,0.24095517727308563,0.1597743593095497,0.9271636315441629,0.4457281156751376,0.2668998362752936,-2.929951494057927,0.44227904320867956,0.24095517727308563,0.0713956350566705,0.8105506821747995,0.4176177446506179,0.10395649111333742,0.3043943767170513,1.4959923908615183
447,114.88,9.11,44.15,7.5,30.9,103.48,156.45,lentil,16,weather update day 16,rainfall,increase,0.42,114.88,9.11,44.15,7.5,30.9,103.48,222.16,success,R3,lentil,-2.6,1,1,2,2,8,8,2.054509442164737,-2.6734155373847432,-0.21651224242795652,1.0054540525998046,0.9747822760390384,2.6246269387400756,0.024040957157900503,1.9491475955789574,-2.659585346678439,-0.21651224242795652,0.7260956985955661,0.8526225170077562,2.4099769189190257,0.5039971803668968,-1.389771406105952,0.7586845687766727
448,16.6,77.04,63.02,9.5,37.99,105.11,139.17,chickpea,109,weather update day 109,humidity,increase,0.56,16.6,77.04,63.02,12.36,37.99,163.97,139.17,partial,R2,chickpea,-2.8,0,1,1,1,2,2,-2.2403321718846314,1.7623568540045542,0.840086314458049,3.2309269296794234,2.38151639882516,2.735096770204954,-0.2105370993624209,-2.1097474317573637,1.7458013981476532,0.840086314458049,4.9127303154363995,2.095494637698023,6.15858676188935,-0.19025996729418432,0.7685493857096549,1.4959923908615183
449,71.53,48.43,71.34,5.91,25.27,73.05,133.31,cotton,35,weather update day 35,humidity,increase,0.56,71.53,48.43,71.34,5.91,25.27,113.95,133.31,success,R4,cotton,2.9,0,1,3,2,5,5,0.16011196588227788,-0.10585230421196015,1.3059527687925252,-0.7637968846784923,-0.14227175940325493,0.5622975083865432,-0.2900872967703538,0.15882301850295508,-0.10961027224060699,1.3059527687925252,-0.6436057501239657,-0.13431260844868914,3.0588105287041025,-0.23928210110902856,-0.9488241475629786,1.4959923908615183
450,90.97,58.42,74.38,7.24,24.14,30.5,186.27,mungbean,23,weather update day 23,unknown,unknown,0.58,90.97,58.42,74.38,7.24,24.14,30.5,186.27,failure,R2,mungbean,-3.0,4,2,1,0,11,11,1.0096410763535815,0.5464863707472492,1.4761732040301219,0.7161425785794544,-0.36647621056662805,-2.3214395031659634,0.42885100608359433,0.9616813755584911,0.5382597937215992,1.4761732040301219,0.5021193610691019,-0.33240083078719396,-2.112647421302075,0.2037575246305889,-1.227317152958541,1.6013220797307814
451,53.69,41.61,22.19,6.35,26.29,30.76,143.88,coconut,47,weather update day 47,soil_moisture,decrease,0.26,49.5,41.61,22.19,6.35,26.29,30.76,143.88,failure,R4,coconut,0.1,2,0,3,0,3,3,-0.6194970531922109,-0.5511926208507796,-1.4461309127627033,-0.2741928517209766,0.06010747969996691,-2.3038185484537737,-0.1465982888178193,-0.7510005208969144,-0.5518999469014925,-1.4461309127627033,-0.2645688712330265,0.04449268959137728,-2.0965350298460934,-0.15085821810170694,-0.6703311421674164,-0.08395294217743601
452,65.46,56.0,89.2,5.09,29.91,51.33,148.8,wheat,88,weather update day 88,soil_moisture,unknown,0.34,65.46,56.0,89.2,5.09,29.91,51.33,148.8,success,R3,wheat,-0.7,2,2,2,2,15,15,-0.10514738085438982,0.38846238742379696,2.305997825813408,-1.6762407642811363,0.7783553674976763,-0.9097299391086493,-0.07980870328078314,-0.09186372158588803,0.38131829626128494,2.305997825813408,-1.3499926607843535,0.6790761983218095,-0.8217969827325282,-0.10969970302166682,0.2811866262674211,0.33736581329961846
453,64.65,56.73,54.38,7.22,24.06,75.69,108.64,blackgram,28,weather update day 28,soil_moisture,increase,0.53,64.76,56.73,54.38,7.22,24.06,75.69,108.64,success,UNKNOWN,blackgram,-4.2,2,1,6,2,1,1,-0.14054442712402695,0.4361307790874827,0.35630191957224694,0.6938878498086577,-0.3823490920649203,0.7412179716180031,-0.624985482786345,-0.12077323032759925,0.42866015293319765,0.35630191957224694,0.4848904120286043,-0.34642477573151326,0.6878101552201437,-0.44566026513841606,-1.11127840071039,1.3379978575576228
454,63.63,58.11,56.49,6.3,22.76,68.47,232.61,mango,9,weather update day 9,temperature,increase,0.57,63.63,58.11,56.49,6.3,22.89,68.47,232.61,failure,R6,mango,2.3,3,1,5,0,10,10,-0.18511848538949674,0.5262436290818481,0.4744483400825527,-0.3298296736479669,-0.6402834164121634,0.25189761384105613,1.057922021080799,-0.16744143729636252,0.5181557176006497,0.4744483400825527,-0.3076412438342695,-0.5515249705421774,0.24038143863482803,0.5914171971527542,-1.5522256592533634,1.5486572352961496
455,60.97,43.46,53.09,5.93,22.09,78.19,186.43,sugarcane,49,weather update day 49,rainfall,unknown,0.4,60.97,43.46,53.09,5.93,22.09,78.19,186.43,failure,R2,sugarcane,3.9,1,2,1,0,13,13,-0.30136063733670204,-0.4303891625250001,0.284070221724714,-0.7415421559076966,-0.7732187989603585,0.9106502284659765,0.4310230251254491,-0.2772975705148671,-0.4319240087603431,0.284070221724714,-0.6263768010834688,-0.691764419985367,0.842736996143037,0.20509601292587473,-0.6239156412681561,0.6533548799074093
456,61.42,58.83,19.23,6.87,36.12,44.55,161.38,lentil,134,weather update day 134,temperature,increase,0.15,61.42,58.83,19.23,6.87,36.18,44.55,161.38,partial,R3,lentil,-2.0,3,1,2,1,8,8,-0.28169561163134765,0.5732590290789081,-1.611871862862469,0.3044300963197248,2.010487793802586,-1.3692302196803532,0.09096629388505248,-0.2587128863237666,0.5648490556880158,-1.611871862862469,0.18338380381990257,1.7782028833328063,-1.2419585753154148,-0.00446106080481675,1.3487431469504094,-0.6632662309583859
457,70.97,37.54,52.87,6.46,24.81,51.39,115.39,mango,62,weather update day 62,humidity,decrease,0.56,70.97,37.54,52.87,6.46,24.81,51.1,115.39,failure,R5,mango,2.3,0,0,4,0,10,10,0.1356399338933925,-0.8169602291674944,0.27175163759567705,-0.15179184348159724,-0.2335408280184336,-0.9056635649442978,-0.5333534294580945,0.13569541150958564,-0.8158470108120208,0.27175163759567705,-0.16980965151029132,-0.2149502918785232,-0.8360502520974342,-0.38919279018104413,-0.32221488542296367,1.4959923908615183
458,54.69,14.04,56.1,6.68,23.84,53.13,168.84,groundnut,79,weather update day 79,humidity,increase,0.09,54.69,14.04,56.1,6.68,23.84,53.18,168.84,partial,R1,groundnut,-3.0,0,1,0,1,6,6,-0.5757969960692014,-2.3514906457382065,0.4526108500356241,0.09301017299716058,-0.42599951618522286,-0.7877387141781083,0.19223668171153394,-0.5366571632262235,-2.33986568449689,0.4526108500356241,0.0197087879351783,-0.38499062432839015,-0.7071511204495872,0.05794595596288622,0.07231687222074942,-0.9792552975661767
459,86.78,77.23,30.18,6.15,17.93,78.97,129.93,blackgram,68,weather update day 68,temperature,increase,0.0,86.78,77.23,30.18,6.15,17.93,78.97,129.93,failure,R4,blackgram,0.6,3,1,3,0,1,1,0.826537837008172,1.774763695670445,-0.9987423346217823,-0.49674013942893774,-1.5986086368715382,0.9635130926025443,-0.3359711990295369,0.7886373160902455,1.7581232512540415,-0.9987423346217823,-0.43685836163799846,-1.421009557089952,0.8910741705109797,-0.26755766634694217,-0.1829683827251826,-1.453238897477863
460,111.72,34.78,41.49,6.83,25.73,50.27,217.31,blackgram,20,weather update day 20,temperature,unknown,0.41,111.72,34.78,41.49,6.83,25.73,50.27,217.31,success,UNKNOWN,blackgram,7.0,3,2,6,2,1,1,1.9164172616560275,-0.9971859291562248,-0.3654551232608537,0.2599206387781324,-0.051002690788076246,-0.9815692160121897,0.8502227002034308,1.8186418132592306,-0.9948381401469245,-0.3654551232608537,0.14892590573890804,-0.053674925018855076,-0.8874859632838347,0.46342425391604436,-1.2969404043074313,0.7060197243420409
461,31.91,31.69,54.83,7.9,24.87,52.36,210.04,sugarcane,146,weather update day 146,unknown,decrease,0.5,31.91,31.69,54.83,7.9,24.87,52.36,210.04,success,R4,sugarcane,1.0,4,0,3,2,13,13,-1.5712842973313568,-1.1989603541436078,0.3814990234725489,1.450548628015729,-0.22163616689471421,-0.8399238492872843,0.751531584989152,-1.4774551762779269,-1.195230382771871,0.3814990234725489,1.0706746794055115,-0.2044323331702836,-0.7579671242722962,0.4026066919989933,1.6272361523459717,1.1800033242537271
462,103.45,63.84,14.37,4.92,31.21,57.2,51.06,watermelon,32,weather update day 32,temperature,increase,0.2,103.45,63.84,14.37,4.92,31.28,57.2,51.06,success,R3,watermelon,3.2,3,1,2,2,14,14,1.5550177892487396,0.9004078540584518,-1.8840005849857329,-1.865405958832904,1.03628969184492,-0.5119030000296075,-1.406640835473851,1.4770966171250082,0.8897568665459393,-1.8840005849857329,-1.4964387276285802,0.9192362554932715,-0.45802876024557454,-0.9273487404044124,-1.0184473989118692,-0.39994200878522684
463,89.58,34.9,47.48,6.38,33.44,66.28,198.53,coffee,83,weather update day 83,rainfall,increase,0.39,89.58,34.9,47.48,6.38,33.44,66.28,275.96,failure,R5,coffee,0.1,1,1,4,0,4,4,0.9488979969525984,-0.989350029156715,-0.030053673565720373,-0.24081075856478207,1.4787462636098065,0.1034749568422316,0.5952819651657204,0.9042753510570921,-0.9870559171323636,-0.030053673565720373,-0.2387254476722804,1.2978827689898824,0.10466552598637367,0.9540638696567647,0.16514787401927017,0.6006900354727774
464,96.74,67.74,46.07,7.3,35.52,76.31,178.78,cotton,109,weather update day 109,rainfall,decrease,0.14,96.74,67.74,46.07,7.3,35.52,76.31,153.75,success,R1,cotton,1.1,1,0,0,2,5,5,1.2617904059533458,1.1550746040425268,-0.10900459912000039,0.7829067648918425,1.8914411825653974,0.7832371713163008,0.32717336468676506,1.1999783261866002,1.1426791145191724,-0.10900459912000039,0.5538062081905933,1.6625053375421757,0.7262320117690215,-0.06829022138626083,0.7685493857096549,-0.7159310753930176
465,76.36,40.56,51.51,6.37,25.79,73.34,117.49,jute,39,weather update day 39,humidity,unknown,0.35,76.36,40.56,51.51,6.37,25.79,73.34,117.49,failure,R4,jute,1.9,0,2,3,0,7,7,0.37118324178641343,-0.6197567458464921,0.19560039025254156,-0.2519381229501799,-0.03909802966435756,0.5819516501809086,-0.5048456795337499,0.3582986288207657,-0.6199943982789013,0.19560039025254156,-0.24733992219252884,-0.04315696631061609,0.5421789247526244,-0.37162513130541736,-0.855993145764458,0.39003065773425005
466,82.304,50.98,34.7,7.21,16.83,64.58,170.11,chickpea,75,weather update day 75,soil_moisture,decrease,0.0,46.89,50.98,34.7,7.21,16.83,64.58,170.11,success,R3,chickpea,-2.8,2,0,2,2,2,2,0.6309363813255817,0.06066057077762758,-0.7456514243343023,0.6827604854232598,-1.8168607574730522,-0.011738977814390485,0.20947708285625677,-0.8587916892052965,0.0557619668188148,-0.7456514243343023,0.47627593750835584,-1.6138388000743376,-0.0006847258411939208,0.06857020680671777,-0.020514129577771312,-1.453238897477863
467,84.84,72.15,60.6,6.39,25.63,60.77,167.73,lentil,63,weather update day 63,temperature,decrease,0.27,84.84,72.15,60.6,6.39,25.56,60.77,167.73,failure,R2,lentil,-3.3,3,0,1,0,8,8,0.7417597261895338,1.4430439290245207,0.704581889038646,-0.22968339417938421,-0.07084379266094142,-0.26995373725070154,0.17716829960866587,0.7085166775775018,1.4286758103042911,0.704581889038646,-0.23011097315203197,-0.08347580802553312,-0.23679323140768296,0.0486601934143405,-0.29900713497333353,-0.03128809774280417
468,74.38,69.34,55.66,8.27,18.18,61.74,84.93,lentil,30,weather update day 30,rainfall,increase,0.0,74.38,69.34,55.66,8.27,18.18,61.74,84.93,failure,R1,lentil,-3.0,1,1,0,0,8,8,0.2846571286828546,1.259553270702661,0.42797368177755063,1.8622611102754576,-1.549005882189376,-0.20421402159368798,-0.9468515545512073,0.27652601837992385,1.2464420880466534,0.42797368177755063,1.38941023665471,-1.3771847291389552,-0.17668161712960043,-0.6440074993960884,-1.0648628998111296,-1.453238897477863
469,10.63,70.24,60.96,6.92,22.96,71.42,107.74,banana,51,weather update day 51,soil_moisture,increase,0.18,10.63,70.24,60.96,6.92,22.96,71.42,107.74,partial,R2,banana,0.6,2,1,1,1,0,0,-2.5012215129089976,1.3183225206989857,0.7247395721588878,0.3600669182467151,-0.6006012126664337,0.45182767692166487,-0.6372030898967785,-2.356304242025962,1.3048087606558607,0.7247395721588878,0.22645617642114557,-0.5392540187158983,0.42319511092384227,-0.453189261799399,-0.5775001403688957,-0.5052716976544905
470,0.0,33.7,21.86,5.07,16.69,81.2,187.87,lentil,25,weather update day 25,temperature,increase,0.42,-14.36,33.7,21.86,5.07,23.7,81.2,187.87,success,R1,lentil,-0.2,3,1,0,2,8,8,-2.965753120126588,-1.067709029151815,-1.4646087889562585,-1.698495493051932,-1.8446383000950626,1.1146466657109368,0.4505711965021425,-3.3883737041050694,-1.0648781472779736,-1.4646087889562585,-1.3672216098248504,-0.40953252798094836,1.0292689126142007,0.21714240758344738,-1.1809016520592805,0.7586845687766727
471,93.12,70.74,23.88,7.5,27.92,66.02000000000001,182.56,wheat,59,weather update day 59,humidity,decrease,0.59,93.12,70.74,23.88,7.5,27.92,35.43,182.56,failure,R4,wheat,0.5,0,0,3,0,15,15,1.103596199168052,1.3509721040302773,-1.351501789226013,1.0054540525998046,0.3835174402276652,0.08585400213004299,0.3784873145505854,1.0504748666937487,1.3372346898831982,-1.351501789226013,0.7260956985955661,0.33023056783187615,-1.8071316910021293,0.1727213272836481,-0.39183813677185425,1.6539869241654133
472,104.51,52.58,19.53,6.76,32.56,44.24,87.27,banana,6,weather update day 6,rainfall,decrease,0.14,104.51,52.58,19.53,6.76,32.56,44.24,87.15,partial,UNKNOWN,banana,0.8,1,0,6,1,0,0,1.6013398497991298,0.16513923743776127,-1.5950737935956008,0.1820290880803454,1.3041445671285963,-1.3902398195295016,-0.9150857760640806,1.5208738732196003,0.15952494034629533,-1.5950737935956008,0.08862458409716739,1.1436193746023748,-1.2611695035898534,-0.6254359742989971,-1.621848910602254,-0.7159310753930176
473,76.33,43.05,46.64,7.12,29.21,68.71,158.86,sugarcane,6,weather update day 6,soil_moisture,decrease,0.37,67.86,43.05,46.64,7.12,29.21,68.71,158.86,unknown,R3,sugarcane,-0.7,2,0,2,3,13,13,0.3698722400727231,-0.4571618208566595,-0.07708826751295093,0.5826142059546772,0.6394676543876221,0.2681631104984612,0.056756993975839186,0.007254594099980863,-0.4585132707267602,-0.07708826751295093,0.3987456668261183,0.5563666800590189,0.25525441536342547,-0.025542251455568786,-1.621848910602254,0.49536034660351375
474,42.64,45.53,45.39,5.74,25.81,49.06,216.8,banana,46,weather update day 46,temperature,unknown,0.35,42.64,45.53,45.39,5.74,25.81,49.06,216.8,failure,R3,banana,1.3,3,2,2,0,0,0,-1.1023826844014653,-0.2952198875334522,-0.14708022279156813,-0.9529620792302598,-0.035129809289784666,-1.0635744283266089,0.8432993895075187,-1.0343137065656889,-0.2976806617591652,-0.14708022279156813,-0.7900518169681924,-0.039650980074536435,-0.9624705542905151,0.4591578224748208,-0.6935388926170466,0.39003065773425005
475,68.71,55.17,46.56,6.31,33.17,71.246,0.07,lentil,68,weather update day 68,rainfall,decrease,0.09,68.71,55.17,46.56,6.31,33.17,80.99,0.07,failure,R2,lentil,4.4,1,0,1,0,8,8,0.0368778047953909,0.33426407909385275,-0.08156775265078234,-0.31870230926256904,1.4251752885530722,0.44003519184504547,-2.0988361538749616,0.04235899757205911,0.32749125374390453,-0.08156775265078234,-0.29902676931402106,1.2505519548028066,1.0162550579766774,-1.3539082290083229,-0.1829683827251826,-0.9792552975661767
476,109.96,67.69,17.19,6.8,23.18,59.04,171.03,rice,147,weather update day 147,rainfall,decrease,0.09,109.96,67.69,17.19,6.8,23.18,59.04,155.64,failure,R3,rice,3.5,1,0,2,0,12,12,1.8395051611195308,1.1518096457093978,-1.7260987338771723,0.22653854562193784,-0.5569507885461312,-0.3872008589894994,0.22196619234692186,1.7459550484229267,1.1394365215964388,-1.7260987338771723,0.12308248217816194,-0.5006881701190214,-0.3440026053263253,-0.05247932839819681,1.650443902795602,-0.9792552975661767
477,71.27,39.07,31.57,7.06,30.23,74.06,240.92,maize,42,weather update day 42,temperature,unknown,0.42,71.27,39.07,31.57,7.06,30.23,74.06,240.92,failure,R3,maize,-1.6,3,2,2,0,9,9,0.1487499510302952,-0.7170525041737417,-0.92091128035196,0.515850019642288,0.841846893490844,0.6307481401531247,1.1707312600671336,0.1480852009703191,-0.7166236673763676,-0.92091128035196,0.3470588197046261,0.7351719780990853,0.5867978549384176,0.660934932989163,-0.7863698944155674,0.7586845687766727
478,63.99,21.5,43.73,6.76,30.05,91.3,217.11,rice,130,weather update day 130,rainfall,increase,0.0,63.99,21.5,43.73,6.76,30.05,91.3,217.11,failure,R1,rice,0.5,1,1,0,0,12,12,-0.16938646482521336,-1.8643588624353338,-0.24002953940157198,0.1820290880803454,0.8061329101196872,1.7991529833767488,0.8475076764011125,-0.15257368994348225,-1.8560708204250123,-0.24002953940157198,0.08862458409716739,0.7036181019743677,1.6551733499426893,0.46175114354693714,1.2559121451518889,-1.453238897477863
479,57.12,66.67,55.02,7.4,20.58,80.58,276.35,mango,147,weather update day 147,temperature,increase,0.58,57.12,66.67,55.02,7.4,20.7,80.58,276.35,failure,R3,mango,2.3,3,1,2,0,10,10,-0.4696058572602885,1.085204495713563,0.39213780067489895,0.8941804087458242,-1.0728194372406188,1.0726274660126391,1.6516977266478625,-0.43629986859428144,1.0732876259726702,0.39213780067489895,0.6399509533930802,-0.9354304633929086,0.990847056065323,0.9573264348765244,1.650443902795602,1.6013220797307814
480,0.0,53.15,12.71,7.17,22.08,66.812,65.41,chickpea,105,weather update day 105,soil_moisture,decrease,0.13,-16.85,53.15,12.71,7.17,22.08,68.04,65.41,failure,UNKNOWN,chickpea,-1.4,2,0,6,0,2,2,-2.965753120126588,0.20235976243543388,-1.9769499015957364,0.6382510278816674,-0.7752029091476453,0.1395301410994801,-1.2118378776574963,-3.4912089566291584,0.19649049966546028,-1.9769499015957364,0.4418180394273613,-0.6935174131034071,0.21373402199609084,-0.8073030714209626,0.6757183839111341,-0.7685959198276494
481,46.46,74.79,44.33,5.96,31.51,83.26,124.0,wheat,111,weather update day 111,humidity,unknown,0.0,46.46,74.79,44.33,5.96,31.51,83.26,124.0,success,R1,wheat,0.8,0,2,0,2,15,15,-0.9354484661915691,1.6154337290137413,-0.20643340086783565,-0.708160062751502,1.095812997463515,1.254258845353667,-0.4164716547682816,-0.8765503874323479,1.599884716624634,-0.20643340086783565,-0.6005333775227227,0.9595550972081885,1.156928629534665,-0.31716538879097417,0.8149648866089153,-1.453238897477863
482,81.86,71.28,74.26,7.57,30.35,96.28,176.27,chickpea,128,weather update day 128,rainfall,decrease,0.1,81.86,71.28,74.26,7.57,30.35,96.28,176.09,partial,R1,chickpea,1.0,1,0,0,1,2,2,0.6115335559629654,1.3862336540280729,1.4694539763233752,1.0833456032975917,0.865656215738282,2.136662039017912,0.2930998159676676,0.5854447689342147,1.3722546934487232,1.4694539763233752,0.7863970202373067,0.7562078955155639,1.9637876170610928,0.11859620684302644,1.2094966442526285,-0.9265904531315449
483,97.14,70.08,48.35,7.25,31.16,61.21,140.55,groundnut,149,weather update day 149,rainfall,increase,0.06,97.14,70.08,48.35,7.25,31.16,61.21,148.98,success,R1,groundnut,1.6,1,1,0,2,6,6,1.2792704288025498,1.3078746540329724,0.018660727308197456,0.7272699429648523,1.0263691409084874,-0.2401336600454584,-0.1918034351264227,1.2164980454675784,1.2944324633031128,0.018660727308197456,0.5107338355893504,0.8982003380767929,-0.20952610740525388,-0.10819390368947042,1.6968594036948623,-1.137249830870072
484,57.82,50.12,45.87,7.35,27.69,59.83,100.97,coconut,26,weather update day 26,humidity,unknown,0.0,57.82,50.12,45.87,7.35,27.69,59.83,100.97,success,UNKNOWN,coconut,-5.3,0,2,6,2,3,3,-0.43901581727418176,0.004503287447805804,-0.1202033119645793,0.8385435868188329,0.33788290592007586,-0.33366026582553987,-0.7291066456052608,-0.40739035985256966,-1.063145220590898e-05,-0.1202033119645793,0.5968785807918364,0.2899117261169591,-0.2950457235946911,-0.5098240477936816,-1.1576939016096504,-1.453238897477863
485,87.77,74.11,44.38,6.22,24.8,75.06,133.07,mungbean,77,weather update day 77,temperature,decrease,0.19,87.77,74.11,44.38,6.22,20.09,75.06,133.07,unknown,UNKNOWN,mungbean,-1.6,3,0,6,3,11,11,0.8698008935599512,1.571030295683184,-0.20363372265669072,-0.41884858873115177,-0.2355249382057197,0.6985210428923141,-0.2933453253331361,0.8295236213106661,1.5557854528754542,-0.20363372265669072,-0.3765570399962586,-1.0423630435933404,0.6487685913075749,-0.2412898335519574,0.025901371321489057,-0.45260685321985866
486,64.61,51.04,51.06,6.47,25.15,51.6,185.67,coffee,116,weather update day 116,soil_moisture,increase,0.36,64.68,51.04,51.06,6.47,25.15,51.6,185.67,unknown,R4,coffee,-0.8,2,1,3,3,4,4,-0.1422924294089476,0.06457852077738273,0.1704032863522396,-0.14066447909619936,-0.166081081650693,-0.891431255369068,0.4207059346766384,-0.1240771741837948,0.05965307832609546,0.1704032863522396,-0.16119517699004288,-0.1553485258651677,-0.8050648839128556,0.19873819352326677,0.9310036388570662,0.44269550216888187
487,68.75,40.24,52.95,6.14,22.89,63.318000000000005,259.89,rice,83,weather update day 83,rainfall,decrease,0.29,68.75,40.24,52.95,6.14,22.89,77.48,184.52,failure,R3,rice,0.8,1,0,2,0,12,12,0.038625807080311554,-0.6406524791785189,0.27623112273350886,-0.5078675038143365,-0.6144899839774391,-0.097268381071247,1.4282512677170467,0.04401096950015718,-0.6407469929843974,0.27623112273350886,-0.4454728361582477,-0.5515249705421774,0.7987377733209357,0.18911780890089988,0.16514787401927017,0.07404159112645924
488,43.21,62.42,36.51,7.06,28.22,56.95,97.26,groundnut,16,weather update day 16,rainfall,increase,0.5,43.21,62.42,36.51,7.06,28.22,56.95,97.75,partial,R6,groundnut,1.7,1,1,5,1,6,6,-1.07747365184135,0.8076830373975831,-0.6443030730908649,0.515850019642288,0.4430407458462593,-0.5288462257144049,-0.7794703371382696,-1.010773106590295,0.7976672275403004,-0.6443030730908649,0.3470588197046261,0.3828203613730717,-0.47352144433786386,-0.5367611247363094,-1.389771406105952,1.1800033242537271
489,60.32,50.83,62.4,6.45,34.22,44.78,190.68,watermelon,27,weather update day 27,temperature,decrease,0.29,60.32,50.83,62.4,6.45,24.3,44.78,190.68,success,R2,watermelon,-1.0,3,0,1,2,14,14,-0.3297656744666581,0.05086569577824014,0.8053703046398547,-0.1629192078669951,1.633506858218153,-1.3536424520503394,0.48871728092471795,-0.30414211434645644,0.04603418805061359,0.8053703046398547,-0.17842412603053975,-0.3043529408985561,-1.2277053059505083,0.2406496082694052,-1.1344861511600202,0.07404159112645924
490,24.87,74.11,76.71,5.69,24.86,66.43,92.38,lentil,82,weather update day 82,soil_moisture,unknown,0.21,24.87,74.11,76.71,5.69,24.86,66.43,92.38,success,R2,lentil,-5.3,2,2,1,2,8,8,-1.878932699477343,1.571030295683184,1.6066382086694642,-1.00859890115725,-0.22362027708200102,0.11364089225311039,-0.845716917914842,-1.7682022356231413,1.5557854528754542,1.6066382086694642,-0.8331241895694353,-0.20618532628832373,0.11396113644174763,-0.581684138146841,0.14194012356963998,-0.34727716435059514
491,0.0,64.61,84.99,6.97,33.9,46.82,279.58,coffee,31,weather update day 31,rainfall,decrease,0.32,-2.24,64.61,84.99,6.97,33.9,46.82,278.69,failure,R1,coffee,-5.6,1,0,0,0,4,4,-2.965753120126588,0.9506882123886408,2.0702649204350245,0.41570374017370537,1.5700153322249852,-1.2153857304623932,1.6955453610553064,-2.8878262098914327,0.9396927975560391,2.0702649204350245,0.26952854902238854,1.3785204524197163,-1.1012850037574275,0.9769018261950797,-1.0416551493614994,0.2320361244303548
492,69.73,62.97,38.25,6.46,27.07,91.21,136.94,coconut,11,weather update day 11,unknown,decrease,0.35,69.73,62.97,38.25,6.46,27.07,91.21,136.94,failure,R6,coconut,-0.5,4,0,5,0,3,3,0.08145186306086098,0.8435975790620038,-0.5468742713430297,-0.15179184348159724,0.2148680743083133,1.7930534221302215,-0.24080961475827242,0.08448428173855371,0.8333357496903716,-0.5468742713430297,-0.16980965151029132,0.18122615279848714,1.649595983669465,-0.2089151479097308,-1.505810158354103,0.39003065773425005
493,89.31,68.54,49.6,6.66,22.91,60.26,186.95,groundnut,42,weather update day 42,soil_moisture,decrease,0.21,89.31,68.54,49.6,6.66,22.91,60.26,186.95,failure,R1,groundnut,3.6,2,0,0,0,6,6,0.937098981529386,1.2073139373725943,0.08865268258681466,0.07075544422636486,-0.6105217636028663,-0.3045179176476885,0.43808208701147705,0.8931245405424321,1.1945606012829133,0.08865268258681466,0.0024798388946814113,-0.5480189843060977,-0.2683983069559535,0.2094460998855536,-0.7863698944155674,-0.34727716435059514
494,66.83,49.61,55.81,7.04,20.5,52.82,91.75,coconut,132,weather update day 132,humidity,unknown,0.43,66.83,49.61,55.81,7.04,20.5,52.82,91.75,partial,R1,coconut,4.2,0,2,0,1,3,3,-0.04527830259586667,-0.02879928755011165,0.43637271641098496,0.49359529087149234,-1.0886923187389104,-0.8087483140272571,-0.8542692428921453,-0.035283683048537816,-0.03308507926409018,0.43637271641098496,0.3298298706641292,-0.9704903257537059,-0.7294605855424837,-0.5869544358095289,1.3023276460511493,0.8113494132113045
495,76.24,52.25,36.84,8.43,26.86,58.36,159.1,mango,119,weather update day 119,temperature,increase,0.48,76.24,52.25,36.84,8.43,26.99,58.36,159.1,success,R6,mango,0.1,3,1,5,2,10,10,0.36593923493165215,0.1435905124391088,-0.6258251968973096,2.040298940441827,0.17320176037529686,-0.43328643285214813,0.06001502253862116,0.3533427130364721,0.13812382705625262,-0.6258251968973096,1.5272418289786884,0.1672022078541679,-0.3861427060573523,-0.023534519012640167,1.0006268902059567,1.0746736353844635
496,102.12,57.12,9.76,6.94,22.85,45.17,161.2,jute,67,weather update day 67,rainfall,decrease,0.33,102.12,57.12,9.76,6.94,22.85,45.17,160.67,success,R1,jute,-4.6,1,0,0,2,7,7,1.4968967132751372,0.4615974540858903,-2.142130916053273,0.3823216470175118,-0.6224264247265849,-1.3272110199820555,0.08852277246296571,1.4221685505157562,0.45395237773052105,-2.142130916053273,0.24368512546164323,-0.5585369430143368,-1.2035367187665371,-0.010400602615147789,-0.2061761331748128,0.28470096886498664
497,47.55,47.26,61.1,7.03,30.88,70.76,183.12,jute,137,weather update day 137,humidity,decrease,0.09,47.55,47.26,61.1,7.03,30.88,70.7,183.12,success,R1,jute,1.0,0,0,0,2,7,7,-0.8878154039274889,-0.18225232920718296,0.7325786711500929,0.4824679264860945,0.9708140556644655,0.40709756111380013,0.3860893811970773,-0.8315341523916827,-0.18548694663257717,0.7325786711500929,0.3212153961438808,0.8491165307716765,0.37857618073804905,0.17740603631714863,1.4183663982993,-0.9792552975661767
498,68.74,53.24,77.08,7.69,30.16,66.82,94.38,mungbean,88,weather update day 88,rainfall,increase,0.57,68.74,53.24,77.08,7.69,30.16,66.82,94.92,failure,R1,mungbean,5.0,1,1,0,0,11,11,0.038188806509081234,0.20823668743506663,1.627355827431935,1.216873975922369,0.8279581221798384,0.1400723243213933,-0.8185666798916567,0.04359797651813251,0.20232716692638128,1.627355827431935,0.8897707144802904,0.7229010262728062,0.13812972362571813,-0.5604356364591779,0.2811866262674211,1.5486572352961496
499,107.18,64.73,78.93,4.51,26.48,60.14,142.5,banana,64,weather update day 64,rainfall,decrease,0.14,107.18,64.73,78.93,4.51,26.48,60.14,122.55,unknown,R6,banana,-2.0,1,0,5,3,0,0,1.718019002317565,0.9585241123881512,1.730943921244289,-2.321627898634226,0.09780557325841047,-0.312650665976391,-0.16533195305381715,1.6311429994201294,0.9474750205706004,1.730943921244289,-1.849632182958774,0.07779955883413499,-0.27583479532025224,-0.3292954389670022,-0.27579938452370334,-0.7159310753930176
500,105.62,40.23,55.74,6.52,27.69,47.98,65.85,sugarcane,118,weather update day 118,humidity,increase,0.5,105.62,40.23,55.74,6.52,27.69,48.22,65.85,success,R1,sugarcane,-0.1,0,1,0,2,13,13,1.6498469132056701,-0.641305470845145,0.4324531669153824,-0.0850276571692091,0.33788290592007586,-1.1367691632849337,-1.2058648252923956,1.5667160942243146,-0.6413955115689445,0.4324531669153824,-0.11812280438879988,0.2899117261169591,-1.0145259728406073,-0.8036222286089264,0.9774191397563265,1.1800033242537271
501,110.9,47.64,46.51,7.55,16.01,61.93,191.66,mango,33,weather update day 33,soil_moisture,increase,0.09,110.93,47.64,46.51,7.55,16.01,61.93,191.66,partial,R6,mango,3.1,2,1,5,1,10,10,1.8805832148151602,-0.15743864587540107,-0.08436743086192726,1.0610908745267948,-1.9795577928305437,-0.19133717007324216,0.5020208975560786,1.7860153676792991,-0.16084324041980042,-0.08436743086192726,0.7691680711968091,-1.757584235753606,-0.1649071772194607,0.24884784907803098,-0.995239648462239,-0.9792552975661767
502,46.36,56.02,63.16,6.98,24.28,69.12,167.07,groundnut,140,weather update day 140,temperature,decrease,0.33,46.36,56.02,63.16,6.98,24.2,69.12,167.07,failure,R1,groundnut,2.0,3,0,0,0,6,6,-0.9398184719038701,0.3897683707570488,0.8479254134492539,0.4268311045591042,-0.33869866794461706,0.2959500006215296,0.16820872106101475,-0.8806803172525925,0.3826153334303786,0.8479254134492539,0.27814302354263776,-0.321882872078955,0.28066241727478064,0.04313892919628638,1.4879896496481906,0.28470096886498664
503,62.92,37.04,11.73,5.5,29.65,69.73,179.62,lentil,98,weather update day 98,rainfall,decrease,0.54,62.92,37.04,11.73,5.5,29.65,69.73,82.62,unknown,R1,lentil,-3.6,1,0,0,3,8,8,-0.21614552594683348,-0.8496098124987862,-2.0318235945341723,-1.2200188244798142,0.7267685026282272,0.33729147129243503,0.338576464656503,-0.1967639390200987,-0.8482729400393585,-2.0318235945341723,-0.9967992054541597,0.6334983772527727,0.31846456645996657,-0.6633319241592779,0.5132641307637229,1.3906627019922546
504,80.89,56.74,64.58,6.12,23.84,97.79,135.21,mungbean,26,weather update day 26,rainfall,unknown,0.47,80.89,56.74,64.58,6.12,23.84,97.79,135.21,failure,UNKNOWN,mungbean,2.2,1,2,6,0,11,11,0.5691445005536463,0.43678377075410885,0.9274362746457631,-0.5301222325851322,-0.42599951618522286,2.2389991221540884,-0.2642945706483276,0.5453844496778428,0.42930867151774477,0.9274362746457631,-0.46270178519874455,-0.38499062432839015,2.0573634289785208,-0.223387552602509,-1.1576939016096504,1.0220087909498317
505,66.56,55.59,72.49,5.8,20.14,71.09,114.79,sugarcane,69,weather update day 69,soil_moisture,decrease,0.34,66.56,55.59,72.49,5.8,20.14,71.09,114.79,unknown,R2,sugarcane,-6.8,2,0,1,3,13,13,-0.057077318019079046,0.3616897290921379,1.3703453676488526,-0.8861978929178717,-1.1601202854812238,0.4294626190177325,-0.54149850086505,-0.04643449356319788,0.3547290342948683,1.3703453676488526,-0.738364969846701,-1.033598078003141,0.40274476792202046,-0.394212121288366,-0.1597606322755524,0.33736581329961846
506,80.82,63.14,35.97,6.45,20.71,51.730000000000004,162.03,blackgram,76,weather update day 76,humidity,decrease,0.27,80.82,63.14,35.97,6.45,20.71,27.45,162.03,success,R3,blackgram,1.8,0,0,2,2,1,1,0.5660854965550354,0.8546984373946431,-0.6745395977712275,-0.1629192078669951,-1.047026004805894,-0.8826207780129732,0.09979012124258779,0.5424934988036714,0.8443605656276665,-0.6745395977712275,-0.17842412603053975,-0.9336774702748685,-2.3016581672280045,0.0009765478947820765,0.0026936208718588727,-0.03128809774280417
507,66.15,38.59,70.37,6.55,22.04,85.84,205.61,maize,106,weather update day 106,rainfall,decrease,0.32,66.15,38.59,70.37,6.55,22.04,85.84,139.81,failure,R3,maize,6.9,1,0,2,0,9,9,-0.07499434143951278,-0.7483961041717815,1.2516390114963183,-0.05164556401301454,-0.7831393498967911,1.4291129344207754,0.6913938077677967,-0.0633672058262003,-0.7477525594346115,1.2516390114963183,-0.09227938082805379,-0.7005293855755664,1.3168131293670908,-0.18490601411304078,0.6989261343607643,0.2320361244303548
508,61.27,50.35,46.41,6.2,24.71,88.98,183.66,maize,125,weather update day 125,humidity,decrease,0.25,61.27,48.36,46.41,6.2,24.71,88.76,183.66,success,R2,maize,-0.9,0,0,1,2,9,9,-0.288250620199799,0.01952209578020027,-0.08996678728421671,-0.4411033175019475,-0.2533819298912981,1.6419198490218299,0.39341994546333725,-0.2649077810541333,-0.11414990233243427,-0.08996678728421671,-0.3937859890367555,-0.2324802230589215,1.49776767956503,0.1819234343137383,1.139873392903738,-0.13661778661206786
509,29.47,66.79,62.03,5.62,31.65,70.6,126.81,wheat,50,weather update day 50,rainfall,increase,0.41,29.47,66.79,62.03,5.62,31.65,70.6,127.33,failure,R4,wheat,-3.5,1,1,3,0,15,15,-1.6779124367114997,1.0930403957130732,0.7846526858773841,-1.0864904518550371,1.123590540085525,0.3962538966755291,-0.37832557034570613,-1.578225463891893,1.0810698489872317,0.7846526858773841,-0.893425511211176,0.9840970008607461,0.3723791071011328,-0.28930810114533734,-0.6007078908185259,0.7060197243420409
510,62.74,46.75,45.54,5.88,23.78,60.95,246.77,rice,20,weather update day 20,temperature,decrease,0.0,62.74,46.75,45.54,5.88,23.78,60.95,246.77,success,R1,rice,2.8,3,0,0,2,12,12,-0.22401153622897516,-0.21555490420510043,-0.13868118815813416,-0.7971789778346868,-0.43790417730894154,-0.2577546147576475,1.250145706284951,-0.20419781269653883,-0.21856139444446143,-0.13868118815813416,-0.6694491736847118,-0.3955085830366291,-0.22563849886123466,0.7098734112855521,-1.2969404043074313,-1.453238897477863
511,88.68,57.55,89.5,5.69,30.11,45.33,159.44,coffee,143,weather update day 143,humidity,decrease,0.0,88.68,57.55,89.5,5.69,30.11,45.33,159.44,failure,R2,coffee,2.9,0,0,1,0,4,4,0.9095679455418902,0.4896760957508012,2.322795895080276,-1.00859890115725,0.8180375712434059,-1.3163673555437854,0.06463056300256272,0.8671059826748918,0.48183867686603143,2.322795895080276,-0.8331241895694353,0.7141360606826067,-1.1936214009474722,-0.0206902313851577,1.5576129009970812,-1.453238897477863
512,69.95,49.83,52.32,6.83,34.56,102.1,167.42,blackgram,131,weather update day 131,humidity,unknown,0.05,69.95,49.83,52.32,6.83,34.56,102.1,167.42,unknown,R1,blackgram,-6.5,0,2,0,3,1,1,0.09106587562792302,-0.014433470884343356,0.24095517727308563,0.2599206387781324,1.7009666045858942,2.5311003329599937,0.1729600127150721,0.09357012734309163,-0.018817670404061685,0.24095517727308563,0.14892590573890804,1.4942179982103483,2.324457302729588,0.04606687234222414,1.279119895601519,-1.1899146753047039
513,106.39,50.27,24.08,7.17,28.15,85.73,57.84,wheat,139,weather update day 139,soil_moisture,unknown,0.12,106.39,50.27,24.08,7.17,28.15,85.73,57.84,success,R3,wheat,-3.3,2,2,2,2,15,15,1.6834959571903874,0.0142981624471937,-1.3403030763814343,0.6382510278816674,0.42915197453525383,1.4216579151194646,-1.3146015285752528,1.5985165538401973,0.009717147315995753,-1.3403030763814343,0.4418180394273613,0.37054940954679255,1.3099963483664834,-0.8706302988916744,1.4647818991985604,-0.8212607642622813
514,113.79,51.26,74.74,6.05,26.0,74.77,104.89,chickpea,100,weather update day 100,soil_moisture,decrease,0.43,113.64,51.26,74.74,6.05,26.0,74.77,104.89,success,R3,chickpea,-0.5,2,0,2,2,2,2,2.0068763799006577,0.07894433744315103,1.4963308871503636,-0.6080137832829193,0.0025682842686588847,0.6788669010979488,-0.6758921790798176,1.8979364658079254,0.07392048718612396,1.4963308871503636,-0.5230031068404852,-0.006344110831778725,0.6307970777605189,-0.47703108455917825,0.5596796316629833,0.8113494132113045
515,61.45,22.3,69.31,6.57,12.14,96.05,121.27,sugarcane,17,weather update day 17,rainfall,unknown,0.2,61.45,22.3,69.31,6.57,12.14,96.05,121.27,success,R1,sugarcane,7.3,1,2,0,2,13,13,-0.28038460991765735,-1.812119529105267,1.1922858334200508,-0.029390835242217833,-2.7474084353104153,2.121074271387898,-0.45353172966992966,-0.2574739073776932,-1.804189333661272,1.1922858334200508,-0.07505043178755612,-2.435992572435035,1.9495343476961864,-0.34000334532928905,-1.3665636556563219,-0.39994200878522684
516,7.99,54.01,36.42,6.63,19.82,93.63,126.81,chickpea,130,weather update day 130,temperature,decrease,0.46,7.99,54.01,36.42,6.63,19.73,93.63,126.81,partial,R3,chickpea,-2.2,3,0,2,1,2,2,-2.6165896637137425,0.25851704576525564,-0.6493424938709251,0.0373733510701703,-1.2236118114743915,1.9570638467590598,-0.37832557034570613,-2.4653343892804176,0.252263097936481,-0.6493424938709251,-0.02336358466606469,-1.1054707958427756,1.7995651656828255,-0.2936581881050163,1.2559121451518889,0.9693439465152001
517,52.64,58.36,61.49,6.02,18.52,64.82,139.63,rice,74,weather update day 74,soil_moisture,unknown,0.38,52.64,58.36,61.49,6.02,18.52,64.82,139.63,success,R2,rice,-1.3,2,2,1,2,12,12,-0.6653821131713706,0.542568420747494,0.7544161611970216,-0.6413958764391139,-1.4815461358216353,0.0045265188430146115,-0.20429254461708818,-0.6213207245412361,0.5343686822143185,0.7544161611970216,-0.5488465304012313,-1.3175829631255997,0.014188250887403516,-0.1864118134452374,-0.043721880027401495,0.5480251910381456
518,88.79,26.93,33.11,7.82,24.88,79.98,122.79,mungbean,62,weather update day 62,rainfall,increase,0.53,88.79,26.93,33.11,7.82,24.88,79.98,187.87,failure,R1,mungbean,-1.6,1,1,0,0,11,11,0.9143749518254213,-1.5097843874575054,-0.8346811914487037,1.361529712932544,-0.21965205670742813,1.0319637243691258,-0.4328975487723086,0.8716489054771607,-1.5039252290161256,-0.8346811914487037,1.0017588832435225,-0.20267934005224406,0.953664614243829,0.21714240758344738,-0.32221488542296367,1.3379978575576228
519,47.54,38.8,53.87,6.4,29.69,36.7,51.21,sugarcane,104,weather update day 104,soil_moisture,decrease,0.49,40.55,38.8,53.87,6.4,29.69,36.7,51.21,partial,R4,sugarcane,-4.6,2,0,3,1,13,13,-0.888252404498719,-0.7346832791726394,0.3277452018185708,-0.21855602979398536,0.7347049433773737,-1.9012475061829892,-1.4046045676221122,-1.1206292398087996,-0.7341336691591301,0.3277452018185708,-0.22149649863178275,0.6405103497249326,-1.7284288558132994,-0.9260939076275819,0.6525106334615041,1.1273384798190953
520,77.81400000000001,45.08,24.4,6.71,25.83,41.86,23.18,jute,42,weather update day 42,rainfall,decrease,0.18,80.21,45.08,24.4,6.71,25.83,41.86,23.14,partial,R4,jute,-0.5,1,0,3,1,7,7,0.4347231248432695,-0.324604512531615,-1.3223851358301084,0.12639226615335514,-0.03116158891521177,-1.5515393280487724,-1.7851151535170549,0.5173009269001797,-0.32686399806376926,-1.3223851358301084,0.0455522114959244,-0.03614499383845677,-1.4086598561484478,-1.1609149479317937,-0.7863698944155674,-0.5052716976544905
521,81.58,56.9,75.73,7.5,22.57,69.49600000000001,92.94,blackgram,1,weather update day 1,rainfall,increase,0.0,81.58,56.9,75.73,7.5,22.57,77.3,92.94,partial,R1,blackgram,2.1,1,1,0,1,1,1,0.5992975399685228,0.447231637420122,1.551764515731029,1.0054540525998046,-0.6779815099706069,0.3214326120514651,-0.8381148512683501,0.57388096543753,0.4396849688704926,1.551764515731029,0.7260956985955661,-0.6076207503194533,0.7875830407744869,-0.5769994291133405,-1.737887662850405,-1.453238897477863
522,29.39,50.18,42.23,5.74,31.49,75.04,296.33,mungbean,53,weather update day 53,rainfall,increase,0.34,29.39,50.18,42.23,5.74,31.49,75.04,297.34,failure,R1,mungbean,2.5,1,1,0,0,11,11,-1.6814084412813404,0.008421237447560962,-0.3240198857359126,-0.9529620792302598,1.0918447770889412,0.6971655848375307,1.9229286044994836,-1.5815294077480888,0.0038804800550747555,-0.3240198857359126,-0.7900518169681924,0.9560491109721083,0.647529176580192,1.1329193681143368,-0.5310846394696354,0.33736581329961846
523,79.82,61.02,59.93,7.44,26.91,45.55,173.98,sugarcane,27,weather update day 27,temperature,increase,0.0,79.82,61.02,59.93,7.44,26.91,45.55,173.98,success,R5,sugarcane,-2.0,3,1,4,2,13,13,0.5223854394320259,0.7162642040699663,0.6670662010093071,0.9386898662874166,0.18312231131172946,-1.3014573169411638,0.2620127934311201,0.5011942006012261,0.706874625703755,0.6670662010093071,0.6744088514740747,0.15317826290984923,-1.1799878389462575,0.10094489244894414,-1.1344861511600202,-1.453238897477863
524,43.85,26.03,36.66,7.09,25.02,58.03,152.66,rice,40,weather update day 40,unknown,decrease,0.1,43.85,26.03,36.66,7.09,25.02,58.03,152.66,unknown,R1,rice,-5.2,4,0,0,3,12,12,-1.0495056152826236,-1.5685536374538305,-0.6359040384574309,0.5492321127984826,-0.19187451408541717,-0.4556514907560805,-0.02740874389603562,-0.98434155574073,-1.5622919016253332,-0.6359040384574309,0.3729022432653722,-0.17813743639968582,-0.4065930490591741,-0.07740867289789574,-0.8327853953148278,-0.9265904531315449
525,75.21,28.99,60.96,7.66,23.43,48.35,166.68,jute,86,weather update day 86,temperature,decrease,0.46,75.21,28.99,60.96,7.66,12.65,48.35,166.68,success,R6,jute,1.1,3,0,5,2,7,7,0.32092817609495233,-1.3752681041325834,0.7247395721588878,1.1834918827661745,-0.507348033863969,-1.1116931892714335,0.1629144246464938,0.31080443588795337,-1.3703304005994945,0.7247395721588878,0.8639272909195442,-2.3465899234150016,-1.0064697771126168,0.03987636397652723,0.2347711253681607,0.9693439465152001
526,59.35,67.93,50.09,5.82,28.01,72.02,500.0,sugarcane,84,weather update day 84,rainfall,unknown,0.43,59.35,67.93,50.09,5.82,28.01,72.02,888.2,success,R2,sugarcane,-2.9,1,2,1,2,13,13,-0.37215472987597725,1.1674814457084186,0.11608952905603272,-0.863943164147075,0.40137443191324357,0.4924914185651781,4.687773093590564,-0.3442024336028283,1.1550009676255615,0.11608952905603272,-0.7211360208062033,0.3460075058942349,0.4603775527453363,6.075789331568083,0.18835562446890033,0.8113494132113045
527,88.19,44.35,61.66,5.67,30.79,70.13,144.69,coffee,34,weather update day 34,temperature,decrease,0.25,88.19,44.35,61.66,5.67,30.72,70.13,144.69,failure,R3,coffee,0.4,3,0,2,0,4,4,0.8881549175516152,-0.37227290419530074,0.7639350671149132,-1.0308536299280469,0.9529570639788871,0.3644006323881102,-0.13560244241842923,0.8468693265556932,-0.374205854735682,0.7639350671149132,-0.850353138609933,0.8210686408830385,0.343252861007629,-0.14408212110682228,-0.9720318980126088,-0.13661778661206786
528,54.06,89.72,60.52,8.81,30.14,56.58,199.76,mungbean,97,weather update day 97,unknown,increase,0.45,54.06,89.72,60.52,8.81,30.14,56.58,199.76,failure,R3,mungbean,2.7,4,1,2,0,11,11,-0.6033280320566972,2.5903502872861126,0.7001024039008147,2.4631387870869554,0.8239899018052657,-0.5539221997279052,0.6119793615499792,-0.5626757210937637,2.5681229633529354,0.7001024039008147,1.8545918607481369,0.7193950400367265,-0.49645061679445235,0.31660881902687726,0.4900563803140927,0.9166791020805682
529,95.4,69.43,42.92,6.0,21.68,75.39,137.72,mango,1,weather update day 1,soil_moisture,increase,0.47,108.85,69.43,42.92,6.0,21.68,75.39,137.72,success,R1,mango,-1.2,2,1,0,2,10,10,1.2032323294085137,1.2654301957022938,-0.28538432642211564,-0.6636506052099096,-0.8545673166391046,0.7208861007962465,-0.23022102192923014,1.7001128274182125,1.2522787553075745,-0.28538432642211564,-0.5660754794417282,-0.7636371378250015,0.6692189343093967,-0.20239001747021226,-1.737887662850405,1.0220087909498317
530,62.39,37.75,47.79,5.32,30.66,64.17,147.98,rice,74,weather update day 74,soil_moisture,unknown,0.41,62.39,37.75,47.79,5.32,30.66,64.17,147.98,failure,R6,rice,-0.3,2,2,5,0,12,12,-0.23930655622202854,-0.8032474041683519,-0.01269566865662318,-1.4203113834169796,0.9271636315441629,-0.03952586793745789,-0.09094030087028943,-0.21865256706739475,-0.802228120536539,-0.01269566865662318,-1.1518597468186347,0.8105506821747995,-0.026092727752548204,-0.116559455535007,-0.043721880027401495,0.7060197243420409
531,78.79,63.56,32.05,7.12,20.97,59.49,-34.95,mungbean,147,weather update day 147,rainfall,unknown,0.39,78.79,63.56,32.05,7.12,20.97,59.49,-34.95,unknown,R1,mungbean,1.2,1,2,0,3,11,11,0.4773743805953267,0.8821240873929284,-0.8940343695249712,0.5826142059546772,-0.9954391399364455,-0.35670305275686404,-2.574236821660937,0.458655923452708,0.8715983461786302,-0.8940343695249712,0.3987456668261183,-0.8880996492058323,-0.3161157739602044,-1.6468698546390141,1.650443902795602,0.6006900354727774
532,74.31,29.19,28.35,6.24,24.46,70.55,143.36,mungbean,87,weather update day 87,soil_moisture,decrease,0.17,74.31,29.19,28.35,6.24,24.46,70.55,143.36,success,R2,mungbean,2.4,2,0,1,2,11,11,0.2815981246842442,-1.3622082708000665,-1.1012105571496777,-0.39659385996035507,-0.3029846845734603,0.3928652515385698,-0.15365735070384726,0.273635067505753,-1.3573600289085592,-1.1012105571496777,-0.35932809095576096,-0.27630505100991815,0.36928057028267514,-0.1552083050613858,0.2579788758177909,-0.5579365420891222
533,32.47,38.01,58.63,6.67,29.03,58.56,53.29,coconut,56,weather update day 56,soil_moisture,unknown,0.34,32.47,38.01,58.63,6.67,29.03,58.56,53.29,success,R1,coconut,5.0,2,2,0,2,3,3,-1.5468122653424714,-0.7862696208360803,0.5942745675195454,0.08188280861176273,0.6037536710164654,-0.4197318523043101,-1.3763683200779997,-1.4543275692845574,-0.7853666373383236,0.5942745675195454,0.011094313414929856,0.5248128039343013,-0.37374855878352065,-0.9086935597888659,-0.4614613881207448,0.33736581329961846
534,42.45,75.5,79.31,6.57,17.15,48.7,52.57,chickpea,66,weather update day 66,soil_moisture,increase,0.43,42.45,75.5,79.31,6.57,17.15,48.7,52.57,failure,R1,chickpea,-5.0,2,1,0,0,2,2,-1.110685695254837,1.6617961373441752,1.7522214756489884,-0.029390835242217833,-1.7533692314798845,-1.087972673312717,-1.3861424057663463,-1.0421605732241535,1.6459295361274529,1.7522214756489884,-0.07505043178755612,-1.5577430202970617,-0.9847800193834116,-0.9147167571176523,-0.22938388362444295,0.8113494132113045
535,52.0,60.05,55.92,5.71,21.09,63.16,81.7,chickpea,74,weather update day 74,humidity,unknown,0.28,52.0,60.05,55.92,5.71,21.09,63.16,81.7,partial,R1,chickpea,3.3,0,2,0,1,2,2,-0.6933501497300968,0.65292401240726,0.4425320084755033,-0.9863441723864543,-0.9716298176890075,-0.10797649970403947,-0.9906991889586516,-0.6477522753908012,0.6439683230027197,0.4425320084755033,-0.8158952405289385,-0.8670637317893537,-0.0886831714853974,-0.6710282318571715,-0.043721880027401495,0.021376746691827677
536,72.0,58.17,30.03,7.5,26.47,78.76,202.58,sugarcane,100,weather update day 100,temperature,decrease,0.32,72.0,58.17,30.03,7.5,26.38,78.76,202.58,partial,R1,sugarcane,1.6,3,0,0,1,13,13,0.18065099273009227,0.5301615790816032,-1.0071413692552162,1.0054540525998046,0.09582146307112366,0.9492807830273149,0.6502611971626708,0.17823368865810432,0.5220468291079304,-1.0071413692552162,0.7260956985955661,0.060269627653736065,0.8780603158734571,0.3401996752312906,0.5596796316629833,0.2320361244303548
537,54.99,31.31,14.02,6.02,35.75,69.07,206.37,blackgram,55,weather update day 55,soil_moisture,increase,0.08,54.99,31.31,14.02,6.02,35.75,69.07,206.37,success,R5,blackgram,-2.7,2,1,4,2,1,1,-0.5626869789322985,-1.2237740374753896,-1.9035983324637453,-0.6413958764391139,1.937075716872986,0.29256135548456935,0.701710898216607,-0.5242673737654897,-1.2198740889846478,-1.9035983324637453,-0.5488465304012313,1.7028241792570922,0.2775638804563221,0.3719051167258742,-0.48466913857037497,-1.0319201420008084
538,78.13199999999999,45.59,33.22,6.85,30.53,68.16,101.93,blackgram,33,weather update day 33,rainfall,unknown,0.13,86.37,45.59,33.22,6.85,30.53,68.16,101.93,failure,R2,blackgram,1.4,1,2,1,0,1,1,0.4486197430083858,-0.29130193753369704,-0.8285218993841853,0.28217536754892814,0.9013701991094388,0.23088801399190725,-0.7160745313541318,0.771704603827243,-0.2937895502518845,-0.8285218993841853,0.16615485477940492,0.7877617716402815,0.22117051036038912,-0.5017931180219665,-0.995239648462239,-0.7685959198276494
539,46.86,30.0,20.07,7.03,31.94,92.74,200.59,blackgram,135,weather update day 135,temperature,decrease,0.43,46.86,30.0,20.07,7.03,31.81,92.74,200.59,success,R3,blackgram,3.4,3,0,2,2,1,1,-0.9179684433423654,-1.309315945803374,-1.5648372689152383,0.4824679264860945,1.1811297355168338,1.8967459633211814,0.6232467103296013,-0.8600306681513699,-1.3048300235602723,-1.5648372689152383,0.3212153961438808,1.0121448907493842,1.7444112103142757,0.3235522270586727,1.3719508974000396,0.8113494132113045
540,72.06,15.29,78.12,6.85,32.14,41.29,224.67,chickpea,141,weather update day 141,humidity,unknown,0.06,72.06,15.29,78.12,6.85,32.14,41.29,224.67,failure,R6,chickpea,6.7,0,2,5,0,2,2,0.18327299615747294,-2.2698666874099773,1.685589134223745,0.28217536754892814,1.2208119392625634,-1.5901698826101103,0.9501355761287527,0.18071164655025113,-2.2588008614285457,1.685589134223745,0.16615485477940492,1.0699936636447,-1.4439831758788675,0.5249947154991935,1.5111974000978208,-1.137249830870072
541,101.35,61.23,55.53,4.95,22.42,91.08,174.65,blackgram,121,weather update day 121,rainfall,increase,0.3,101.35,61.23,55.53,4.95,22.42,91.08,227.04,failure,R1,blackgram,0.6,1,1,0,0,1,1,1.4632476692904195,0.7299770290691084,0.4206945184285747,-1.8320238656767094,-0.707743162779904,1.7842429447741273,0.2711081231688874,1.3903680908998728,0.7204935159792364,0.4206945184285747,-1.4705953040678341,-0.633915647090051,1.6415397879414746,0.5448210733731152,1.0470423911052171,0.12670643556109107
542,63.15,52.73,22.87,6.54,28.39,54.61,121.75,watermelon,139,weather update day 139,humidity,increase,0.5,63.15,52.73,22.87,6.54,28.39,81.91,121.75,unknown,UNKNOWN,watermelon,-1.7,0,1,6,3,14,14,-0.20609451280854144,0.17493411243714868,-1.4080552890911358,-0.06277292839841239,0.47677061903012996,-0.6874348181241082,-0.44701567254436514,-0.18726510043353642,0.16925271911449655,-1.4080552890911358,-0.10089385534830222,0.41262124437974973,1.073268135436302,-0.3359878804434315,1.4647818991985604,1.1800033242537271
543,89.16,59.95,29.53,6.81,30.99,82.73,146.01,sugarcane,54,weather update day 54,temperature,increase,0.0,89.16,59.95,29.53,6.81,30.99,82.73,146.01,success,R4,sugarcane,-1.1,3,1,3,2,13,13,0.9305439729609343,0.6463940957410019,-1.035138151366663,0.2376659100073357,0.9926392677246167,1.2183392069018966,-0.11768328532312698,0.886929645812065,0.6374831371572525,-1.035138151366663,0.1316969566984104,0.8683994550701148,1.1240841392590115,-0.13303959267071405,-0.5078768890200052,-1.453238897477863
544,66.71,75.3,50.36,6.07,17.6,52.19,96.43,watermelon,106,weather update day 106,temperature,decrease,0.58,66.71,75.3,50.36,6.07,7.39,52.19,96.43,failure,R3,watermelon,2.9,3,0,2,0,14,14,-0.050522309450628,1.6487363040116583,0.1312077913962138,-0.5857590545121226,-1.6640842730519918,-0.8514452427529465,-0.7907376859178915,-0.04023959883283144,1.6329591644365178,0.1312077913962138,-0.5057741577999876,-3.268664303503972,-0.768502149455053,-0.5478036531724176,0.6989261343607643,1.6013220797307814
545,92.49,15.01,81.51,7.62,19.27,77.4,122.39,groundnut,8,weather update day 8,rainfall,increase,0.51,92.49,15.01,81.51,7.62,19.27,77.4,123.01,partial,R2,groundnut,-0.3,1,1,1,1,6,6,1.0760651631805558,-2.2881504540755007,1.8754073169393548,1.138982425224582,-1.3327378717751486,0.8571096353020174,-0.4383275963769458,1.0244563088262078,-2.276959381795855,1.8754073169393548,0.8294693928385497,-1.1861084792726095,0.7937801144114032,-0.3254472851180553,-1.5754334097029936,1.232668168688359
546,71.58,45.45,55.8,6.81,33.65,63.57,221.67,coconut,130,weather update day 130,soil_moisture,unknown,0.35,71.58,45.45,55.8,6.81,33.65,63.57,221.67,partial,UNKNOWN,coconut,2.8,2,2,6,1,3,3,0.16229696873842822,-0.30044382086645877,0.43581278076875574,0.2376659100073357,1.520412577542823,-0.08018960958097159,0.9094102190939747,0.16088798341307722,-0.30286881043553915,0.43581278076875574,0.1316969566984104,1.3346956244687196,-0.06327516957404268,0.49989805996258374,1.2559121451518889,0.39003065773425005
547,82.5,55.69,38.14,9.5,21.73,40.4,224.67,maize,45,weather update day 45,temperature,decrease,0.16,82.5,55.69,38.14,12.95,21.69,40.4,224.67,success,R3,maize,0.0,3,0,2,2,9,9,0.6395015925216915,0.3682196457583959,-0.553033563407548,3.2309269296794234,-0.8446467657026719,-1.6504877660479889,0.9501355761287527,0.6118763197837797,0.36121422014033544,-0.553033563407548,5.420984312131068,-0.7618841447069614,-1.4991371312474175,0.5249947154991935,-0.7167466430666768,-0.6106013865237541
548,0.0,46.98,43.75,7.34,27.55,89.18,221.85,maize,34,weather update day 34,rainfall,increase,0.55,-8.31,46.98,43.75,7.34,27.55,89.18,343.87,success,R3,maize,-3.8,1,1,2,2,9,9,-2.965753120126588,-0.2005360958727064,-0.23890966811711395,0.827416222433435,0.3101053632980649,1.655474429569668,0.9118537405160614,-3.1385129499802757,-0.20364546699988634,-0.23890966811711395,0.5882641062715879,0.2653698224644009,1.5237953888400764,1.5221684954871542,-0.9720318980126088,1.4433275464268864
549,59.27,60.74,37.29,6.47,20.79,83.4,117.29,maize,21,weather update day 21,soil_moisture,increase,0.45,59.27,60.74,37.29,6.47,20.79,83.4,117.29,failure,R6,maize,4.6,2,1,5,0,9,9,-0.3756507344458179,0.6979804374044428,-0.6006280929970077,-0.14066447909619936,-1.0311531233076023,1.2637470517371536,-0.5075607033360684,-0.3475063774590239,0.6887161053364459,-0.6006280929970077,-0.16119517699004288,-0.9196535253305499,1.1656045326263471,-0.3732982416745246,-1.2737326538578013,0.9166791020805682
550,63.49,51.46,53.12,8.05,30.37,56.2,184.76,maize,53,weather update day 53,rainfall,decrease,0.22,63.49,51.46,53.12,8.05,30.37,56.2,144.11,partial,R1,maize,3.5,1,0,0,1,9,9,-0.19123649338671808,0.09200417077566792,0.2857500286514005,1.6174590937967006,0.8696244361128549,-0.5796759027687969,0.4083525763760891,-0.17322333904470488,0.08689085887705919,0.2857500286514005,1.1998917972092413,0.7597138817516436,-0.5199994966147319,-0.14893414117723336,-0.5310846394696354,-0.29461231991596326
551,103.43,36.48,57.1,6.43,32.29,71.09,135.9,watermelon,30,weather update day 30,rainfall,increase,0.0,103.43,36.48,57.1,6.43,32.29,71.09,135.9,success,R6,watermelon,-2.7,1,1,5,2,14,14,1.5541437881062796,-0.8861773458298331,0.5086044142585179,-0.1851739366377918,1.2505735920718606,0.4294626190177325,-0.2549277385303287,1.4762706311609595,-0.8845899807739768,0.5086044142585179,-0.1956530750710374,1.0962885604152979,0.40274476792202046,-0.21761532182908877,-1.0648628998111296,-1.453238897477863
552,73.87,36.92,44.43,6.61,30.64,68.37,115.71,mango,63,weather update day 63,humidity,unknown,0.56,73.87,36.92,44.43,6.61,30.64,68.37,115.71,failure,R1,mango,2.9,0,2,0,0,10,10,0.26237009955012014,-0.857445712498296,-0.2008340444455462,0.015118622299374584,0.92319541116959,0.24512032356713756,-0.529009391374385,0.25546337629667715,-0.8560551630539194,-0.2008340444455462,-0.04059253370656158,0.8070446959387199,0.23418436499791265,-0.3865158135904725,-0.29900713497333353,1.4959923908615183
553,77.12,61.53,70.71,6.64,18.24,76.83,121.69,groundnut,104,weather update day 104,rainfall,decrease,0.07,77.12,61.53,70.71,6.64,18.24,76.83,113.17,success,R5,groundnut,-1.0,1,0,4,2,6,6,0.40439528519990087,0.7495667790678837,1.2706768233321015,0.04850071545556816,-1.5371012210656572,0.818479080740679,-0.4478301796850607,0.3896860954546243,0.7399490735156393,1.2706768233321015,-0.014749110145816244,-1.3666667704307163,0.758456794680983,-0.40776431527813534,0.6525106334615041,-1.0845849864354402
554,81.59,12.34,47.31,6.54,30.68,67.77,225.19,coconut,25,weather update day 25,humidity,increase,0.2,81.59,12.34,47.31,6.54,30.68,81.33,225.19,success,R1,coconut,1.2,0,1,0,2,3,3,0.5997345405397531,-2.462499229064598,-0.039572579483612015,-0.06277292839841239,0.9311318519187358,0.20445658192362337,0.957194638014781,0.5742939584195547,-2.4501138438698375,-0.039572579483612015,-0.10089385534830222,0.8140566684108792,1.037325108342191,0.5293448024588726,-1.1809016520592805,-0.39994200878522684
555,60.864,43.99,25.52,6.11,26.12,60.69,199.09,cotton,62,weather update day 62,temperature,decrease,0.19,55.07,43.99,25.52,6.11,26.07,60.69,199.09,unknown,R1,cotton,0.4,3,0,0,3,5,5,-0.3059928433917411,-0.39578060419383077,-1.2596723439004673,-0.5412495969705301,0.026377606516096955,-0.2753755694698371,0.6028840318122123,-0.5209634299092941,-0.3975525237793651,-1.2596723439004673,-0.471316259718993,0.005926840994500398,-0.2417508903172159,0.3110038992903678,-0.32221488542296367,-0.45260685321985866
556,58.65,46.68,33.08,7.24,26.32,79.27,223.33,lentil,67,weather update day 67,unknown,decrease,0.28,58.65,46.68,33.08,7.24,26.32,79.27,223.33,success,R1,lentil,-6.5,4,0,0,2,8,8,-0.40274476986208396,-0.2201258458714813,-0.8363609983753905,0.7161425785794544,0.0660598102618266,0.9838449634243008,0.9319449166532189,-0.37311194234454015,-0.22310102453628874,-0.8363609983753905,0.5021193610691019,0.04975166894549708,0.9096653914217268,0.5137848760261746,-0.2061761331748128,0.021376746691827677
557,48.79,33.23,23.47,4.97,23.16,81.93,285.39,groundnut,30,weather update day 30,rainfall,unknown,0.2,48.79,33.23,23.47,4.97,23.16,81.93,285.39,success,R4,groundnut,-1.7,1,2,3,2,6,6,-0.8336273330949572,-1.0983996374832294,-1.3744591505573995,-1.8097691369059137,-0.5609190089207041,1.1641208847105453,1.7744168025126599,-0.7803230226206506,-1.0953585207516714,-1.3744591505573995,-1.4533663550273372,-0.5041941563551011,1.0745075501636858,1.0329510235601747,-1.0648628998111296,-0.39994200878522684
558,89.69,46.79,47.11,7.04,20.39,70.74,159.99,wheat,117,weather update day 117,rainfall,increase,0.51,89.69,46.79,47.11,7.04,20.39,70.74,160.8,failure,R4,wheat,1.5,1,1,3,0,15,15,0.9537050032361294,-0.21294293753859714,-0.05077129232819092,0.49359529087149234,-1.1105175307990616,0.40574210305901565,0.07209687845893885,0.9088182738593611,-0.21596732010627448,-0.05077129232819092,0.3298298706641292,-0.9897732500521443,0.38105501019281485,-0.009313080875227834,0.9542113893066964,1.232668168688359
559,0.0,58.21,27.69,7.51,33.16,54.16,161.62,groundnut,122,weather update day 122,humidity,decrease,0.09,-4.2,58.21,27.69,7.51,33.16,49.28,161.62,partial,R1,groundnut,1.9,0,0,0,1,6,6,-2.965753120126588,0.5327735457481065,-1.1381663095367878,1.0165814169852025,1.4231911783657847,-0.7179326243567435,0.09422432244783484,-2.9687728343682256,0.5246409034461174,-1.1381663095367878,0.7347101731158145,1.248798961684766,-0.9488369922893005,-0.0024533283618878936,1.0702501415548473,-0.9792552975661767
560,38.75,42.06,62.3,5.5,27.47,44.65,177.99,groundnut,128,weather update day 128,rainfall,unknown,0.0,38.75,42.06,62.3,5.5,27.47,44.65,177.99,partial,R4,groundnut,-0.1,1,2,3,1,6,6,-1.272375906609972,-0.5218079958526168,0.7997709482175652,-1.2200188244798142,0.29423248179977257,-1.3624529294064343,0.316449020667607,-1.194967976573201,-0.5227166105968883,0.7997709482175652,-0.9967992054541597,0.2513458775200816,-1.235761501678499,0.134490755349546,1.2094966442526285,-1.453238897477863
561,73.13,54.98,39.24,6.61,24.63,50.01,146.78,watermelon,108,weather update day 108,soil_moisture,increase,0.46,73.13,54.98,39.24,6.61,24.63,50.01,146.78,partial,R3,watermelon,2.4,2,1,2,1,14,14,0.23003205727909276,0.3218572374279616,-0.4914406427623647,0.015118622299374584,-0.26925481138959034,-0.9991901707243793,-0.10723044368420048,0.2249018956268673,0.3151694006375159,-0.4914406427623647,-0.04059253370656158,-0.24650416800324074,-0.9035983547398159,-0.1265981177496508,0.7453416352600247,0.9693439465152001
562,69.84,52.37,43.0,7.53,28.11,84.65,137.04,chickpea,11,weather update day 11,rainfall,decrease,0.43,69.84,52.37,43.0,7.53,28.11,84.65,78.11,failure,R6,chickpea,4.0,1,0,5,0,2,2,0.086258869344392,0.15142641243861868,-0.2809048412842843,1.0388361457559991,0.42121553378610804,1.3484631801611402,-0.23945210285711324,0.08902720454082266,0.14590605007081348,-0.2809048412842843,0.7519391221563122,0.3635374370746332,1.2430679530877937,-0.701060562982648,-1.505810158354103,0.8113494132113045
563,41.13,60.3,56.75,6.24,34.1,55.73,139.86,coffee,52,weather update day 52,humidity,decrease,0.41,41.13,60.3,56.75,6.24,34.1,32.88,139.86,success,R5,coffee,2.3,0,0,4,2,4,4,-1.1683697706572094,0.6692488040729058,0.489006666780505,-0.39659385996035507,1.6096975359707155,-0.6115291670562163,-0.2011702672444216,-1.0966756468513812,0.6601812876163884,0.489006666780505,-0.35932809095576096,1.4135803147805142,-1.9651570687434803,-0.18448773652076383,-0.5542923899192655,0.7060197243420409
564,49.21,46.46,39.7,5.71,36.18,85.45,500.0,blackgram,98,weather update day 98,soil_moisture,decrease,0.54,41.24,46.46,39.7,5.71,36.18,85.45,1094.9,failure,UNKNOWN,blackgram,-0.3,2,0,6,0,1,1,-0.8152733091032931,-0.23449166253724957,-0.46568360321983354,-0.9863441723864543,2.022392454926305,1.4026815023524914,4.687773093590564,-1.092132724049112,-0.23736843339631722,-0.46568360321983354,-0.8158952405289385,1.7782028833328063,1.2926445421831194,7.804948898040495,0.5132641307637229,1.3906627019922546
565,49.26,61.16,50.02,7.9,24.59,71.37,103.22,cotton,28,weather update day 28,temperature,increase,0.15,49.26,61.16,50.02,7.9,28.28,71.37,103.22,failure,R4,cotton,0.2,3,1,3,0,5,5,-0.8130883062471428,0.7254060874027276,0.11216997956043014,1.450548628015729,-0.27719125213873613,0.4484390317847056,-0.6985626278291773,-0.7609123524655013,0.7159538858874092,0.11216997956043014,1.0706746794055115,0.39333832008131125,0.4200965741053846,-0.4910015561412243,-1.11127840071039,-0.6632662309583859
566,99.11,23.26,32.3,7.4,32.8,63.95,242.3,rice,27,weather update day 27,rainfall,increase,0.21,99.11,23.26,32.3,7.4,32.8,63.95,242.81,success,UNKNOWN,rice,-2.2,1,1,6,2,12,12,1.3653595413348785,-1.7494323291091867,-0.8800359784692477,0.8941804087458242,1.351763211623471,-0.054435906540079466,1.1894649243031319,1.2978576629263956,-1.7419315495447838,-0.8800359784692477,0.6399509533930802,1.1856912094353307,-0.039726289753762745,0.6767458259772272,-1.1344861511600202,-0.34727716435059514
567,61.98,87.87,46.63,6.26,26.39,50.49,245.83,chickpea,108,weather update day 108,rainfall,unknown,0.31,61.98,87.87,46.63,6.26,26.39,50.49,245.83,success,R3,chickpea,-4.4,1,2,2,2,2,2,-0.25722357964246256,2.4695468289603335,-0.07764820315517976,-0.3743391311895593,0.07994858157283208,-0.9666591774095681,1.237385094414054,-0.23558527933039744,2.4481470252117865,-0.07764820315517976,-0.342099141915264,0.062022620771776206,-0.8738524012826201,0.7020097925507478,0.7453416352600247,0.17937127999572294
568,80.87,66.25,32.69,6.58,17.26,46.14,203.05,coconut,90,weather update day 90,temperature,increase,0.22,80.87,66.25,32.69,6.58,21.05,46.14,203.05,failure,R6,coconut,-1.7,3,1,5,0,3,3,0.5682704994111863,1.0577788457152777,-0.858198488422319,-0.018263470856819976,-1.7315440194197325,-1.2614713043250418,0.6566415030981194,0.5445584637137941,1.0460498454217066,-0.858198488422319,-0.06643595726730768,-0.874075704261513,-1.1434251044884545,0.34413148459869275,0.32760212716668147,-0.29461231991596326
569,57.78,46.39,17.38,6.8,27.32,65.96,136.99,mango,93,weather update day 93,soil_moisture,increase,0.07,57.78,46.39,17.38,6.8,27.32,65.96,136.99,unknown,R2,mango,-0.9,2,1,1,3,10,10,-0.4407638195591021,-0.23906260420363043,-1.7154599566748225,0.22653854562193784,0.2644708289904755,0.0817876279656905,-0.24013085880769264,-0.4090423317806674,-0.2419080634881445,-1.7154599566748225,0.12308248217816194,0.22505098074948385,0.08483489034824288,-0.20849687031745387,0.397225378515572,-1.0845849864354402
570,78.63,29.85,60.92,7.51,29.89,51.63,106.08,coconut,98,weather update day 98,temperature,decrease,0.0,78.63,29.85,60.92,7.51,29.89,51.63,106.08,failure,R1,coconut,-1.6,3,0,0,0,3,3,0.4703823714556447,-1.3191108208027613,0.722499829589972,1.0165814169852025,0.7743871471231034,-0.8893980682868923,-0.6597377874560223,0.45204803574031627,-1.3145578023284736,0.722499829589972,0.7347101731158145,0.6755702120857299,-0.8032057618217807,-0.4670760778629897,0.5132641307637229,-1.453238897477863
571,75.17,68.49,51.94,6.11,34.19,68.38,159.99,maize,53,weather update day 53,humidity,decrease,0.41,75.17,68.49,51.94,6.11,34.19,40.34,159.99,success,R1,maize,2.4,0,0,0,2,9,9,0.31918017381003233,1.2040489790394644,0.21967762286838585,-0.5412495969705301,1.6275545276562933,0.24579805259452883,0.07209687845893885,0.3091524639598559,1.1913180083601789,0.21967762286838585,-0.471316259718993,1.4293572528428724,-1.5028553754295666,-0.016089177870112485,-0.5310846394696354,0.7060197243420409
572,75.19,36.44,59.49,5.17,25.67,46.83,110.89,blackgram,10,weather update day 10,rainfall,increase,0.35,75.19,36.44,59.49,5.17,25.67,46.83,111.28,success,R6,blackgram,0.1,1,1,5,2,1,1,0.32005417495249233,-0.8887893124963364,0.642429032751234,-1.5872218491979515,-0.06290735191179493,-1.2147080014350013,-0.5944414650102615,0.30997844992390466,-0.8871840551121638,0.642429032751234,-1.2810768646223645,-0.06419288372709406,-1.100665296393736,-0.4235752082661995,-1.5290179088037332,0.39003065773425005
573,50.58,61.68,73.45,7.56,25.03,26.26,164.02,chickpea,15,weather update day 15,temperature,decrease,0.0,50.58,61.68,73.45,7.56,25.03,26.26,164.02,success,R3,chickpea,0.3,3,0,2,2,2,2,-0.7554042308447703,0.7593616540672712,1.424099189302831,1.0722182389121928,-0.18989040389813036,-2.608796610780126,0.12680460807565733,-0.7063972788382735,0.7496768522838405,1.424099189302831,0.7777825457170575,-0.17638444328164568,-2.3754033435073016,0.01762399606739995,-1.4129791565555823,-1.453238897477863
574,81.81,60.57,100.67,5.53,26.43,54.74,171.03,watermelon,94,weather update day 94,soil_moisture,increase,0.25,81.81,60.57,100.67,5.53,26.43,54.74,171.03,partial,UNKNOWN,watermelon,4.1,2,1,6,1,14,14,0.6093485531068151,0.6868795790718035,2.948244007449999,-1.1866367313236197,0.08788502232197787,-0.6786243407680134,0.22196619234692186,0.5833798040240925,0.677691289399151,2.948244007449999,-0.9709557818934136,0.06903459324393553,-0.6104767717137016,0.07626651450461132,0.4204331289652022,-0.13661778661206786
575,74.48,50.19,49.76,9.5,26.12,72.47,237.07,lentil,117,weather update day 117,soil_moisture,increase,0.58,74.48,50.19,49.76,12.36,26.12,72.47,237.07,failure,R6,lentil,2.9,2,1,5,0,8,8,0.28902713439515587,0.009074229114186667,0.09761165286247747,3.2309269296794234,0.026377606516096955,0.5229892247978135,1.118467051872502,0.28065594820016876,0.0045289986396213795,0.09761165286247747,4.9127303154363995,0.01469180658469986,0.4882643841114573,0.6287275583838471,0.9542113893066964,1.6013220797307814
576,99.88,57.92,72.29,7.83,25.26,57.01,103.95,groundnut,129,weather update day 129,rainfall,increase,0.19,99.88,57.92,72.29,7.83,25.26,57.01,123.71,success,R2,groundnut,-3.0,1,1,1,2,6,6,1.3990085853195955,0.5138367874159574,1.3591466548042745,1.3726570773179418,-0.144255869590541,-0.5247798515500539,-0.6886527909507146,1.3296581225422783,0.5058338644942616,1.3591466548042745,1.010373357763771,-0.13606560156672864,-0.46980320015571475,-0.3195913988261798,1.2327043947022587,-0.45260685321985866
577,78.236,71.28,54.28,6.72,28.07,72.86,198.54,maize,12,weather update day 12,soil_moisture,decrease,0.0,38.84,71.28,54.28,6.72,28.07,72.86,198.54,success,R1,maize,-1.8,2,0,0,2,9,9,0.4531645489491794,1.3862336540280729,0.35070256314995746,0.137519630538753,0.41327909303696225,0.5494206568660974,0.5954177163558362,-1.1912510397349807,1.3722546934487232,0.35070256314995746,0.054166686016172846,0.3565254646024739,0.5124329712954286,0.3064028457753226,-1.4826024079044728,-1.453238897477863
578,36.48,51.63,13.09,7.21,19.43,38.41,128.18,lentil,94,weather update day 94,humidity,increase,0.56,36.48,51.63,13.09,7.21,19.43,38.63,128.18,failure,R6,lentil,5.1,0,1,5,0,8,8,-1.3715750362792036,0.10310502910830723,-1.9556723471910369,0.6827604854232598,-1.3009921087785647,-1.7853558424989757,-0.35972765729982414,-1.2887173834927519,0.09791567481435409,-1.9556723471910369,0.47627593750835584,-1.1580605893839717,-1.6088253346208257,-0.2821973820766312,0.4204331289652022,1.4959923908615183
579,49.79,76.41,33.74,6.77,32.57,58.38,112.67,coffee,23,weather update day 23,humidity,increase,0.3,49.79,76.41,33.74,6.77,32.57,75.89,112.67,partial,R4,coffee,-1.7,0,1,3,1,4,4,-0.7899272759719477,1.7212183790071258,-0.7994052459882804,0.19315645246574328,1.3061286773158824,-0.43193097479736414,-0.5702777531696266,-0.7390237244182052,1.7049447273212073,-0.7994052459882804,0.09723905861741584,1.1453723677204142,0.7002043024939754,-0.4119470912009036,-1.227317152958541,0.12670643556109107
580,65.47,35.61,41.3,7.37,35.42,88.15,120.67,watermelon,50,weather update day 50,humidity,decrease,0.14,65.47,35.61,41.3,7.37,35.42,88.03,120.67,unknown,R1,watermelon,-3.4,0,0,0,3,14,14,-0.1047103802831595,-0.9429876208262806,-0.37609390046320385,0.8607983155896296,1.8716000806925321,1.585668339748303,-0.4616768010768852,-0.09145072860386336,-0.9410110976295442,-0.37609390046320385,0.6141075298323341,1.6449754063617767,1.452529042015545,-0.34502267643661094,-0.6007078908185259,-0.7159310753930176
581,77.79,16.69,26.44,7.21,27.43,62.79,183.89,sugarcane,85,weather update day 85,temperature,increase,0.0,77.79,16.69,26.44,7.21,27.43,62.79,183.89,unknown,R1,sugarcane,4.9,3,1,0,3,13,13,0.43367432347231727,-2.1784478540823606,-1.208158264815405,0.6827604854232598,0.28629604105062684,-0.13305247371753937,0.39654222283600343,0.4173566252502627,-2.1680082595920007,-1.208158264815405,0.47627593750835584,0.24433390504792227,-0.11161234394198545,0.18384751123821164,0.21156337491853053,-1.453238897477863
582,59.36,44.17,27.77,6.8,38.3,76.72,98.14,mango,60,weather update day 60,unknown,unknown,0.0,59.36,44.17,27.77,6.8,38.3,76.72,98.14,failure,R1,mango,3.4,4,2,0,0,10,10,-0.3717177293047472,-0.3840267541945657,-1.1336868243989564,0.22653854562193784,2.44302381463104,0.8110240614393682,-0.7675242324080681,-0.34378944062080397,-0.38587918925752357,-1.1336868243989564,0.12308248217816194,2.149837424357258,0.7516400136803758,-0.5334985595165501,-0.36863038632222406,-1.453238897477863
583,78.51,64.59,45.97,6.75,27.54,43.63,291.21,coconut,62,weather update day 62,temperature,increase,0.05,78.51,64.59,45.97,6.75,27.55,43.63,291.21,success,R5,coconut,2.9,3,1,4,2,3,3,0.46513836460088404,0.9493822290553894,-0.11460395554228985,0.17090172369494755,0.3081212531107781,-1.431581290200407,1.853423995160129,0.44709211995602327,0.9383957603869458,-0.11460395554228985,0.08001010957691895,0.2653698224644009,-1.2989716527750392,1.0816385353011977,-0.32221488542296367,-1.1899146753047039
584,73.49,81.22,72.47,5.85,27.96,37.36,49.55,blackgram,83,weather update day 83,rainfall,increase,0.4,73.49,81.22,72.47,5.85,27.96,37.36,49.75,failure,R1,blackgram,-1.5,1,1,0,0,1,1,0.24576407784337612,2.0353073706541527,1.3692254963643948,-0.8305610709908814,0.391453880976811,-1.8565173903751244,-1.4271392651813561,0.23976964297974757,2.0168821664881955,1.3692254963643948,-0.695292597245458,0.33724254030403544,-1.6875281698096558,-0.9383076133220654,0.16514787401927017,0.6533548799074093
585,78.39,72.45,33.33,7.24,30.62,45.59,216.63,watermelon,96,weather update day 96,soil_moisture,unknown,0.46,78.39,72.45,33.33,7.24,30.62,45.59,216.63,partial,R3,watermelon,-1.8,2,2,2,1,14,14,0.4598943577461227,1.4626336790232957,-0.822362607319667,0.7161425785794544,0.9192271907950171,-1.2987464008315959,0.8409916192755477,0.44213620417172966,1.4481313678406935,-0.822362607319667,0.5021193610691019,0.8035387097026403,-1.1775090094914908,0.4577356786610794,0.4668486298644625,0.9693439465152001
586,36.62,54.48,20.21,6.95,21.96,50.87,166.37,groundnut,55,weather update day 55,rainfall,decrease,0.17,36.62,54.48,20.21,6.95,21.96,50.87,138.09,failure,R4,groundnut,2.9,1,0,3,0,6,6,-1.3654570282819822,0.2892076540966698,-1.5569981699240332,0.39344901140290967,-0.7990122313950827,-0.9409054743686764,0.15870613775290004,-1.2829354817444096,0.2827434714101783,-1.5569981699240332,0.25229959998189166,-0.714553330519885,-0.8503035214623407,-0.19929476328736367,-0.48466913857037497,-0.5579365420891222
587,35.16,66.13,41.86,6.3,25.2,80.19,139.23,sugarcane,38,weather update day 38,temperature,decrease,0.19,35.16,66.13,41.86,6.3,20.42,80.19,139.23,partial,R1,sugarcane,5.6,3,0,0,1,13,13,-1.429259111681576,1.0499429457157674,-0.3447375044983832,-0.3298296736479669,-0.15616053071426042,1.0461960339443552,-0.20972259222172532,-1.3432324571199796,1.0382676224071452,-0.3447375044983832,-0.3076412438342695,-0.9845142706980246,0.9666784688813516,-0.1897580341834521,-0.8792008962140881,-0.45260685321985866
588,0.0,25.54,69.71,7.12,28.33,87.82,93.07,mango,95,weather update day 95,rainfall,increase,0.25,-11.95,25.54,69.71,7.12,28.33,87.82,93.3,success,R3,mango,5.2,1,1,2,2,10,10,-2.965753120126588,-1.6005502291184965,1.2146832591092078,0.5826142059546772,0.46486595790641055,1.5633032818443695,-0.8363500857968431,-3.2888423954371766,-1.5940693122681242,1.2146832591092078,0.3987456668261183,0.4021032856715101,1.4395151873780216,-0.5739878304489473,0.4436408794148324,-0.13661778661206786
589,95.49,62.24,65.93,8.39,27.41,86.64,125.71,rice,145,weather update day 145,soil_moisture,decrease,0.27,87.75,62.24,65.93,8.39,27.41,86.64,125.71,failure,R4,rice,1.6,2,0,3,0,12,12,1.207165334549584,0.7959291873983181,1.0030275863466702,1.9957894829002358,0.28232782067605394,1.4833312566121266,-0.39325820125845823,0.8286976353466173,0.7859938930184588,1.0030275863466702,1.4927839308976945,0.24082791881184262,1.3663897184624163,-0.30286029513510665,1.6040284018963415,-0.03128809774280417
590,50.45,32.67,67.6,5.83,31.0,67.23,216.1,groundnut,83,weather update day 83,humidity,decrease,0.24,50.45,32.67,67.6,5.83,31.0,67.07,216.1,success,R5,groundnut,-3.3,0,0,4,2,6,6,-0.7610852382707612,-1.134967170814276,1.096536838598902,-0.8528157997616771,0.9946233779119036,0.16785921444446167,0.8337968061994036,-0.7117661876045912,-1.1316755614862892,1.096536838598902,-0.7125215462859549,0.8701524481881551,0.15362240771800745,0.453301936182945,0.16514787401927017,-0.1892826310466997
591,43.86,45.52,30.39,5.77,18.08,66.72,244.4,coffee,32,weather update day 32,rainfall,decrease,0.0,43.86,45.52,30.39,5.77,18.08,66.72,244.4,failure,R4,coffee,1.7,1,0,3,0,4,4,-1.0490686147113937,-0.29587287920007793,-0.9869836861349746,-0.9195799860740662,-1.568846984062241,0.13329503404747475,1.2179726742274763,-0.9839285627587057,-0.29832918034371186,-0.9869836861349746,-0.7642083934074471,-1.394714660319354,0.13193264998880275,0.6900470534116304,-1.0184473989118692,-1.453238897477863
592,58.31,23.49,88.28,4.74,29.99,45.2,86.95,rice,104,weather update day 104,humidity,increase,0.11,58.31,23.49,88.28,4.74,29.99,50.18,86.95,failure,UNKNOWN,rice,3.2,0,1,6,0,12,12,-0.41760278928390704,-1.7344135207767926,2.2544837467283454,-2.0656985177700693,0.7942282489959679,-1.3251778328998798,-0.9194298141477901,-0.3871537037333714,-1.7270156221002086,2.2544837467283454,-1.6514992689930552,0.6931001432661281,-0.893063329557059,-0.6271090846681046,0.6525106334615041,-0.8739256086969132
593,55.46,7.56,38.03,7.55,15.64,50.72,176.34,blackgram,127,weather update day 127,rainfall,unknown,0.0,55.46,7.56,38.03,7.55,15.64,50.72,176.34,success,R1,blackgram,-6.7,1,2,0,2,1,1,-0.5421479520844841,-2.7746292457117474,-0.5591928554720662,1.0610908745267948,-2.052969869760144,-0.9510714097795548,0.29405007429847896,-0.5048567036103405,-2.7601057272831855,-0.5591928554720662,0.7691680711968091,-1.8224449811210814,-0.8595991319177142,0.12068759480441059,1.1862888938029983,-1.453238897477863
594,73.32,32.75,53.84,5.67,21.72,60.9,86.86,blackgram,118,weather update day 118,soil_moisture,increase,0.39,73.41,32.75,53.84,5.67,21.72,60.9,86.86,success,R4,blackgram,-1.4,2,1,3,2,1,1,0.23833506813246444,-1.1297432374812695,0.32606539489188435,-1.0308536299280469,-0.8466308758899588,-0.26114325989460724,-0.9206515748588335,0.236465699123552,-1.1264874128099154,0.32606539489188435,-0.850353138609933,-0.7566251653528422,-0.22873703567969278,-0.6278619843342028,0.9774191397563265,0.6006900354727774
595,50.55,56.99,64.37,7.25,29.78,70.732,118.68,lentil,116,weather update day 116,temperature,unknown,0.0,50.55,56.99,64.37,7.25,29.78,63.0,118.68,failure,R5,lentil,-2.2,3,2,4,0,8,8,-0.7567152325584606,0.4531085624197547,0.9156776261589558,0.7272699429648523,0.7525619350629521,0.40519991983710246,-0.48869128790995453,-0.7076362577843469,0.4455216361314136,0.9156776261589558,0.5107338355893504,0.6562872877872914,-0.09859848930446236,-0.3616701246092287,0.9310036388570662,-1.453238897477863
596,62.23,52.37,22.57,6.75,25.27,70.97,182.84,lentil,43,weather update day 43,temperature,decrease,0.0,62.23,52.37,22.57,6.75,25.27,70.97,182.84,failure,R5,lentil,-0.7,3,0,4,0,8,8,-0.24629856536171021,0.15142641243861868,-1.4248533583580039,0.17090172369494755,-0.14227175940325493,0.4213298706890295,0.38228834787383137,-0.22526045477978612,0.14590605007081348,-1.4248533583580039,0.08001010957691895,-0.13431260844868914,0.3953082795577213,0.17506368180039839,-0.7631621439659372,-1.453238897477863
597,74.97,51.17,55.2,6.66,20.85,65.69,85.58,jute,19,weather update day 19,soil_moisture,decrease,0.0,74.97,51.17,55.2,6.66,20.85,65.69,85.58,partial,R5,jute,0.2,2,0,4,1,7,7,0.31044016238543026,0.07306741244351875,0.4022166422350198,0.07075544422636486,-1.0192484621838829,0.06348894422610965,-0.9380277271936721,0.3008926043193667,0.06808381992520342,0.4022166422350198,0.0024798388946814113,-0.9091355666223102,0.06810279152857066,-0.6385698906964896,-1.3201481547570615,-1.453238897477863
598,78.37,45.09,46.62,6.38,24.45,55.98,165.91,maize,17,weather update day 17,rainfall,increase,0.52,78.37,45.09,46.62,6.38,24.45,55.98,166.77,success,R6,maize,-2.0,1,1,5,2,9,9,0.4590203566036627,-0.3239515208649888,-0.07820813879740898,-0.24081075856478207,-0.3049687947607471,-0.594585941371419,0.1524615830075673,0.4413102182076809,-0.3262154794792222,-0.07820813879740898,-0.2387254476722804,-0.2780580441279583,-0.5336330586159468,0.040629263642625556,-1.3665636556563219,1.285333013122991
599,43.63,66.3,58.24,5.66,17.1,75.77,51.4,coconut,23,weather update day 23,humidity,decrease,0.54,43.63,66.3,58.24,5.66,17.1,34.85,51.4,success,R2,coconut,0.3,0,0,1,2,3,3,-1.0591196278496857,1.0610438040484067,0.5724370774726169,-1.0419809943134446,-1.7632897824163163,0.7466398038371381,-1.4020252950099097,-0.993427401345268,1.0492924383444402,0.5724370774726169,-0.8589676131301814,-1.5665079858872606,-1.8430747180962403,-0.9245044527769299,-1.227317152958541,1.3906627019922546
600,68.73,28.24,49.36,7.34,25.85,76.63,87.27,rice,33,weather update day 33,humidity,increase,0.06,68.73,28.24,49.36,7.34,25.85,81.22,87.27,success,R2,rice,-0.1,0,1,1,2,12,12,0.03775180593785154,-1.424242479129521,0.07521422717332005,0.827416222433435,-0.027193368540638176,0.8049245001928409,-0.9150857760640806,0.04318498353610844,-1.418969294440501,0.07521422717332005,0.5882641062715879,-0.03263900760237649,1.0305083273415836,-0.6244321080775328,-0.995239648462239,-1.137249830870072
601,75.82,44.55,44.69,4.51,24.89,79.54,112.12,banana,1,weather update day 1,temperature,unknown,0.53,75.82,44.55,44.69,4.51,24.89,79.54,112.12,partial,R6,banana,0.2,3,2,5,1,0,0,0.34758521093998807,-0.3592130708627843,-0.18627571774759394,-2.321627898634226,-0.21766794652014132,1.0021436471638827,-0.5777440686260025,0.335997007791445,-0.36123548304474723,-0.18627571774759394,-1.849632182958774,-0.20092634693420391,0.9263974902413998,-0.4165481447159487,-1.737887662850405,1.3379978575576228
602,87.16,58.3,43.37,7.37,25.35,52.23,104.46,groundnut,129,weather update day 129,temperature,increase,0.55,87.16,58.3,43.37,7.37,39.3,52.23,104.46,failure,R2,groundnut,1.2,3,1,1,0,6,6,0.8431438587149154,0.5386504707477388,-0.2601872225218137,0.8607983155896296,-0.12639887790496265,-0.848734326643379,-0.6817294802548025,0.8043310494071745,0.5304775707070378,-0.2601872225218137,0.6141075298323341,2.3251367361612445,-0.7660233200002867,-0.480628271852759,1.2327043947022587,1.4433275464268864
603,64.8,30.49,21.41,5.16,26.98,61.48,151.96,mango,1,weather update day 1,rainfall,unknown,0.16,64.8,30.49,21.41,5.16,26.98,61.48,151.96,failure,R5,mango,-1.6,1,2,4,0,10,10,-0.13398941855557592,-1.2773193541387082,-1.4898058928565607,-1.5983492135833492,0.19701108262273492,-0.22183497630587756,-0.036911327204150336,-0.11912125839950177,-1.2730526129174817,-1.4898058928565607,-1.2896913391426128,0.16544921473612836,-0.19279400858558166,-0.08326455918977126,-1.737887662850405,-0.6106013865237541
604,52.3,54.3,50.97,6.96,21.63,58.99,180.56,blackgram,38,weather update day 38,humidity,unknown,0.37,52.3,54.3,50.97,6.96,21.63,58.99,180.56,unknown,UNKNOWN,blackgram,3.7,0,2,6,3,1,1,-0.680240132593194,0.2774538040974048,0.16536386557217897,0.4045763757883075,-0.8644878675755372,-0.3905895041264587,0.35133707652740004,-0.6353624859300677,0.27107013688833675,0.16536386557217897,0.2609140745021401,-0.772402103415201,-0.34710114214478305,0.15599022359257494,-0.8792008962140881,0.49536034660351375
605,99.41,48.73,74.97,6.4,18.14,58.51,116.49,maize,15,weather update day 15,temperature,decrease,0.38,99.41,48.73,74.97,6.4,11.25,58.51,116.49,success,R1,maize,-2.8,3,0,0,2,9,9,1.3784695584717812,-0.0862625542131853,1.5092094069216293,-0.21855602979398536,-1.5569423229385217,-0.42312049744126984,-0.5184207985453426,1.310247452387129,-0.0901547147042046,1.5092094069216293,-0.22149649863178275,-2.5920089599405833,-0.37684709560197877,-0.3799906831509539,-1.4129791565555823,0.5480251910381456
606,62.9,57.53,46.96,6.7,23.31,41.03,237.93,coffee,30,weather update day 30,rainfall,increase,0.42,62.9,57.53,46.96,6.7,23.31,41.03,238.93,failure,R1,coffee,-1.5,1,1,0,0,4,4,-0.2170195270892938,0.48837011241754974,-0.05917032696162491,0.11526490176795728,-0.531157356111407,-1.6077908373222993,1.1301416542224718,-0.19758992498414774,0.4805416396969382,-0.05917032696162491,0.036937736975675955,-0.4778992595845033,-1.4600955673348484,0.6442874848165453,-1.0648628998111296,0.7586845687766727
607,57.78,46.39,17.38,6.8,27.32,65.96,136.99,mango,93,weather update day 93,soil_moisture,increase,0.07,57.78,46.39,17.38,6.8,27.32,65.96,136.99,unknown,R2,mango,-0.9,2,1,1,3,10,10,-0.4407638195591021,-0.23906260420363043,-1.7154599566748225,0.22653854562193784,0.2644708289904755,0.0817876279656905,-0.24013085880769264,-0.4090423317806674,-0.2419080634881445,-1.7154599566748225,0.12308248217816194,0.22505098074948385,0.08483489034824288,-0.20849687031745387,0.397225378515572,-1.0845849864354402
608,61.0,6.46,36.11,6.74,23.26,61.67,239.81,coconut,127,weather update day 127,soil_moisture,increase,0.52,70.51,6.46,36.11,6.74,23.26,61.67,239.81,success,R3,coconut,-0.2,2,1,2,2,3,3,-0.3000496356230117,-2.8464583290405896,-0.6667004987800224,0.1597743593095497,-0.5410779070478389,-0.20895812478543124,1.155662877964266,0.11669773433646106,-2.8314427715833284,-0.6667004987800224,0.0713956350566705,-0.48666422517470215,-0.18101956867544147,0.6516491704406174,1.1862888938029983,1.285333013122991
609,62.78,-2.07,55.36,5.44,23.25,49.61,128.03,rice,68,weather update day 68,temperature,increase,0.19,62.78,-2.07,55.36,5.44,27.66,49.61,128.03,failure,UNKNOWN,rice,2.7,3,1,6,0,12,12,-0.22226353394405482,-3.403460220672427,0.41117561251068263,-1.2867830107922025,-0.5430620172351257,-1.0262993318200548,-0.3617639251515631,-0.20254584076844107,-3.384629124201709,0.41117561251068263,-1.048486052575651,0.2846527467628393,-0.9283866492874787,-0.2834522148534617,-0.1829683827251826,-0.45260685321985866
610,69.05,57.78,40.95,6.85,34.32,53.91,143.57,maize,19,weather update day 19,humidity,decrease,0.32,69.05,57.78,40.95,6.85,34.32,36.66,143.57,failure,R1,maize,-1.5,0,0,0,0,9,9,0.05173582421721426,0.5046949040831956,-0.3956916479412163,0.28217536754892814,1.6533479600910181,-0.7348758500415409,-0.15080657571141307,0.05640075896089065,0.496754604310607,-0.3956916479412163,0.16615485477940492,1.452146163377391,-1.730907685268066,-0.1534515391738233,-1.3201481547570615,0.2320361244303548
611,52.83,66.88,43.09,5.88,29.64,57.68,211.65,mango,143,weather update day 143,unknown,increase,0.57,52.83,66.88,43.09,5.88,29.64,57.68,211.65,failure,R2,mango,-2.0,4,1,1,0,10,10,-0.657079102317999,1.098917320712705,-0.27586542050422364,-0.7971789778346868,0.7247843924409412,-0.4793720067147969,0.7733875265978163,-0.6134738578827716,1.0869065162481517,-0.27586542050422364,-0.6694491736847118,0.6317453841347331,-0.42828280678837927,0.4160752304703073,1.5576129009970812,1.5486572352961496
612,86.12,31.63,70.0,6.04,20.86,70.24,186.97,sugarcane,16,weather update day 16,humidity,decrease,0.24,86.12,31.63,70.0,6.04,20.86,53.39,186.97,partial,R3,sugarcane,1.7,0,0,2,1,13,13,0.797695799306986,-1.202878304143363,1.2309213927338474,-0.6191411476683172,-1.0172643519965967,0.371855651689421,0.43835358939170904,0.7613797792766318,-1.1991214942791517,1.2309213927338474,-0.5316175813607337,-0.9073825735042708,-0.694137265812064,0.2096134109224644,-1.389771406105952,-0.1892826310466997
613,43.47,67.32,21.84,8.07,35.81,59.22,169.71,wheat,32,weather update day 32,rainfall,unknown,0.41,43.47,67.32,21.84,8.07,35.81,59.22,169.71,unknown,R1,wheat,-0.2,1,2,0,3,15,15,-1.0661116369893675,1.1276489540442416,-1.4657286602407162,1.6397138225674963,1.9489803779967054,-0.37500173649644536,0.20404703525161963,-1.0000352890576594,1.1154413339682088,-1.4657286602407162,1.2171207462497382,1.7133421379653317,-0.33284787277987704,0.06522398606850309,-1.0184473989118692,0.7060197243420409
614,65.35,50.16,68.52,5.56,28.09,64.79,129.99,blackgram,102,weather update day 102,temperature,increase,0.11,65.35,50.16,68.52,5.56,31.18,64.79,129.99,unknown,R1,blackgram,3.6,3,1,0,3,1,1,-0.10995438713792083,0.007115254114309088,1.1480509176839644,-1.1532546381674262,0.41724731341153515,0.0024933317608398166,-0.33515669188884134,-0.09640664438815698,0.002583442885981047,1.1480509176839644,-0.9451123583326682,0.9017063243128726,0.012329128796329606,-0.26705573323620996,0.6060951325622437,-0.8739256086969132
615,59.3,54.42,21.05,7.52,22.67,75.83,73.8,sugarcane,74,weather update day 74,temperature,increase,0.28,59.3,54.42,21.05,7.52,29.02,75.83,73.8,failure,UNKNOWN,sugarcane,3.9,3,1,6,0,13,13,-0.3743397327321279,0.2852897040969151,-1.5099635759768024,1.0277087813706003,-0.6581404080977418,0.7507061780014896,-1.0979426291502339,-0.3462673985129508,0.2788523599028981,-1.5099635759768024,0.743324647636063,0.5230598108162612,0.6964860583118258,-0.7371160914369106,-0.043721880027401495,0.021376746691827677
616,92.99,45.49,43.04,7.1,29.74,54.49,198.17,banana,60,weather update day 60,humidity,increase,0.42,92.99,45.49,43.04,7.1,29.74,54.72,198.17,unknown,R1,banana,-1.7,0,1,0,3,0,0,1.0979151917420604,-0.2978318541999555,-0.27866509871536854,0.5603594771838805,0.7446254943138056,-0.6955675664528107,0.5903949223215468,1.0451059579274304,-0.30027473609735217,-0.27866509871536854,0.38151671778562063,0.6492753153151315,-0.6117161864410849,0.30330759159247406,-0.36863038632222406,0.7586845687766727
617,64.36,51.48,50.77,6.47,26.33,24.3,165.37,watermelon,80,weather update day 80,humidity,unknown,0.51,64.36,51.48,50.77,6.47,26.33,24.3,165.37,failure,UNKNOWN,watermelon,1.5,0,2,6,0,14,14,-0.15321744368969997,0.09331015410891932,0.15416515272760045,-0.14066447909619936,0.0680439204491127,-2.7416315001489373,0.14513101874130738,-0.1372929496085776,0.08818789604615244,0.15416515272760045,-0.16119517699004288,0.051504662063536606,-2.4968659867908505,0.02891749105887429,0.0955246226703796,1.232668168688359
618,37.53,39.5,48.73,6.29,17.56,45.25,133.01,coconut,68,weather update day 68,unknown,increase,0.25,37.53,39.5,48.73,6.29,17.56,45.25,133.01,failure,R5,coconut,-3.8,4,1,4,0,3,3,-1.3256899763000434,-0.6889738625088307,0.03993828171289683,-0.34095703803336475,-1.6720207138011385,-1.3217891877629204,-0.29415983247383176,-1.2453531203801842,-0.6887373682408573,0.03993828171289683,-0.31625571835451793,-1.4858703024574271,-1.1985790598570045,-0.24179176666268962,-0.1829683827251826,-0.13661778661206786
619,82.53,56.03,85.05,6.7,23.07,76.56,142.34,coffee,137,weather update day 137,unknown,increase,0.44,82.53,56.03,85.05,6.7,23.07,76.56,142.34,failure,R4,coffee,0.2,4,1,3,0,4,4,0.6408125942353818,0.39042136242367453,2.0736245342883985,0.11526490176795728,-0.5787760006062824,0.8001803970010981,-0.16750397209567192,0.613115298729853,0.38326385201492524,2.0736245342883985,0.036937736975675955,-0.5199710944174598,0.7417246958613108,-0.1637411679438332,1.4183663982993,0.8640142576459364
620,72.22,28.6,54.45,4.8,16.74,77.28,117.19,mango,139,weather update day 139,rainfall,increase,0.56,72.22,28.6,54.45,4.8,16.74,77.28,182.82,partial,R4,mango,-4.3,1,1,3,1,10,10,0.1902650052971543,-1.4007347791309908,0.3602214690678495,-1.998934331457681,-1.8347177491586306,0.8489768869733144,-0.5089182152372277,0.18731953426264222,-1.3956226253968178,0.3602214690678495,-1.599812421871564,-1.6296157381366962,0.7863436260471041,0.17489637076348755,1.4647818991985604,1.4959923908615183
621,83.78,57.0,72.61,7.27,27.14,76.22,210.31,chickpea,119,weather update day 119,soil_moisture,increase,0.2,83.83,57.0,72.61,7.27,27.14,76.22,210.31,partial,R5,chickpea,-1.5,2,1,4,1,2,2,0.6954376656391437,0.4537615540863804,1.3770645953556,0.749524671735648,0.22875684561931878,0.7771376100697736,0.7551968671222821,0.6668043863930319,0.4461701547159602,1.3770645953556,0.5279627846298472,0.19349710462476627,0.7206546454957972,0.4048653909972883,1.0006268902059567,-0.39994200878522684
622,55.63,46.8,53.6,7.68,30.29,62.6,148.86,watermelon,141,weather update day 141,rainfall,decrease,0.54,55.63,46.8,53.6,7.68,30.29,62.6,68.48,failure,R5,watermelon,-1.4,1,0,4,0,14,14,-0.5347189423735723,-0.21228994587197142,0.3126269394783897,1.2057466115369702,0.8537515546145626,-0.14592932523798519,-0.07899419614008756,-0.4978358229159247,-0.21531880152172786,0.3126269394783897,0.8811562399600412,0.7456899368073243,-0.12338678385212519,-0.7816208272551651,1.5111974000978208,1.3906627019922546
623,43.86,39.31,55.94,4.45,23.33,70.2,116.33,chickpea,76,weather update day 76,rainfall,increase,0.2,43.86,39.31,55.94,4.45,23.33,70.2,116.57,success,UNKNOWN,chickpea,-3.9,1,1,6,2,2,2,-1.0490686147113937,-0.7013807041747215,0.4436518797599609,-2.3883920849466143,-0.5271891357368341,0.36914473557985394,-0.5205928175871974,-0.9839285627587057,-0.7010592213472454,0.4436518797599609,-1.9013190300802656,-0.4743932733484236,0.3475908125534704,-0.379321439003311,0.0026936208718588727,-0.39994200878522684
624,42.0,53.44,37.51,6.71,25.64,49.64,227.3,coffee,95,weather update day 95,soil_moisture,increase,0.53,42.0,53.44,37.51,6.71,25.64,49.64,227.3,success,R5,coffee,1.4,2,1,4,2,4,4,-1.1303507209601913,0.22129652076758302,-0.5883095088679712,0.12639226615335514,-0.06885968247365462,-1.0242661447378791,0.9858381391292418,-1.0607452574152538,0.21529753861731604,-0.5883095088679712,0.0455522114959244,-0.06945186308121386,-0.926527527196404,0.5469961168529549,0.4436408794148324,1.3379978575576228
625,90.76,51.3,40.16,6.56,24.53,66.7,195.49,blackgram,45,weather update day 45,soil_moisture,decrease,0.27,90.69,51.3,40.16,6.56,24.53,66.7,195.49,failure,R2,blackgram,-0.3,2,0,1,0,1,1,1.0004640643577498,0.08155630410965431,-0.43992656367730276,-0.04051819962761668,-0.2890959132624548,0.13193957599269124,0.5540136033704788,0.9501175720618064,0.07651456152431091,-0.43992656367730276,-0.08366490630780533,-0.26403409918363907,0.13069323526141985,0.2808879126464362,-0.7167466430666768,-0.03128809774280417
626,57.41,31.51,55.72,5.34,29.02,74.42,50.33,cotton,121,weather update day 121,humidity,decrease,0.55,57.41,31.51,55.72,5.34,29.02,33.49,50.33,failure,R2,cotton,4.6,0,0,1,0,5,5,-0.45693284069461576,-1.210714204142873,0.4313332956309244,-1.398056654646184,0.6017695608291785,0.655146385139233,-1.4165506723523138,-0.42432307211557235,-1.2069037172937127,0.4313332956309244,-1.1346307977781378,0.5230598108162612,-1.9273549195582944,-0.9334555932516542,1.0470423911052171,1.4433275464268864
627,75.18,42.73,36.84,6.03,18.88,58.15,40.78,sugarcane,132,weather update day 132,rainfall,increase,0.56,75.18,42.73,36.84,6.03,18.88,58.15,63.61,failure,UNKNOWN,sugarcane,3.1,1,1,6,0,13,13,0.31961717438126264,-0.4780575541886863,-0.6258251968973096,-0.630268512053715,-1.4101181690793219,-0.447518742427378,-1.546193058913024,0.3095654569418806,-0.4792658654322563,-0.6258251968973096,-0.5402320558809821,-1.2544752108761645,-0.3991565606948754,-0.8223610647429284,1.3023276460511493,1.4959923908615183
628,34.09,19.75,66.32,4.62,28.31,60.58,95.94,banana,47,weather update day 47,humidity,increase,0.4,34.09,19.75,66.32,4.62,28.31,84.81,95.94,success,UNKNOWN,banana,-1.3,0,1,6,2,0,0,-1.4760181728031958,-1.9786324040948549,1.024865076393598,-2.1992268903948466,0.46089773753183766,-0.28283058877114786,-0.7973894942335721,-1.3874227061965958,-1.969561572720694,1.024865076393598,-1.754872963236039,0.39859729943543043,1.2529832709068587,-0.5519027735767307,-0.6703311421674164,0.6533548799074093
629,78.8,23.97,52.45,7.89,32.18,55.75,179.68,cotton,36,weather update day 36,humidity,decrease,0.52,78.8,23.97,52.45,7.89,32.18,26.76,179.68,partial,R1,cotton,0.9,0,0,0,1,5,5,0.4778113811665564,-1.7030699207787525,0.24823434062206196,1.43942126363033,1.2287483800117092,-0.6101737090014323,0.33939097179719857,0.4590689164347321,-1.6958867300419644,0.24823434062206196,1.0620602048852623,1.0770056361168594,-2.344417975322723,0.1486285379685028,-0.9256163971133484,1.285333013122991
630,82.82,55.92,40.86,5.5,25.35,73.49,154.34,banana,14,weather update day 14,temperature,unknown,0.57,82.82,55.92,40.86,5.5,25.35,73.49,154.34,unknown,R2,banana,-3.2,3,2,1,3,0,0,0.6534856108010543,0.3832384540907904,-0.40073106872127695,-1.2200188244798142,-0.12639887790496265,0.5921175855917864,-0.004602543956559837,0.6250920952085619,0.376130147584911,-0.40073106872127695,-0.9967992054541597,-0.12028866350436987,0.5514745352079975,-0.06335454579739422,-1.4361869070052125,1.5486572352961496
631,69.21,60.22,48.51,6.52,30.69,57.26,155.77,mungbean,108,weather update day 108,rainfall,increase,0.12,69.21,60.22,48.51,6.52,30.69,57.26,155.95,success,R6,mungbean,-1.4,1,1,5,2,11,11,0.058727833356895624,0.6640248707398992,0.027619697583860268,-0.0850276571692091,0.9331159621060227,-0.5078366258652566,0.014809876230017779,0.06300864667328175,0.6549931389400145,0.027619697583860268,-0.11812280438879988,0.8158096615289193,-0.45431051606342543,-0.04988600732608045,0.7453416352600247,-0.8212607642622813
632,75.82,42.39,38.75,5.54,34.92,65.2,136.51,blackgram,106,weather update day 106,temperature,increase,0.47,75.82,42.39,38.75,5.54,35.09,65.2,136.51,failure,R1,blackgram,-2.7,3,1,0,0,1,1,0.34758521093998807,-0.5002592708539644,-0.5188774892315827,-1.175509366938222,1.7723945713282077,0.030280221883907218,-0.24664691593325738,0.335997007791445,-0.5013154973068457,-0.5188774892315827,-0.9623413073731651,1.5871266334664615,0.03773713070768389,-0.2125123352033116,0.6989261343607643,1.0220087909498317
633,67.91,9.45,51.36,5.66,32.95,60.95,206.57,watermelon,94,weather update day 94,temperature,decrease,0.59,67.91,9.45,51.36,5.66,13.51,60.95,206.57,failure,R4,watermelon,-2.5,3,0,3,0,14,14,0.0019177590969834631,-2.6512138207194647,0.18720135561910758,-1.0419809943134446,1.3815248644327696,-0.2577546147576475,0.7044259220189254,0.009319559010103009,-2.637535714803849,0.18720135561910758,-0.8589676131301814,-2.1958325152635734,-0.22563849886123466,0.3735782270949814,0.4204331289652022,1.6539869241654133
634,61.96,55.47,58.03,5.63,23.82,67.50800000000001,175.7,sugarcane,2,weather update day 2,soil_moisture,decrease,0.23,57.68,55.47,58.03,5.63,23.82,74.37,175.7,success,R1,sugarcane,-6.0,2,0,0,2,13,13,-0.25809758078492256,0.3538538290926276,0.5606784289858091,-1.0753630874696392,-0.42996773655979575,0.1867000814059567,0.28536199813105945,-0.413172261600912,0.34694681128030697,0.5606784289858091,-0.8848110366909275,-0.38849661056446977,0.6060087832128565,0.11533364162326705,-1.7146799124007748,-0.24194747548133141
635,71.63,67.68,40.17,6.25,19.35,53.87,181.62,rice,7,weather update day 7,soil_moisture,increase,0.18,75.49,67.68,40.17,6.25,19.35,53.87,181.62,failure,R4,rice,0.0,2,1,3,0,12,12,0.16448197159457859,1.1511566540427727,-0.43936662803507354,-0.38546649557495716,-1.3168649902768563,-0.7375867661511084,0.3657267026796883,0.3223682393846381,1.1387880030118926,-0.43936662803507354,-0.35071361643551247,-1.1720845343282904,-0.6643913123548687,0.16485770854884374,-1.5986411601526238,-0.5052716976544905
636,81.26,47.93,62.04,5.56,24.22,89.72,154.1,coconut,78,weather update day 78,temperature,increase,0.36,81.26,47.93,62.04,5.56,24.31,89.72,154.1,partial,R2,coconut,0.4,3,1,1,1,3,3,0.5853135216891601,-0.1385018875432519,0.7852126215196129,-1.1532546381674262,-0.35060332906833647,1.6920717970488297,-0.007860572519342203,0.5606651900127477,-0.14203620146794463,0.7852126215196129,-0.9451123583326682,-0.3025999477805166,1.5572595864794208,-0.06536227824032308,0.04910912177111924,0.44269550216888187
637,38.03,44.19,68.59,7.25,27.28,70.83,141.79,banana,146,weather update day 146,soil_moisture,increase,0.0,38.03,44.19,68.59,7.25,27.28,70.83,141.79,failure,R1,banana,-1.4,2,1,0,0,0,0,-1.3038399477385387,-0.38272077086131434,1.1519704671795674,0.7272699429648523,0.25653438824132974,0.4118416643055429,-0.17497028755204805,-1.2247034712789615,-0.38458215208843033,1.1519704671795674,0.5107338355893504,0.2180390082773245,0.38663237646603926,-0.16834222145887842,1.6272361523459717,-1.453238897477863
638,97.25,54.682,45.96,6.77,27.92,59.91,119.05,banana,33,weather update day 33,temperature,unknown,0.57,97.25,30.78,45.96,6.77,27.92,59.91,119.05,failure,R1,banana,0.8,3,2,0,0,0,0,1.2840774350860809,0.30239808576251204,-0.11516389118451867,0.19315645246574328,0.3835174402276652,-0.32823843360640487,-0.48366849387566535,1.2210409682698475,-1.2542455739656255,-0.11516389118451867,0.09723905861741584,0.33023056783187615,-0.29008806468515863,-0.35857487042638025,-0.995239648462239,1.5486572352961496
639,64.25,72.36,58.59,6.45,24.82,72.88,178.63,wheat,145,weather update day 145,temperature,increase,0.06,64.25,72.36,58.59,6.45,26.31,72.88,178.63,failure,R5,wheat,-0.7,3,1,4,0,15,15,-0.15802444997323098,1.456756754023663,0.5920348249506298,-0.1629192078669951,-0.2315567178311468,0.5507761149208809,0.3251370968350261,-0.14183587241084655,1.4422947005797726,0.5920348249506298,-0.17842412603053975,0.04799867582745694,0.5136723860228115,0.13984470853068928,1.6040284018963415,-1.137249830870072
640,80.87,40.13,53.94,7.64,25.53,68.51,191.09,maize,135,weather update day 135,temperature,increase,0.42,80.87,40.13,53.94,7.64,25.64,68.51,191.09,unknown,R2,maize,-3.2,3,1,1,3,9,9,0.5682704994111863,-0.647835387511403,0.3316647513141734,1.1612371539953776,-0.09068489453380589,0.2546085299506241,0.49428307971947094,0.5445584637137941,-0.6478806974144117,0.3316647513141734,0.8466983418790466,-0.06945186308121386,0.2428602680895947,0.24407948452607517,1.3719508974000396,0.7586845687766727
641,86.74,44.69,60.78,8.71,28.84,89.2,178.86,lentil,56,weather update day 56,soil_moisture,increase,0.45,86.86,44.69,60.78,8.71,28.84,89.2,178.86,success,R4,lentil,-2.8,2,1,3,2,8,8,0.8247898347232514,-0.3500711875300226,0.7146607305987669,2.351865143232975,0.5660555774580218,1.6568298876244516,0.32825937420769263,0.791941259946441,-0.35215622286109266,0.7146607305987669,1.768447115545651,0.49150593469154363,1.5250348035674592,0.14176878545516286,-0.4614613881207448,0.9166791020805682
642,54.0,21.38,40.93,7.3,32.97,75.66,175.76,lentil,62,weather update day 62,humidity,increase,0.05,54.0,21.38,40.93,7.3,32.97,79.44,175.76,failure,R4,lentil,1.1,0,1,3,0,8,8,-0.6059500354840779,-1.8721947624348438,-0.39681151922567437,0.7829067648918425,1.3854930848073417,0.7391847845358274,0.2861765052717551,-0.5651536789859106,-1.8638530434395735,-0.39681151922567437,0.5538062081905933,1.2154920924420087,0.9202004166044836,0.11583557473399926,-0.32221488542296367,-1.1899146753047039
643,79.51,53.78,34.59,6.27,27.76,42.36,151.16,sugarcane,138,weather update day 138,humidity,increase,0.45,79.51,53.78,34.59,6.27,27.76,42.55,151.16,failure,R1,sugarcane,2.1,0,1,0,0,13,13,0.5088384217238935,0.24349823743286164,-0.7518107163988206,-0.36321176680416145,0.3517716772310813,-1.5176528766791777,-0.04777142241342463,0.48839141815846854,0.23734717049190587,-0.7518107163988206,-0.3334846673950156,0.3021826779432382,-1.3659000480537293,-0.0899570006662006,1.4415741487489302,0.9166791020805682
644,50.47,36.61,54.39,6.32,21.8,51.16,131.77,wheat,70,weather update day 70,unknown,increase,0.09,50.47,36.61,54.39,6.32,21.8,51.16,131.77,success,R3,wheat,4.7,4,1,2,2,15,15,-0.7602112371283013,-0.8776884541636971,0.3568618552144757,-0.3075749448771702,-0.8307579943916665,-0.9212513325743117,-0.3109929800482064,-0.7109402016405425,-0.8761592391748688,0.3568618552144757,-0.29041229479377184,-0.7426012204085229,-0.832332007915285,-0.2521650509511548,-0.13655288182592223,-0.9792552975661767
645,99.71,35.98,65.16,5.95,22.14,75.03,182.31,chickpea,39,weather update day 39,humidity,decrease,0.51,99.71,35.98,65.16,5.95,22.14,74.65,182.31,success,R1,chickpea,-3.4,0,0,0,2,2,2,1.391579575608684,-0.9188269291611249,0.9599125418950414,-0.7192874271368999,-0.7632982480239259,0.6964878558101384,0.3750935347976872,1.3226372418478627,-0.9170159100013144,0.9599125418950414,-0.6091478520429712,-0.6829994543951675,0.6233605893962206,0.17062993932226397,-0.855993145764458,1.232668168688359
646,79.51,23.8,38.3,6.3,27.28,82.9,103.7,groundnut,70,weather update day 70,temperature,increase,0.41,79.51,23.8,38.3,6.3,38.47,82.9,103.7,failure,R3,groundnut,1.9,3,1,2,0,6,6,0.5088384217238935,-1.7141707791113916,-0.5440745931318851,-0.3298296736479669,0.25653438824132974,1.229860600367559,-0.6920465707036129,0.48839141815846854,-1.7069115459792592,-0.5440745931318851,-0.3076412438342695,2.179638307363936,1.1346191644417685,-0.48698609125536674,-0.13655288182592223,0.7060197243420409
647,92.93,48.56,56.2,6.33,29.76,52.79,230.55,groundnut,141,weather update day 141,rainfall,increase,0.56,92.93,48.56,56.2,6.33,29.76,52.79,231.84,success,UNKNOWN,groundnut,2.1,1,1,6,2,6,6,1.0952931883146804,-0.09736341254582413,0.4582102064579136,-0.29644758049177233,0.7485937146883792,-0.8107815011094328,1.029957275916918,1.042628000035284,-0.10117953064149904,0.4582102064579136,-0.2817978202735234,0.6527813015512117,-0.7313197076335585,0.5849757222316909,1.5111974000978208,1.4959923908615183
648,49.51,51.88,44.98,6.78,24.16,74.62,115.98,lentil,138,weather update day 138,rainfall,decrease,0.1,49.51,51.88,44.98,6.78,24.16,74.62,115.87,failure,R6,lentil,1.8,1,0,5,0,8,8,-0.8021632919663904,0.11942982077395309,-0.17003758412295478,0.2042838168511421,-0.36250799019205515,0.6687009656870709,-0.5253441092412547,-0.7505875279148899,0.11412863942802291,-0.17003758412295478,0.10585353313766505,-0.32889484455111434,0.6215014673051458,-0.38517732529518656,1.4415741487489302,-0.9265904531315449
649,95.02,53.39,66.04,7.37,20.4,53.91,177.1,rice,35,weather update day 35,soil_moisture,increase,0.26,95.02,53.39,66.04,7.37,20.4,53.91,177.1,success,R4,rice,-1.1,2,1,3,2,12,12,1.1866263077017696,0.21803156243445404,1.0091868784111884,0.8607983155896296,-1.1085334206117754,-0.7348758500415409,0.3043671647472893,1.1289435332783944,0.21205494569458247,1.0091868784111884,0.6141075298323341,-0.9880202569341048,-0.6619124829001025,0.12704541420701831,-0.9488241475629786,-0.08395294217743601
650,84.48,41.41,25.91,6.82,17.14,70.14,82.06,lentil,139,weather update day 139,humidity,increase,0.59,84.48,41.41,25.91,6.82,17.14,70.55,82.06,partial,R1,lentil,-4.0,0,1,0,1,8,8,0.7260277056252504,-0.5642524541832965,-1.2378348538535386,0.24879327439273455,-1.7553533416671705,0.36507836141550243,-0.9858121461144783,0.6936489302246215,-0.5648703185924276,-1.2378348538535386,0.1403114312186596,-1.5594960134151012,0.36928057028267514,-0.6680166331927784,1.4647818991985604,1.6539869241654133
651,88.24,39.97,55.83,6.26,22.28,60.04,170.19,lentil,51,weather update day 51,rainfall,decrease,0.44,88.24,39.97,55.83,6.26,22.28,60.04,95.31,unknown,R5,lentil,4.2,1,0,4,3,8,8,0.8903399204077656,-0.6582832541774166,0.43749258769544264,-0.3743391311895593,-0.7355207054019149,-0.31942795625031006,0.21056309237718396,0.8489342914658153,-0.6582569947671599,0.43749258769544264,-0.342099141915264,-0.6584575507426093,-0.28203186895716803,-0.5571730712394187,-0.5775001403688957,0.8640142576459364
652,54.82,37.68,65.02,6.44,27.43,60.4,203.92,blackgram,13,weather update day 13,soil_moisture,decrease,0.18,54.79,37.68,65.02,6.44,27.43,60.4,203.92,partial,R5,blackgram,-1.8,2,0,4,1,1,1,-0.5701159886432101,-0.8078183458347328,0.9520734429038362,-0.17404657225239295,0.28629604105062684,-0.2950297112642019,0.6684518566382047,-0.5325272334059789,-0.8067677506283663,0.9520734429038362,-0.18703860055078822,0.24433390504792227,-0.2597224038642714,0.35140951470430937,-1.4593946574548426,-0.5052716976544905
653,43.07,54.45,71.57,7.38,28.81,68.94,13.93,sugarcane,52,weather update day 52,temperature,decrease,0.22,43.07,54.45,71.57,7.38,22.47,68.94,13.93,success,R3,sugarcane,-1.8,3,0,2,2,13,13,-1.083591659838571,0.2872486790967927,1.3188312885637903,0.8719256799750275,0.5601032468961622,0.28375087812847505,-1.9106850043742871,-1.0165550083386374,0.2807979156565384,1.3188312885637903,0.6227220043525825,-0.6251506814998522,0.2695076847283319,-1.2379616804291858,-0.5542923899192655,-0.29461231991596326
654,74.55,28.33,38.92,5.65,32.1,91.08,128.72,wheat,84,weather update day 84,humidity,unknown,0.29,74.55,28.33,38.92,5.65,32.1,91.08,128.72,failure,R1,wheat,-2.3,0,2,0,0,15,15,0.29208613839376624,-1.4183655541298885,-0.5093585833136908,-1.0531083586988426,1.2128754985134176,1.7842429447741273,-0.3523970930335642,0.28354689907433966,-1.4131326271795803,-0.5093585833136908,-0.8675820876504299,1.0629816911725407,1.6415397879414746,-0.2776799840800415,0.18835562446890033,0.07404159112645924
655,74.37,37.1,59.81,6.23,22.8,84.53,70.07,blackgram,62,weather update day 62,rainfall,decrease,0.59,74.37,37.1,59.81,6.23,22.8,84.53,69.65,success,UNKNOWN,blackgram,5.2,1,0,6,2,1,1,0.2842201281116249,-0.845691862499031,0.6603469733025601,-0.4077212243457529,-0.6323469756630176,1.3403304318324372,-1.1485778230634747,0.2761130253978998,-0.8443818285320778,0.6603469733025601,-0.3679425654760094,-0.5673019086045362,1.2356314647234945,-0.7718331315958874,-0.32221488542296367,1.6539869241654133
656,65.16,33.92,50.87,7.3,23.5,63.0,164.95,watermelon,25,weather update day 25,humidity,unknown,0.17,65.16,33.92,50.87,7.3,23.5,63.0,164.95,success,R6,watermelon,1.4,0,2,5,2,14,14,-0.11825739799129253,-1.0533432124860467,0.15976450914988952,0.7829067648918425,-0.49345926255296346,-0.11882016414230953,0.13942946875643822,-0.10425351104662149,-1.0506107384179453,0.15976450914988952,0.5538062081905933,-0.4445923903417456,-0.09859848930446236,0.025403959283748792,-1.1809016520592805,-0.5579365420891222
657,58.93,46.85,40.59,7.34,25.55,89.13,131.03,blackgram,144,weather update day 144,humidity,increase,0.13,58.93,46.85,40.59,7.34,25.55,89.25,131.03,unknown,R3,blackgram,-0.8,0,1,2,3,1,1,-0.3905087538676413,-0.20902498753884197,-0.41584933106145805,0.827416222433435,-0.086716674159233,1.6520857844327077,-0.3210385681167851,-0.3615481388478554,-0.21207620859899382,-0.41584933106145805,0.5882641062715879,-0.08522880114357263,1.528133340385917,-0.25835555931685195,1.5808206514467114,-0.7685959198276494
658,60.8,35.71,47.29,6.45,20.61,51.58,91.61,watermelon,121,weather update day 121,soil_moisture,unknown,0.46,60.8,35.71,47.29,6.45,20.61,51.58,91.61,success,UNKNOWN,watermelon,-2.9,2,2,6,2,14,14,-0.3087896470476137,-0.9364577041600222,-0.040692450768070064,-0.1629192078669951,-1.066867106678759,-0.892786713423852,-0.8561697595537683,-0.28431845120928284,-0.9345259117840765,-0.040692450768070064,-0.17842412603053975,-0.9512074014552674,-0.8063042986402389,-0.588125613067904,1.0470423911052171,0.9693439465152001
659,17.61,43.08,49.57,9.5,26.46,35.19,136.82,coconut,29,weather update day 29,humidity,increase,0.18,17.61,62.33,49.57,12.23,26.46,35.25,136.82,failure,R6,coconut,1.1,0,1,5,0,3,3,-2.1961951141903917,-0.45520284585678195,0.08697287566012779,3.2309269296794234,0.09383735288383757,-2.0035845893191655,-0.24243862903966362,-2.0680351405728943,0.7918305602793794,0.08697287566012779,4.8007421466731675,0.07429357259805533,-1.8182864235485776,-0.20991901413119524,-1.0880706502607598,-0.5052716976544905
660,44.7,74.41,66.14,5.47,27.07,83.37,147.57,coffee,128,weather update day 128,rainfall,increase,0.0,44.7,74.41,66.14,5.47,27.07,83.37,147.57,failure,R6,coffee,-1.5,1,1,5,0,4,4,-1.0123605667280657,1.5906200456819588,1.0147862348334775,-1.2534009176360088,0.2148680743083133,1.2617138646549777,-0.09650609966504238,-0.9492371522686516,1.5752410104118566,1.0147862348334775,-1.0226426290149058,0.18122615279848714,1.1637454105352723,-0.11998933179167696,1.2094966442526285,-1.453238897477863
661,67.78,42.37,41.56,5.8,28.68,83.55,97.6,mango,140,weather update day 140,soil_moisture,decrease,0.38,60.05,42.37,41.56,5.8,28.68,83.55,97.6,partial,R5,mango,-0.4,2,0,4,1,10,10,-0.0037632483290075667,-0.5015652541872163,-0.36153557376525114,-0.8861978929178717,0.534309814461438,1.2739129871480313,-0.7748547966743282,-0.3152929248611168,-0.5026125344759393,-0.36153557376525114,-0.738364969846701,0.4634580448029057,1.17490014308172,-0.53801595751314,1.4879896496481906,0.5480251910381456
662,65.21,46.65,88.76,6.54,27.15,61.84,4.31,cotton,133,weather update day 133,rainfall,unknown,0.13,65.21,46.65,88.76,6.54,27.15,61.84,4.31,success,R3,cotton,2.6,1,2,2,2,5,5,-0.11607239513514218,-0.22208482087135886,2.2813606575553345,-0.06277292839841239,0.2307409558066049,-0.19743673131976894,-2.0412776492658087,-0.10218854613649934,-0.22504658028992908,2.2813606575553345,-0.10089385534830222,0.1952500977428058,-0.17048454349268463,-1.3184382891832476,1.3255353965007792,-0.7685959198276494
663,51.83,39.27,55.96,6.16,27.9,62.14,154.05,lentil,6,weather update day 6,humidity,unknown,0.26,51.83,39.27,55.96,6.16,27.9,62.14,154.05,failure,R3,lentil,1.3,0,2,2,0,8,8,-0.7007791594410084,-0.7039926708412247,0.44477175104441896,-0.4856127750435399,0.3795492198530916,-0.17710486049801233,-0.008539328469921604,-0.6547731560852169,-0.7036532956854323,0.44477175104441896,-0.42824388711775,0.32672458159579587,-0.1518933225819376,-0.06578055583259976,-1.621848910602254,-0.08395294217743601
664,61.6,39.33,59.88,5.37,23.25,64.21,14.53,blackgram,73,weather update day 73,temperature,increase,0.23,61.6,39.33,59.88,5.37,28.6,64.21,14.53,success,R1,blackgram,1.3,3,1,0,2,1,1,-0.273829601349206,-0.70007472084147,0.6642665227981627,-1.3646745614899893,-0.5430620172351257,-0.03681495182789085,-1.9025399329673316,-0.25127901264732644,-0.6997621841781522,0.6642665227981627,-1.1087873742173917,0.44943409985858707,-0.023613898297782404,-1.2329423493218639,-0.06692963047703168,-0.24194747548133141
665,76.8,26.73,27.79,5.97,17.02,64.58,23.61,lentil,109,weather update day 109,rainfall,increase,0.57,76.8,26.73,27.79,5.97,17.02,64.58,37.07,failure,R3,lentil,1.2,1,1,2,0,8,8,0.3904112669205375,-1.522844220790022,-1.1325669531144984,-0.6970326983661042,-1.7791626639146088,-0.011738977814390485,-1.7792778523420698,0.3764703200298415,-1.5168956007070606,-1.1325669531144984,-0.5919189030024743,-1.5805319308315797,-0.0006847258411939208,-1.0443828107234694,0.7685493857096549,1.5486572352961496
666,84.22,56.66,41.5,7.43,20.59,74.24,185.59,cotton,7,weather update day 7,rainfall,increase,0.4,84.22,56.66,41.5,7.43,20.59,74.24,186.33,failure,R1,cotton,-0.9,1,1,0,0,5,5,0.7146656907732677,0.4315598374211018,-0.3648951876186249,0.9275625019020177,-1.070835327053332,0.6429472626461784,0.4196199251557112,0.6829111126919855,0.42412052284137036,-0.3648951876186249,0.6657943769538255,-0.9547133876913471,0.5979525874848655,0.20425945774132112,-1.5986411601526238,0.6533548799074093
667,79.35,41.84,38.92,5.28,30.63,59.21,160.93,rice,94,weather update day 94,soil_moisture,decrease,0.3,79.35,41.84,38.92,5.28,30.63,59.21,160.93,success,R6,rice,-3.1,2,0,5,2,12,12,0.5018464125842115,-0.5361738125183851,-0.5093585833136908,-1.4648208409585721,0.9212113009823033,-0.37567946552383713,0.08485749032983593,0.48178353044607686,-0.5369840194569169,-0.5093585833136908,-1.1863176448996293,0.8052917028206797,-0.3334675801435685,-0.008225559135308116,0.4204331289652022,0.12670643556109107
668,59.32,52.26,48.8,7.51,38.97,82.06,122.81,wheat,2,weather update day 2,humidity,unknown,0.19,59.32,52.26,48.8,7.51,38.97,82.06,122.81,failure,R1,wheat,-1.5,0,2,0,0,15,15,-0.37346573158966756,0.14424350410573453,0.04385783120849941,1.0165814169852025,2.5759591971792353,1.1729313620666395,-0.43262604639207686,-0.34544141254890176,0.13877234564079924,0.04385783120849941,0.7347101731158145,2.2672879632659293,1.082563745891676,-0.32712039548716265,-1.7146799124007748,-0.45260685321985866
669,60.8,35.71,47.29,6.45,20.61,51.58,91.61,watermelon,121,weather update day 121,soil_moisture,unknown,0.46,60.8,35.71,47.29,6.45,20.61,51.58,91.61,success,UNKNOWN,watermelon,-2.9,2,2,6,2,14,14,-0.3087896470476137,-0.9364577041600222,-0.040692450768070064,-0.1629192078669951,-1.066867106678759,-0.892786713423852,-0.8561697595537683,-0.28431845120928284,-0.9345259117840765,-0.040692450768070064,-0.17842412603053975,-0.9512074014552674,-0.8063042986402389,-0.588125613067904,1.0470423911052171,0.9693439465152001
670,60.37,28.95,54.65,6.85,21.51,52.72,108.79,sugarcane,137,weather update day 137,unknown,increase,0.18,60.37,28.95,54.65,6.85,21.51,52.72,108.79,success,R6,sugarcane,-3.5,4,1,5,2,13,13,-0.32758067161050775,-1.3778800707990868,0.37142018191242804,0.28217536754892814,-0.8882971898229746,-0.8155256043011762,-0.6229492149346061,-0.3020771494363343,-1.3729244749376814,0.37142018191242804,0.16615485477940492,-0.7934380208316789,-0.7356576591793995,-0.44440543236158553,1.4183663982993,-0.5052716976544905
671,66.11,44.06,35.98,7.1,31.0,63.77,84.2,blackgram,63,weather update day 63,humidity,decrease,0.47,66.11,44.06,35.98,7.1,31.0,33.8,84.2,failure,R2,blackgram,5.4,0,0,1,0,1,1,-0.07674234372443342,-0.3912096625274499,-0.6739796621289986,0.5603594771838805,0.9946233779119036,-0.06663502903313352,-0.95676139142967,-0.06501917775429837,-0.3930128936875378,-0.6739796621289986,0.38151671778562063,0.8701524481881551,-1.9081439912838558,-0.6501143522433301,-0.29900713497333353,1.0220087909498317
672,87.36,54.25,23.71,6.97,29.57,65.71,223.39,jute,62,weather update day 62,rainfall,increase,0.57,87.36,54.25,23.71,6.97,29.57,65.71,350.72,success,R1,jute,-4.6,1,1,0,2,7,7,0.8518838701395174,0.2741888457642758,-1.361020695143905,0.41570374017370537,0.7108956211299357,0.06484440228089317,0.9327594237939141,0.8125909090476637,0.26782754396560315,-1.361020695143905,0.26952854902238854,0.619474432308454,0.06934220625595355,1.57947252562908,-0.32221488542296367,1.5486572352961496
673,85.7,25.88,36.09,6.5,26.21,75.41,95.12,coffee,126,weather update day 126,rainfall,decrease,0.48,85.7,25.88,36.09,6.5,26.21,75.41,94.67,success,UNKNOWN,coffee,-1.4,1,0,6,2,4,4,0.7793417753153219,-1.5783485124532182,-0.66782037006448,-0.10728238594000482,0.04423459820167533,0.72224155885103,-0.808521091823078,0.7440340740316047,-1.5720196803935347,-0.66782037006448,-0.13535175342929678,0.030468744647058642,0.6704583490367796,-0.5625270244205621,1.163081143353368,1.0746736353844635
674,66.77,39.36,30.04,9.5,30.36,55.55,140.7,rice,53,weather update day 53,temperature,increase,0.43,66.77,39.36,30.04,13.72,43.42,55.55,140.7,success,R3,rice,6.0,3,1,2,2,12,12,-0.04790030602324734,-0.6981157458415925,-1.0065814336129875,3.2309269296794234,0.8676403259255682,-0.6237282895492704,-0.1897671672746841,-0.037761640940684627,-0.6978166284245119,-1.0065814336129875,6.084298850190214,3.047369900793671,-0.5602804752546845,-0.17746067297051332,-0.5310846394696354,0.8113494132113045
675,99.03,42.65,51.37,6.28,23.97,63.3,227.14,maize,22,weather update day 22,temperature,unknown,0.0,99.03,42.65,51.37,6.28,23.97,63.3,227.14,failure,R4,maize,-4.8,3,2,3,0,9,9,1.3618635367650378,-0.48328148752169287,0.1877612912613364,-0.3520844024187626,-0.4002060837504987,-0.09848829332055292,0.9836661200873865,1.2945537190702001,-0.4844540141086302,0.1877612912613364,-0.3248701928747664,-0.362201713793872,-0.08000726839371534,0.5456576285576689,-1.2505249034081711,-1.453238897477863
676,81.03,43.47,28.28,6.33,20.38,74.75,247.96,jute,76,weather update day 76,soil_moisture,increase,0.0,81.03,43.47,28.28,6.33,20.38,74.75,247.96,success,R4,jute,-0.8,2,1,3,2,7,7,0.5752625085508677,-0.42973617085837434,-1.1051301066452803,-0.29644758049177233,-1.1125016409863484,0.6775114430431652,1.2663000979087464,0.5511663514261852,-0.4312754901757964,-1.1051301066452803,-0.2817978202735234,-0.9915262431701845,0.629557663033136,0.7198284179817407,0.0026936208718588727,-1.453238897477863
677,40.27,50.37,51.39,5.95,25.45,68.93,183.8,coffee,67,weather update day 67,soil_moisture,increase,0.25,43.29,50.37,51.39,5.95,25.45,68.93,183.8,failure,R1,coffee,0.3,2,1,0,0,4,4,-1.2059518197829975,0.020828079113451678,0.18888116254579446,-0.7192874271368999,-0.10655777603209818,0.2830731491010838,0.3953204621249604,-1.0074691627340995,0.016202333161462912,0.18888116254579446,-0.6091478520429712,-0.10275873232397156,0.2688879773646409,0.18309461157211357,-0.2061761331748128,-0.13661778661206786
678,56.86,26.92,60.72,7.24,30.42,68.14,91.98,rice,134,weather update day 134,humidity,increase,0.19,56.86,26.92,60.72,7.24,30.42,68.27,91.98,failure,R4,rice,7.3,0,1,3,0,12,12,-0.4809678721122709,-1.510437379124131,0.7113011167453932,0.7161425785794544,0.8795449870492875,0.22953255593712374,-0.851146965519479,-0.44703768612691713,-1.5045737476006722,0.7113011167453932,0.5021193610691019,0.768478847341843,0.2279872913609964,-0.5850303588850555,1.3487431469504094,-0.45260685321985866
679,33.89,70.61,40.6,6.4,21.44,67.83,154.01,watermelon,40,weather update day 40,rainfall,decrease,0.54,33.89,70.61,40.6,6.4,21.44,67.83,70.84,partial,R3,watermelon,4.9,1,0,2,1,14,14,-1.484758184227798,1.3424832123641417,-0.4152893954192292,-0.21855602979398536,-0.90218596113398,0.2085229560879749,-0.009082333230385589,-1.395682565837085,1.3288039482840908,-0.4152893954192292,-0.22149649863178275,-0.805708972657958,0.20072016735856732,-0.7618781248996989,-0.8327853953148278,1.3906627019922546
680,52.34,75.42,49.03,6.17,24.73,89.28,204.68,sugarcane,18,weather update day 18,temperature,decrease,0.0,52.34,75.42,49.03,6.17,24.73,89.28,204.68,unknown,UNKNOWN,sugarcane,-0.5,3,0,6,3,13,13,-0.6784921303082734,1.6565722040111686,0.0567363509797652,-0.47448541065814204,-0.24941370951672517,1.6622517198435867,0.6787689470870154,-0.6337105140019696,1.640741387451079,0.0567363509797652,-0.4196294125975016,-0.22897423682284182,1.5299924624769916,0.35776733410691736,-1.3433559052066917,-1.453238897477863
681,110.79,64.11,46.96,6.58,18.08,80.07,203.84,banana,101,weather update day 101,unknown,increase,0.0,110.79,64.11,46.96,6.58,18.08,80.07,203.84,partial,R5,banana,0.9,4,1,4,1,0,0,1.8757762085316292,0.918038629057349,-0.05917032696162491,-0.018263470856819976,-1.568846984062241,1.0380632856156522,0.6673658471172775,1.7802334659309567,0.9072668683287014,-0.05917032696162491,-0.06643595726730768,-1.394714660319354,0.9592419805170525,0.3507402705566666,0.5828873821126135,-1.453238897477863
682,49.38,55.67,52.75,5.51,32.14,55.37,16.51,wheat,134,weather update day 134,humidity,increase,0.27,49.38,55.67,52.75,5.51,32.14,55.52,16.51,failure,UNKNOWN,wheat,4.6,0,1,6,0,15,15,-0.8078442993923814,0.3669136624251445,0.26503240988892995,-1.2088914600944165,1.2208119392625634,-0.6359274120423244,-1.8756611973243782,-0.7559564366812077,0.3599171829712422,0.26503240988892995,-0.9881847309339112,1.0699936636447,-0.5621395973457588,-1.2163785566677014,1.3487431469504094,-0.03128809774280417
683,58.07,66.11,40.43,7.59,27.65,78.42,149.87,groundnut,114,weather update day 114,soil_moisture,increase,0.41,58.07,66.11,40.43,7.59,27.65,78.42,149.87,partial,R6,groundnut,3.8,2,1,5,1,6,6,-0.4280908029934294,1.048636962382516,-0.4248083013371213,1.1056003320683874,0.32994646517092935,0.9262379960959903,-0.06528332593837907,-0.3970655353019583,1.036970585238052,-0.4248083013371213,0.8036259692778036,0.2828997536447992,0.8569902655079434,-0.10074856254694274,0.8845881379578059,0.7060197243420409
684,90.62,63.97,32.89,6.25,27.66,79.63,121.25,blackgram,62,weather update day 62,rainfall,decrease,0.28,90.62,63.97,32.89,6.25,27.66,79.63,87.3,failure,R6,blackgram,0.1,1,0,5,0,1,1,0.9943460563605284,0.9088967457245873,-0.8469997755777402,-0.38546649557495716,0.33193057535821613,1.008243208410409,-0.45380323205016143,0.9472266211876355,0.8981876081450468,-0.8469997755777402,-0.35071361643551247,0.2846527467628393,0.9319748565146233,-0.6241811415221667,-0.32221488542296367,0.021376746691827677
685,87.25,63.19,60.13,6.09,28.37,63.54,142.59,sugarcane,38,weather update day 38,humidity,decrease,0.2,87.25,63.19,60.13,6.09,28.37,50.83,142.59,partial,R3,sugarcane,-2.4,0,0,2,1,13,13,0.8470768638559864,0.8579633957277721,0.6782649138538861,-0.5635043257413268,0.47280239865555707,-0.08222279666314734,-0.16411019234277374,0.8080479862453948,0.8476031585504,0.6782649138538861,-0.48854520875949065,0.40911525814367006,-0.8527823509171069,-0.16164977998244906,-0.8792008962140881,-0.39994200878522684
686,69.6,55.75,31.56,6.27,30.33,76.46,196.39,rice,84,weather update day 84,soil_moisture,unknown,0.1,69.6,55.75,31.56,6.27,30.33,76.46,196.39,success,R1,rice,-3.5,2,2,0,2,12,12,0.07577085563486934,0.3721375957581511,-0.921471215994189,-0.36321176680416145,0.8616879953637084,0.7934031067271786,0.5662312104809119,0.07911537297223542,0.3651053316476161,-0.921471215994189,-0.3334846673950156,0.7527019092794837,0.7355276222243946,0.2884169093074189,0.18835562446890033,-0.9265904531315449
687,58.96,88.37,37.84,6.65,33.71,95.09,273.69,wheat,82,weather update day 82,soil_moisture,decrease,0.38,58.9,88.37,37.84,6.65,33.71,95.09,273.69,success,R5,wheat,3.6,2,0,4,2,15,15,-0.3891977521539509,2.502196412291625,-0.5698316326744159,0.059628079840967005,1.5323172386665425,2.056012284758277,1.6155879100770256,-0.3627871177939288,2.480572954439124,-0.5698316326744159,-0.006134635625567033,1.3452135831769594,1.8900424407817957,0.9350740669673968,0.14194012356963998,0.5480251910381456
688,79.69,65.08,50.77,6.57,18.99,87.93,131.66,groundnut,76,weather update day 76,rainfall,increase,0.26,79.69,65.08,50.77,6.57,18.99,87.93,165.9,failure,R6,groundnut,-3.6,1,1,5,0,6,6,0.5167044320060349,0.981378820720055,0.15416515272760045,-0.029390835242217833,-1.3882929570191704,1.5707583011456814,-0.31248624313948176,0.49582529183490837,0.9701731710297363,0.15416515272760045,-0.07505043178755612,-1.235192286577726,1.4463319683786298,0.03335123353700869,0.0026936208718588727,-0.08395294217743601
689,87.54,58.44,61.03,5.55,17.98,45.21,94.65,mungbean,15,weather update day 15,soil_moisture,increase,0.0,87.54,58.44,61.03,5.55,17.98,45.21,94.65,failure,R3,mungbean,4.7,2,1,2,0,11,11,0.8597498804216595,0.5477923540805005,0.7286591216544903,-1.164382002552824,-1.5886880859351056,-1.324500103872488,-0.8149013977585264,0.8200247827241042,0.5395568308906925,0.7286591216544903,-0.9537268328529167,-1.4122445914997523,-1.2010578893117707,-0.5626943354574728,-1.4129791565555823,-1.453238897477863
690,97.46,33.71,46.3,6.76,28.28,67.54,-26.53,lentil,103,weather update day 103,humidity,increase,0.09,97.46,33.71,46.3,6.76,28.28,73.62,-26.53,unknown,R3,lentil,-2.1,0,1,2,3,8,8,1.2932544470819127,-1.0670560374851892,-0.096126079348735,0.1820290880803454,0.4549454069699787,0.18886881429361052,-2.459934319583327,1.2297138208923608,-1.064229628693427,-0.096126079348735,0.08862458409716739,0.39333832008131125,0.5595307309359885,-1.5764319080995959,0.6293028830118739,-0.9792552975661767
691,120.42,70.46,1.01,6.36,23.05,64.33599999999998,177.89,jute,42,weather update day 42,unknown,increase,0.29,120.42,70.46,1.01,6.36,23.05,42.94,177.89,success,R1,jute,-0.6,4,1,0,2,7,7,2.29660775862621,1.332688337364754,-2.6320746030035935,-0.2630654873355778,-0.5827442209808553,-0.028275566082753632,0.31509150876644737,2.1779457076205047,1.319076169515889,-2.6320746030035935,-0.2559543967127773,-0.5234770806535395,-1.3417314608697581,0.13365420016499216,-0.7863698944155674,0.07404159112645924
692,61.47,48.13,45.33,6.9,24.16,59.14,268.13,cotton,4,weather update day 4,temperature,unknown,0.34,61.47,48.13,45.33,6.9,24.16,59.14,268.13,success,R2,cotton,2.8,3,2,1,2,5,5,-0.2795106087751973,-0.125442054210735,-0.1504398366449419,0.3378121894759194,-0.36250799019205515,-0.38042356871558036,1.5401102483725704,-0.25664792141364445,-0.1290658297770094,-0.1504398366449419,0.2092272273806487,-0.32889484455111434,-0.3378055316894095,0.8885615987062134,-1.6682644115015144,0.33736581329961846
693,116.23,53.2,27.5,7.63,28.83,70.67,244.99,coconut,96,weather update day 96,rainfall,increase,0.56,116.23,53.2,27.5,7.63,28.83,70.67,382.19,success,UNKNOWN,coconut,-6.2,1,1,6,2,3,3,2.1135045192808004,0.20562472076856333,-1.1488050867391375,1.1501097896099797,0.5640714672707351,0.40099799986727286,1.225981994444316,2.004901648152259,0.1997330925881943,-1.1488050867391375,0.8380838673587981,0.48975294157350346,0.3767170586469743,1.842736442208116,0.4668486298644625,1.4959923908615183
694,43.2,56.48,35.74,7.27,30.97,85.61,98.86,banana,65,weather update day 65,unknown,increase,0.56,43.2,56.48,35.74,7.27,30.97,85.61,98.86,failure,UNKNOWN,banana,1.4,4,1,6,0,0,0,-1.0779106524125799,0.41980598742183683,-0.6874181175424929,0.749524671735648,0.9886710473500439,1.4135251667907616,-0.7577501467197214,-1.0111860995723194,0.41244718831952887,-0.6874181175424929,0.5279627846298472,0.8648934688340353,1.3025598600021844,-0.5274753621877638,-0.25259163407407315,1.4959923908615183
695,85.89,59.28,32.93,5.38,27.06,58.72,48.96,sugarcane,48,weather update day 48,soil_moisture,decrease,0.08,85.87,59.28,32.93,5.38,27.06,58.72,48.96,unknown,R5,sugarcane,-2.1,2,0,4,3,13,13,0.7876447861686936,0.6026436540770709,-0.8447600330088245,-1.3535471971045916,0.2128839641210265,-0.40888818786604003,-1.4351485853981958,0.7510549547260205,0.5940323919926199,-0.8447600330088245,-1.1001728996971434,0.179473159680447,-0.3638332409644557,-0.9449163992800392,-0.6471233917177862,-1.0319201420008084
696,62.28,60.01,68.63,8.29,34.53,71.52,58.03,watermelon,7,weather update day 7,humidity,unknown,0.53,62.28,60.01,68.63,8.29,34.53,71.52,58.03,partial,R2,watermelon,-3.0,0,2,1,1,14,14,-0.24411356250555954,0.6503120457407566,1.1542102097484828,1.8845158390462533,1.6950142740240346,0.4586049671955834,-1.3120222559630503,-0.2231954898696637,0.6413742486645326,1.1542102097484828,1.406639185695207,1.4889590188562285,0.4293921845607576,-0.8690408440410224,-1.5986411601526238,1.3379978575576228
697,75.04,68.92,50.82,9.5,26.2,85.9,153.2,watermelon,131,weather update day 131,temperature,decrease,0.44,75.04,68.92,50.82,13.81,26.08,85.9,153.2,unknown,R4,watermelon,-2.0,3,0,3,3,14,14,0.3134991663840413,1.2321276207043759,0.156964830938745,3.2309269296794234,0.042250488014388535,1.433179308585127,-0.020078179629775685,0.3037835551935382,1.2192043074956898,0.156964830938745,6.161829120872452,0.007679834112539917,1.3205313735492403,-0.07289127490130605,1.279119895601519,0.8640142576459364
698,95.48,11.71,40.76,4.11,21.84,57.64,233.09,wheat,121,weather update day 121,soil_moisture,unknown,0.35,95.48,11.71,40.76,4.11,21.84,57.64,233.09,success,R1,wheat,1.2,2,2,0,2,15,15,1.2067283339783543,-2.503637704062026,-0.40633042514356643,-2.766722474050149,-0.8228215536425207,-0.4820829228243644,1.0644380782063632,1.1479412104515194,-2.4909705146962833,-0.40633042514356643,-2.1942111637687187,-0.7355892479363636,-0.4307616362431455,0.5954326620386117,1.0470423911052171,0.39003065773425005
699,68.46,55.12,52.98,7.16,26.07,86.8,134.12,wheat,61,weather update day 61,soil_moisture,decrease,0.52,57.78,55.12,52.98,7.16,26.07,86.8,134.12,success,R2,wheat,8.2,2,0,1,2,15,15,0.025952790514638537,0.3309991207607233,0.2779109296601953,0.6271236634962696,0.016457055579664367,1.4941749210503967,-0.27909145037096367,-0.4090423317806674,0.3242486608211705,0.2779109296601953,0.43320356490711287,0.005926840994500398,1.3763050362814813,-0.2325060041141439,-0.34542263587259386,1.285333013122991
700,63.32,60.69,57.23,5.94,23.46,30.47,195.0,chickpea,123,weather update day 123,humidity,decrease,0.48,63.32,60.69,57.23,5.94,23.46,30.32,195.0,failure,UNKNOWN,chickpea,0.7,0,0,6,0,2,2,-0.19866550309762976,0.6947154790713134,0.5158835776074938,-0.7304147915222977,-0.5013957033021093,-2.323472690248139,0.5473617950547982,-0.18024421973912064,0.6854735124137118,0.5158835776074938,-0.6177623265632196,-0.4516043628139049,-2.123802153848523,0.27678879224212316,1.0934578920044775,1.0746736353844635
701,65.45,60.73,22.82,5.28,28.25,80.1,55.73,wheat,29,weather update day 29,unknown,decrease,0.09,65.45,60.73,22.82,5.28,28.25,80.1,55.73,success,R3,wheat,3.2,4,0,2,2,15,15,-0.10558438142561952,0.6973274457378167,-1.4108549673022803,-1.4648208409585721,0.448993076408119,1.040096472697828,-1.3432450296897136,-0.0922767145679121,0.6880675867518988,-1.4108549673022803,-1.1863176448996293,0.38807934072719147,0.9611011026081272,-0.8882816132857567,-1.0880706502607598,-0.9792552975661767
702,112.1,31.85,61.58,6.47,26.01,52.81,211.16,maize,69,weather update day 69,soil_moisture,decrease,0.14,112.1,31.85,61.58,6.47,26.01,52.81,211.16,unknown,R1,maize,2.0,2,0,0,3,9,9,1.933023283362771,-1.1885124874775945,0.7594555819770817,-0.14066447909619936,0.004552394455945684,-0.8094260430546488,0.7667357182821358,1.8343355465761595,-1.184854085419123,0.7594555819770817,-0.16119517699004288,-0.0045911177137385835,-0.7300802929061752,0.4119761100659943,-0.1597606322755524,-0.7159310753930176
703,87.89,52.97,24.79,7.55,18.85,78.51,239.22,groundnut,148,weather update day 148,humidity,unknown,0.54,87.89,52.97,24.79,7.55,18.85,78.51,239.22,success,UNKNOWN,groundnut,-3.3,0,2,6,2,6,6,0.8750449004147125,0.19060591243616887,-1.3005476457831797,1.0610908745267948,-1.4160704996411808,0.9323375573425176,1.1476535577474263,0.8344795370949597,0.18481716514361873,-1.3005476457831797,0.7691680711968091,-1.2597341902302837,0.8625676317811678,0.6467134948517509,1.6736516532452321,1.3906627019922546
704,64.24,64.98,68.65,4.97,30.99,82.68,216.88,watermelon,107,weather update day 107,humidity,decrease,0.49,64.24,64.98,68.65,4.97,30.99,42.17,216.88,partial,UNKNOWN,watermelon,-1.6,0,0,6,1,14,14,-0.15846145054446129,0.974848904053797,1.1553300810329412,-1.8097691369059137,0.9926392677246167,1.2149505617649372,0.8443853990284459,-0.1422488653928712,0.9636879851842692,1.1553300810329412,-1.4533663550273372,0.8683994550701148,-1.389448927874009,0.4598270666224636,0.7221338848103945,1.1273384798190953
705,84.91,51.4,45.07,5.8,26.36,76.07,81.4,mango,137,weather update day 137,temperature,increase,0.3,84.91,51.4,45.07,5.8,34.27,76.07,81.4,failure,R2,mango,2.6,3,1,1,0,10,10,0.7448187301881442,0.08808622077591276,-0.16499816334289416,-0.8861978929178717,0.07399625101097239,0.7669716746588947,-0.9947717246621294,0.7114076284516726,0.08299974736977853,-0.16499816334289416,-0.738364969846701,1.4433811977871922,0.7113590350404232,-0.6735378974108325,1.4183663982993,0.12670643556109107
706,51.5,43.25,49.33,7.45,19.3,60.2,158.66,wheat,83,weather update day 83,humidity,increase,0.42,51.5,43.25,49.33,7.45,19.3,85.49,158.66,failure,UNKNOWN,wheat,-5.5,0,1,6,0,15,15,-0.7152001782916015,-0.44410198752414265,0.07353442024663318,0.9498172306728144,-1.326785541213289,-0.3085842918120395,0.05404197017352042,-0.6684019244920237,-0.44554289903582495,0.07353442024663318,0.6830233259943231,-1.1808494999184898,1.2951233716378852,-0.027215361824676244,0.16514787401927017,0.7586845687766727
707,33.26,24.24,80.15,5.78,41.47,37.91,160.2,jute,8,weather update day 8,humidity,decrease,0.0,33.26,24.24,80.15,5.78,41.47,37.91,160.2,partial,R2,jute,-0.1,0,0,1,1,7,7,-1.512289220215294,-1.685439145779855,1.7992560695962194,-0.9084526216886674,3.0719867440008577,-1.8192422938685704,0.07494765345137303,-1.4217011237046258,-1.6783767282592021,1.7992560695962194,-0.7555939188871978,2.705536242775896,-1.6534442648066194,-0.014332411982549973,-1.5754334097029936,-1.453238897477863
708,71.93,39.79,30.17,7.0,21.43,66.22,245.01,lentil,145,weather update day 145,soil_moisture,increase,0.22,71.98,39.79,30.17,7.0,21.43,66.22,245.01,unknown,UNKNOWN,lentil,-0.9,2,1,6,3,8,8,0.1775919887314819,-0.6700371041766816,-0.9993022702640112,0.44908583332989993,-0.9041700713212668,0.09940858267788008,1.2262534968245478,0.17740770269405556,-0.6699303292890014,-0.9993022702640112,0.2953719725831347,-0.8074619657759983,0.10094728180422409,0.6951500400374075,1.6040284018963415,-0.29461231991596326
709,44.33,57.19,53.87,7.8,19.71,62.28,162.57,coffee,16,weather update day 16,humidity,unknown,0.24,44.33,68.91,53.87,7.8,19.71,62.28,162.57,failure,R1,coffee,0.2,0,2,0,0,4,4,-1.0285295878635794,0.46616839575227115,0.3277452018185708,1.3392749841617473,-1.2454370235345427,-0.16761665411452578,0.10712068550884772,-0.9645178926035565,1.2185557889111427,0.3277452018185708,0.9845299342030248,-1.1089767820788552,-0.14321741949025554,0.005493945891371765,-1.389771406105952,-0.1892826310466997
710,83.14,47.91,75.23,5.59,23.18,59.44,140.85,rice,10,weather update day 10,rainfall,decrease,0.5,83.14,47.91,75.23,5.59,23.18,59.44,140.15,failure,R1,rice,-1.0,1,0,0,0,12,12,0.6674696290804176,-0.1398078708765038,1.523767733619582,-1.1198725450112317,-0.5569507885461312,-0.3600916978938238,-0.18773089942294513,0.6383078706333447,-0.14333323863703834,1.523767733619582,-0.9192689347719221,-0.5006881701190214,-0.3192143107786625,-0.1820617264855583,-1.5290179088037332,1.1800033242537271
711,95.06,43.84,49.7,6.76,26.87,87.41,106.81,wheat,98,weather update day 98,rainfall,decrease,0.49,95.06,43.84,49.7,6.76,26.87,87.41,106.28,failure,R6,wheat,-0.3,1,0,5,0,15,15,1.1883743099866904,-0.4055754791932182,0.09425203900910412,0.1820290880803454,0.17518587056258367,1.5355163917213022,-0.6498279505775596,1.1305955052064924,-0.4072803025475663,0.09425203900910412,0.08862458409716739,0.14616629043768992,1.4141071854666674,-0.4654029674938824,0.5132641307637229,1.1273384798190953
712,59.96,54.84,42.76,6.34,20.84,62.24,249.13,coconut,42,weather update day 42,temperature,decrease,0.24,59.96,54.84,42.76,6.34,20.79,62.24,249.13,success,R1,coconut,-1.4,3,0,0,2,3,3,-0.34549769503094147,0.3127153540952003,-0.29434329669777887,-0.2853202161063745,-1.0212325723711697,-0.1703275702240933,1.2821829871523096,-0.31900986169933676,0.3060901404538618,-0.29434329669777887,-0.27318334575327496,-0.9196535253305499,-0.14569624894502178,0.7296161136410183,-0.7863698944155674,-0.1892826310466997
713,82.25,26.61,28.6,6.77,29.11,55.129999999999995,102.78,rice,24,weather update day 24,temperature,decrease,0.0,82.25,26.61,28.6,6.77,29.11,74.62,102.78,success,R1,rice,-2.9,3,0,0,2,12,12,0.6285765782409392,-1.5306801207895322,-1.0872121660939544,0.19315645246574328,0.619626552514757,-0.65219290869973,-0.7045356801942781,0.6015514952331684,-1.5246778237216216,-1.0872121660939544,0.09723905861741584,0.53883674887862,0.6215014673051458,-0.49468239895326044,-1.2041094025089107,-1.453238897477863
714,99.21,53.82,63.32,5.48,29.41,40.33,93.11,watermelon,54,weather update day 54,rainfall,increase,0.0,99.21,53.82,63.32,5.48,29.41,40.33,93.11,failure,UNKNOWN,watermelon,0.8,1,1,6,0,14,14,1.369729547047179,0.24611020409936493,0.856884383724917,-1.24227355325061,0.6791498581333518,-1.655231869239732,-0.8358070810363792,1.30198759274664,0.23994124483009283,0.856884383724917,-1.0140281544946566,0.5914265424198161,-1.5034750827932586,-0.5755772852995992,-0.5078768890200052,-1.453238897477863
715,61.82,49.72,55.81,6.84,22.56,78.73,159.43,coconut,122,weather update day 122,humidity,decrease,0.0,61.82,49.72,55.81,6.84,22.56,78.73,159.43,success,R1,coconut,3.7,0,0,0,2,3,3,-0.26421558878214396,-0.0216163792172275,0.43637271641098496,0.2710480031635302,-0.6799656201578937,0.9472475959451392,0.06449481181244691,-0.24219316704278857,-0.02595137483407593,0.43637271641098496,0.15754038025915648,-0.6093737434374934,0.8762011937823823,-0.02077388690361299,1.0702501415548473,-1.453238897477863
716,62.17,23.04,63.92,6.91,30.63,62.22,171.42,rice,138,weather update day 138,soil_moisture,increase,0.0,62.17,23.04,63.92,6.91,30.63,62.22,171.42,success,R4,rice,-2.0,2,1,3,2,12,12,-0.24892056878909055,-1.7637981457749552,0.8904805222586534,0.34893955386131725,0.9212113009823033,-0.1716830282788773,0.2272604887614428,-0.22773841267193265,-1.7561989584048125,0.8904805222586534,0.21784170190089713,0.8052917028206797,-0.14693566367240513,0.07952907972437047,1.4415741487489302,-1.453238897477863
717,60.12,27.77,47.08,5.23,27.94,75.23,100.38,cotton,130,weather update day 130,rainfall,increase,0.23,60.12,27.77,47.08,5.23,27.94,75.23,123.47,partial,R6,cotton,0.0,1,1,5,1,5,5,-0.3385056858912601,-1.4549330874609352,-0.0524510992548778,-1.5204576628855624,0.3874856606022381,0.7100424363579765,-0.7371159658221006,-0.31240197398694564,-1.4494496679141984,-0.0524510992548778,-1.2293900175008723,0.33373655406795577,0.6593036164903318,-0.32159913126910855,1.2559121451518889,-0.24194747548133141
718,78.19,52.53,45.91,6.27,30.56,62.88,146.16,coconut,141,weather update day 141,temperature,unknown,0.1,78.19,52.53,45.91,6.27,30.56,62.88,146.16,success,R6,coconut,1.6,3,2,5,2,3,3,0.4511543463215207,0.16187427910463228,-0.1179635693956636,-0.36321176680416145,0.9073225296712978,-0.1269529124710121,-0.115647017471388,0.43387634453124047,0.15628234742356176,-0.1179635693956636,-0.3334846673950156,0.7930207509944006,-0.10603497766876108,-0.13178475989388352,1.5111974000978208,-0.9265904531315449
719,53.89,65.18,36.69,6.24,34.35,58.46,158.72,watermelon,84,weather update day 84,rainfall,decrease,0.53,53.89,65.18,36.69,6.24,34.35,58.46,74.6,partial,R6,watermelon,3.5,1,0,5,1,14,14,-0.6107570417676089,0.9879087373863139,-0.634224231530744,-0.39659385996035507,1.6593002906528778,-0.42650914257822914,0.05485647731421601,-0.5696966017881796,0.9766583568752044,-0.634224231530744,-0.35932809095576096,1.457405142731511,-0.3799456324204365,-0.7304236499604814,0.18835562446890033,1.3379978575576228
720,95.09,68.77,56.23,7.01,36.8,50.56,157.99,blackgram,79,weather update day 79,soil_moisture,decrease,0.1,92.24,68.77,56.23,7.01,36.8,50.56,157.99,failure,R5,blackgram,5.9,2,0,4,0,1,1,1.1896853117003807,1.222332745704988,0.45989001338460006,0.4602131977152978,2.1454072865380667,-0.9619150742178249,0.0449466404357535,1.0141314842755964,1.209476528727488,0.45989001338460006,0.30398644710338313,1.8868884566512778,-0.869514449736779,-0.032820281561185646,0.07231687222074942,-0.9265904531315449
721,86.84,43.19,28.95,6.75,21.66,75.08,266.13,coffee,145,weather update day 145,humidity,unknown,0.33,86.84,43.19,28.95,6.75,21.66,75.08,266.13,failure,R1,coffee,-2.7,0,2,0,0,4,4,0.8291598404355527,-0.4480199375238978,-1.0676144186159418,0.17090172369494755,-0.8585355370136775,0.6998765009470976,1.512960010349385,0.7911152739823923,-0.4494340105431056,-1.0676144186159418,0.08001010957691895,-0.7671431240610812,0.6500080060349578,0.8718304950151402,1.6040284018963415,0.28470096886498664
722,103.27,54.58,58.57,7.63,28.24,57.48,123.09,coconut,147,weather update day 147,temperature,decrease,0.43,103.27,54.58,58.57,7.63,16.1,57.48,123.09,failure,R5,coconut,-2.9,3,0,4,0,3,3,1.5471517789665976,0.2957375707629283,0.5909149536661716,1.1501097896099797,0.4470089662208322,-0.49292658726263494,-0.42882501306883086,1.4696627434485678,0.2892286572556459,0.5909149536661716,0.8380838673587981,-1.7418072976912473,-0.44067695406221086,-0.3247780409704124,1.650443902795602,0.8113494132113045
723,46.54,23.98,39.63,7.45,26.24,31.64,139.36,maize,108,weather update day 108,rainfall,unknown,0.35,46.54,23.98,39.63,7.45,26.24,31.64,139.36,success,R5,maize,-0.0,1,2,4,2,9,9,-0.9319524616217284,-1.7024169291121267,-0.4696031527154361,0.9498172306728144,0.05018692876353432,-2.2441783940432876,-0.20795782675021796,-0.8732464435761523,-1.6952382114574176,-0.4696031527154361,0.6830233259943231,0.035727724001177824,-2.0420007818412356,-0.18867051244353214,0.7453416352600247,0.39003065773425005
724,74.44,42.82,70.6,5.78,25.07,58.4,236.82,coconut,141,weather update day 141,humidity,decrease,0.0,74.44,42.82,70.6,5.78,25.07,58.4,236.82,failure,R2,coconut,0.6,0,0,1,0,3,3,0.28727913211023526,-0.47218062918905357,1.2645175312675834,-0.9084526216886674,-0.18195396314898457,-0.43057551674258066,1.1150732721196037,0.2790039762720707,-0.4734291981713353,1.2645175312675834,-0.7555939188871978,-0.16937247080948636,-0.38366387660258605,0.626636170422463,1.5111974000978208,-1.453238897477863
725,89.68,33.54,66.99,5.87,22.54,67.94,21.36,blackgram,125,weather update day 125,temperature,increase,0.07,89.68,33.54,66.99,5.87,24.11,67.94,21.36,partial,R5,blackgram,1.0,3,1,4,1,1,1,0.9532680026648996,-1.0781568958178285,1.0623807644229368,-0.8083063422200847,-0.6839338405324666,0.21597797538928568,-1.8098218701181534,0.9084052808773371,-1.075254444630722,1.0623807644229368,-0.6780636482049603,-0.3376598101413138,0.20753694835917458,-1.1758056302168491,1.139873392903738,-1.0845849864354402
726,55.85,39.32,46.01,5.78,30.21,59.46,-24.42,mango,143,weather update day 143,temperature,unknown,0.4,55.85,39.32,46.01,5.78,30.21,59.46,-24.42,unknown,R1,mango,-1.1,3,2,0,3,10,10,-0.5251049298065104,-0.7007277125080957,-0.11236421297337415,-0.9084526216886674,0.8378786731162711,-0.3587362398390398,-2.4312908184688666,-0.4887499773113868,-0.7004107027626988,-0.11236421297337415,-0.7555939188871978,0.7316659918630056,-0.31797489605127915,-1.5587805937055135,1.5576129009970812,0.6533548799074093
727,69.42,52.09,68.0,5.3,24.38,85.03,208.51,chickpea,4,weather update day 4,temperature,decrease,0.0,69.42,52.09,68.0,5.3,24.38,85.03,208.51,success,UNKNOWN,chickpea,1.1,3,0,6,2,2,2,0.06790484535272796,0.13314264577309567,1.1189342642880598,-1.4425661121877764,-0.3188575660717526,1.3742168832020318,0.7307616529014151,0.07168149929579558,0.12774752970350478,1.1189342642880598,-1.1690886958591324,-0.29032899595423745,1.2666168329080731,0.38980739767532235,-1.6682644115015144,-1.453238897477863
728,63.1,21.92,26.88,6.78,21.66,80.96,92.77,mango,137,weather update day 137,rainfall,unknown,0.4,63.1,21.92,26.88,6.78,21.66,80.96,92.77,failure,R1,mango,1.4,1,2,0,0,10,10,-0.2082795156646918,-1.8369332124370485,-1.1835210965573317,0.2042838168511421,-0.8585355370136775,1.0983811690535308,-0.8404226215003209,-0.18933006534365857,-1.8288330398740487,-1.1835210965573317,0.10585353313766505,-0.7671431240610812,1.0143959358856025,-0.5784215729270816,1.4183663982993,0.6533548799074093
729,97.39,44.24,79.49,7.14,28.29,47.1,206.11,groundnut,82,weather update day 82,rainfall,increase,0.09,97.39,44.24,79.49,7.14,28.29,47.1,206.3,success,R3,groundnut,-1.5,1,1,2,2,6,6,1.2901954430833023,-0.3794558125281849,1.762300317209109,0.6048689347254729,0.45692951715726476,-1.19640931769542,0.698181367273593,1.2268228700181898,-0.3813395591656963,1.762300317209109,0.4159746158666152,0.3950913131993508,-1.0839331975740634,0.37131952809668667,0.14194012356963998,-0.9792552975661767
730,3.58,41.15,46.53,6.95,24.66,70.22,19.21,groundnut,67,weather update day 67,rainfall,decrease,0.0,3.58,41.15,46.53,6.95,24.66,70.22,19.21,unknown,R6,groundnut,-0.2,1,0,5,3,6,6,-2.8093069156262143,-0.5812302375155681,-0.08324755957746921,0.39344901140290967,-0.26330248082773067,0.3705001936346375,-1.8390083759930778,-2.647464294353201,-0.5817318017906431,-0.08324755957746921,0.25229959998189166,-0.24124518864912095,0.34883022728085333,-1.1937915666847525,-0.2061761331748128,-1.453238897477863
731,54.63,32.78,69.5,6.57,15.95,69.71,89.27,chickpea,135,weather update day 135,soil_moisture,decrease,0.09,53.15,32.78,69.5,6.57,15.95,69.71,89.27,failure,R4,chickpea,0.2,2,0,3,0,2,2,-0.5784189994965818,-1.1277842624813919,1.2029246106224005,-0.029390835242217833,-1.9914624539542631,0.33593601323765054,-0.8879355380408952,-0.6002580824579892,-1.124541857056275,1.2029246106224005,-0.07505043178755612,-1.7681021944618458,0.31722515173258276,-0.6077010043864597,1.3719508974000396,-0.9792552975661767
732,63.51,57.87,105.37,6.57,30.86,88.17,170.64,jute,84,weather update day 84,rainfall,increase,0.28,63.51,57.87,105.37,6.57,30.86,88.17,218.42,partial,R5,jute,1.8,1,1,4,1,7,7,-0.19036249224425805,0.5105718290828279,3.2114137592976,-0.029390835242217833,0.9668458352898927,1.5870237978030863,0.21667189593240052,-0.17239735308065612,0.5025912715715275,3.2114137592976,-0.07505043178755612,0.8456105445355968,1.461204945107227,0.4727100164645898,0.18835562446890033,0.021376746691827677
733,59.92,48.78,54.26,6.11,22.62,65.51,84.77,cotton,3,weather update day 3,rainfall,unknown,0.54,59.92,48.78,54.26,6.11,22.62,65.51,84.77,success,R4,cotton,-3.3,1,2,3,2,5,5,-0.34724569731586186,-0.08299759588005584,0.3495826918654994,-0.5412495969705301,-0.6680609590341743,0.05128982173305607,-0.9490235735930622,-0.3206618336274345,-0.08691212178147055,0.3495826918654994,-0.471316259718993,-0.5988557847292538,0.056948058982122796,-0.6453459876913743,-1.6914721619511446,1.3906627019922546
734,77.97,42.66,20.17,7.42,27.8,42.91,221.39,cotton,117,weather update day 117,rainfall,unknown,0.11,77.97,42.66,20.17,7.42,27.8,42.91,221.39,success,R4,cotton,-4.8,1,2,3,2,5,5,0.44154033375445867,-0.4826284958550671,-1.5592379124929487,0.9164351375166199,0.3597081179802271,-1.4803777801726237,0.9056091857707287,0.42479049892670256,-0.4838054955240836,-1.5592379124929487,0.657179902433577,0.30919465041539757,-1.3435905829608328,0.4975557054458335,0.9542113893066964,-0.8739256086969132
735,71.81,26.01,53.67,6.37,20.34,68.946,208.72,mango,116,weather update day 116,temperature,decrease,0.0,50.97,26.01,53.67,6.37,20.34,78.1,208.72,success,R3,mango,1.2,3,0,2,2,10,10,0.17234798187672057,-1.569859620787082,0.3165464889739923,-0.2519381229501799,-1.1204380817354942,0.2841575155449102,0.7336124278938497,-0.6902905525393198,-1.5635889387944266,0.3165464889739923,-0.24733992219252884,-0.9985382156423438,0.8371596298698126,0.3915641635628851,0.9310036388570662,-1.453238897477863
736,52.74,71.31,33.13,6.04,18.73,69.03,187.86,watermelon,16,weather update day 16,temperature,increase,0.17,52.74,71.31,33.13,6.04,21.91,69.03,187.86,success,R1,watermelon,3.3,3,1,0,2,14,14,-0.6610121074590697,1.3881926290279505,-0.8335613201642456,-0.6191411476683172,-1.4398798218886188,0.2898504393750023,0.4504354453120267,-0.6171907947209916,1.3742002492023637,-0.8335613201642456,-0.5316175813607337,-0.7233182961100845,0.2750850510015563,0.2170587520649921,-1.389771406105952,-0.5579365420891222
737,40.45,58.52,41.6,4.86,22.57,91.9,174.63,jute,48,weather update day 48,rainfall,increase,0.59,40.45,58.52,41.6,4.86,22.57,91.9,175.66,unknown,R4,jute,2.3,1,1,3,3,7,7,-1.1980858095008557,0.5530162874135075,-0.35929583119633546,-1.932170145145292,-0.6779815099706069,1.839816725020263,0.2708366207886554,-1.124759169629044,0.5447449795670668,-0.35929583119633546,-1.5481255747500715,-0.6076207503194533,1.692355791764184,0.11499901954944565,-0.6471233917177862,1.6539869241654133
738,86.37,31.92,58.58,7.37,26.97,52.72,205.18,chickpea,76,weather update day 76,unknown,decrease,0.09,86.37,31.92,58.58,7.37,26.97,52.72,205.18,partial,R3,chickpea,0.3,4,0,2,1,2,2,0.8086208135877383,-1.1839415458112135,0.5914748893084005,0.8607983155896296,0.19502697243544814,-0.8155256043011762,0.6855565065928118,0.771704603827243,-1.1803144553272957,0.5914748893084005,0.6141075298323341,0.16369622161808822,-0.7356576591793995,0.36195011002968563,0.0026936208718588727,-0.9792552975661767
739,46.04,44.14,42.87,6.05,26.64,56.11,165.25,blackgram,20,weather update day 20,rainfall,decrease,0.53,46.04,44.14,42.87,6.05,26.64,56.11,77.67,partial,R6,blackgram,0.2,1,0,5,1,1,1,-0.9538024901832332,-0.3859857291944433,-0.2881840046332606,-0.6080137832829193,0.12955133625499432,-0.5857754640153242,0.14350200445991618,-0.893896092677375,-0.3878247450111639,-0.2881840046332606,-0.5230031068404852,0.1058474487227729,-0.5255768628879562,-0.704741405794684,-1.2969404043074313,1.3379978575576228
740,90.46,54.54,52.84,6.09,25.97,53.39,33.57,rice,138,weather update day 138,humidity,decrease,0.41,90.46,54.54,52.84,6.09,25.97,31.5,33.57,failure,R1,rice,-0.8,0,0,0,0,12,12,0.9873540472208465,0.29312560409642496,0.27007183066899054,-0.5635043257413268,-0.003384046293200809,-0.7701177594659191,-1.644069666986607,0.9406187334752438,0.28663458291745897,0.27007183066899054,-0.48854520875949065,-0.011603090185898527,-2.0506766849329177,-1.0736622421828474,1.4415741487489302,0.7060197243420409
741,57.65,31.29,54.95,6.46,29.06,76.92,223.52,sugarcane,112,weather update day 112,rainfall,unknown,0.22,57.65,31.29,54.95,6.46,29.06,76.92,223.52,unknown,UNKNOWN,sugarcane,0.4,1,2,6,3,13,13,-0.4464448269850934,-1.2250800208086414,0.38821825117929637,-0.15179184348159724,0.6097060015783243,0.8245786419872063,0.9345241892654215,-0.4144112405469854,-1.2211711261537415,0.38821825117929637,-0.16980965151029132,0.5300717832884205,0.7640341609542074,0.5153743308768266,0.8381726370585455,-0.29461231991596326
742,40.92,49.52,64.02,7.35,27.85,61.5,175.28,cotton,26,weather update day 26,soil_moisture,increase,0.28,44.36,49.52,64.02,7.35,27.85,61.5,175.28,failure,R6,cotton,2.4,2,1,5,0,5,5,-1.1775467826530415,-0.03467621254974392,0.8960798786809424,0.8385435868188329,0.3696286689166597,-0.22047951825109355,0.27966044814619073,-0.9632789136574831,-0.03892174652501071,0.8960798786809424,0.5968785807918364,0.317959616005597,-0.1915545938581983,0.1118201098481418,-1.1576939016096504,0.021376746691827677
743,36.69,45.63,44.1,6.72,19.37,73.16,264.7,groundnut,32,weather update day 32,soil_moisture,increase,0.32,40.22,45.63,44.1,6.72,19.37,73.16,264.7,failure,R5,groundnut,1.4,2,1,4,0,6,6,-1.3623980242833715,-0.2886899708671938,-0.21931192063910104,0.137519630538753,-1.3128967699022833,0.569752527687854,1.4935475901628075,-1.1342580082156064,-0.2911954759136976,-0.21931192063910104,0.054166686016172846,-1.1685785480922106,0.5310241922061757,0.8598677558760228,-1.0184473989118692,0.2320361244303548
744,69.73,58.05,40.36,5.75,33.39,57.56,189.6,banana,118,weather update day 118,temperature,increase,0.36,69.73,58.05,40.36,5.75,33.51,57.56,189.6,success,R1,banana,4.3,3,1,0,2,0,0,0.08145186306086098,0.5223256790820929,-0.42872785083272386,-0.9418347148448619,1.4688257126733746,-0.48750475504349944,0.4740561523921977,0.08448428173855371,0.5142646060933691,-0.42872785083272386,-0.7814373424479439,1.3101537208161613,-0.435719295152678,0.2316148122762256,0.9774191397563265,0.44269550216888187
745,53.6,31.23,39.57,5.58,20.52,69.48,146.69,wheat,34,weather update day 34,soil_moisture,decrease,0.07,52.47,31.23,39.57,5.58,20.52,69.48,146.69,success,R1,wheat,1.5,2,0,0,2,15,15,-0.6234300583332816,-1.2289979708083962,-0.47296276656880987,-1.1309999093966294,-1.0847240983643374,0.3203482456076377,-0.10845220439524386,-0.628341605235652,-1.2250622376610218,-0.47296276656880987,-0.9278834092921705,-0.9669843395176262,0.30297188236767725,-0.1273510174157491,-0.9720318980126088,-1.0845849864354402
746,59.28,24.39,27.9,7.49,25.22,56.78,159.6,wheat,135,weather update day 135,temperature,increase,0.19,59.28,24.39,27.9,7.49,30.01,56.78,159.6,partial,R4,wheat,2.9,3,1,3,1,15,15,-0.3752137338745879,-1.6756442707804673,-1.1264076610499802,0.9943266882144068,-0.15219231033968753,-0.5403676191800671,0.0668025820444175,-0.3470933844769995,-1.6686489494910006,-1.1264076610499802,0.7174812240753177,0.6966061295022085,-0.4840564695206207,-0.019351743089871875,1.3719508974000396,-0.45260685321985866
747,89.0,75.9,56.24,5.15,27.63,63.78,178.07,cotton,142,weather update day 142,rainfall,decrease,0.32,89.0,75.9,56.24,5.15,27.63,63.78,177.5,failure,R6,cotton,2.2,1,0,5,0,5,5,0.9235519638212529,1.6879158040092088,0.4604499490268293,-1.6094765779687472,0.32597824479635645,-0.06595730000574176,0.3175350301885342,0.880321758099674,1.6718702795093234,0.4604499490268293,-1.2983058136628614,0.2793937674087195,-0.05026131493651959,0.13039163494523298,1.534405150547451,0.2320361244303548
748,83.31,54.4,51.95,7.71,23.95,50.74,211.33,maize,66,weather update day 66,humidity,unknown,0.17,83.31,54.4,51.95,7.71,23.95,50.74,211.33,unknown,R1,maize,0.7,0,2,0,3,9,9,0.6748986387913293,0.28398372076366324,0.22023755851061508,1.2391287046931647,-0.4041743041250716,-0.9497159517247707,0.7690434885141068,0.6453287513277605,0.2775553227338044,0.22023755851061508,0.9069996635207873,-0.3657077000299517,-0.8583597171903308,0.41339825387973567,-0.22938388362444295,-0.5579365420891222
749,56.22,52.14,41.0,6.82,30.58,76.24,186.58,sugarcane,88,weather update day 88,temperature,unknown,0.27,56.22,52.14,41.0,6.82,30.58,76.24,186.58,partial,R6,sugarcane,5.0,3,2,5,1,13,13,-0.5089359086709969,0.13640760410622468,-0.3928919697300718,0.24879327439273455,0.9112907500458707,0.7784930681245571,0.4330592929771881,-0.47346923697648213,0.13099012262623835,-0.3928919697300718,0.1403114312186596,0.7965267372304803,0.72189406022318,0.20635084570270526,0.2811866262674211,-0.03128809774280417
750,59.45,42.32,43.36,5.92,21.94,79.01,212.98,lentil,143,weather update day 143,rainfall,increase,0.55,59.45,42.32,43.36,5.92,21.94,79.01,214.15,success,R2,lentil,-4.2,1,1,1,2,8,8,-0.36778472416367625,-0.5048302125203453,-0.26074715816404254,-0.7526695202930944,-0.8029804517696556,0.9662240087121122,0.7914424348832344,-0.34007250378258375,-0.5058551273986729,-0.26074715816404254,-0.6349912756037173,-0.7180593167559647,0.8935529999657464,0.43698911008414876,1.5576129009970812,1.4433275464268864
751,72.184,58.13,41.92,6.5,24.63,58.14,108.65,mungbean,105,weather update day 105,soil_moisture,increase,0.17,69.11,58.13,41.92,6.5,24.63,58.14,108.65,success,R6,mungbean,1.4,2,1,5,2,11,11,0.1886918032407259,0.5275496124150999,-0.34137789064500945,-0.10728238594000482,-0.26925481138959034,-0.4481964714547697,-0.624849731596229,0.05887871685303745,0.5194527547697434,-0.34137789064500945,-0.13535175342929678,-0.24650416800324074,-0.3997762680585668,-0.44557660961996065,0.6757183839111341,-0.5579365420891222
752,79.41,79.22,33.36,4.95,22.68,78.22,124.29,maize,28,weather update day 28,rainfall,increase,0.0,79.41,79.22,33.36,4.95,22.68,78.22,124.29,failure,R5,maize,-2.5,1,1,4,0,9,9,0.5044684160115922,1.9047090373289857,-0.8206828003929801,-1.8320238656767094,-0.6561562979104556,0.9126834155481522,-0.41253487025491964,0.48426148833822363,1.8871784495788448,-0.8206828003929801,-1.4705953040678341,-0.5883378260210148,0.8445961182341117,-0.3147393787557685,-1.11127840071039,-1.453238897477863
753,50.68,56.4,48.69,6.83,22.5,82.44,152.81,coconut,53,weather update day 53,soil_moisture,decrease,0.28,46.43,56.4,48.69,6.83,22.5,82.44,152.81,success,R1,coconut,2.1,2,0,0,2,3,3,-0.7510342251324692,0.41458205408883025,0.03769853914398113,0.2599206387781324,-0.6918702812816124,1.1986850651075311,-0.025372476044296644,-0.8777893663784213,0.40725903964315496,0.03769853914398113,0.14892590573890804,-0.6198917021457323,1.1061126257119556,-0.0761538401210652,-0.5310846394696354,0.021376746691827677
754,46.13,45.48,35.79,6.47,32.16,26.94,125.32,rice,136,weather update day 136,rainfall,decrease,0.17,46.13,45.48,35.79,6.47,32.16,26.94,125.1,success,R4,rice,-1.4,1,0,3,2,12,12,-0.9498694850421622,-0.29848484586658164,-0.6846184393313484,-0.14066447909619936,1.2247801596371357,-2.5627110369174777,-0.39855249767297934,-0.8901791558391547,-0.30092325468189923,-0.6846184393313484,-0.16119517699004288,1.0734996498807792,-2.3332632427762747,-0.30796328176088394,1.3951586478496698,-0.5579365420891222
755,73.29,82.94,56.87,6.45,31.38,68.16,162.57,cotton,72,weather update day 72,humidity,decrease,0.58,73.29,82.94,56.87,6.45,31.38,28.63,162.57,success,R4,cotton,-3.3,0,0,3,2,5,5,0.23702406641877474,2.1476219373137964,0.49572589448725213,-0.1629192078669951,1.07001956502879,0.23088801399190725,0.10712068550884772,0.23150978333925898,2.128427363030237,0.49572589448725213,-0.17842412603053975,0.9367661866736698,-2.2285326983123994,0.005493945891371765,-0.09013738092666186,1.6013220797307814
756,57.71,40.87,43.39,6.33,29.5,53.384,194.37,wheat,6,weather update day 6,rainfall,decrease,0.48,57.71,40.87,43.39,6.33,29.5,59.86,101.07,failure,R1,wheat,4.5,1,0,0,0,15,15,-0.44382282355771274,-0.5995140041810916,-0.25906735123735564,-0.29644758049177233,0.6970068498189301,-0.7705243968823543,0.5388094700774949,-0.4119332826548386,-0.5998903221579522,-0.25906735123735564,-0.2817978202735234,0.6072034804821749,-0.2931866015036163,-0.508987492609128,-1.621848910602254,1.0746736353844635
757,40.57,39.91,50.11,6.91,21.08,73.53,200.13,banana,77,weather update day 77,temperature,increase,0.23,40.57,39.91,50.11,6.91,21.12,73.53,200.13,failure,R3,banana,-1.9,3,1,2,0,0,0,-1.1928418026460947,-0.6622012041771718,0.11720940034049036,0.34893955386131725,-0.9736139278762942,0.5948285017013544,0.6170021555842686,-1.1198032538447507,-0.6621481062744407,0.11720940034049036,0.21784170190089713,-0.8618047524352339,0.5539533646627641,0.3197040732097258,0.025901371321489057,-0.24194747548133141
758,85.01,37.25,62.51,6.16,22.05,89.19,160.62,blackgram,128,weather update day 128,soil_moisture,unknown,0.49,85.01,37.25,62.51,6.16,22.05,89.19,160.62,unknown,R5,blackgram,-1.0,2,2,4,3,1,1,0.7491887359004454,-0.8358969874996437,0.811529596704373,-0.4856127750435399,-0.7811552397095043,1.6561521585970593,0.08064920343624217,0.7155375582719176,-0.8346540497638766,0.811529596704373,-0.42824388711775,-0.6987763924575263,1.5244150962037673,-0.010818880207424476,1.2094966442526285,1.1273384798190953
759,43.32,56.8,43.8,7.4,32.63,77.59,199.04,watermelon,49,weather update day 49,soil_moisture,decrease,0.23,43.29,56.8,43.8,7.4,32.63,77.59,199.04,partial,UNKNOWN,watermelon,-10.3,2,0,6,1,14,14,-1.0726666455578189,0.44070172075386355,-0.2361099899059694,0.8941804087458242,1.318033338439602,0.8699864868224633,0.6022052758616325,-1.0074691627340995,0.43319978302502493,-0.2361099899059694,0.6399509533930802,1.155890326428654,0.805554554321543,0.3105856216980909,-0.6239156412681561,-0.24194747548133141
760,0.0,42.57,58.57,6.66,24.36,59.67,230.0,coconut,115,weather update day 115,temperature,increase,0.09,-14.12,42.57,58.57,6.66,24.38,59.67,230.0,unknown,R6,coconut,-0.9,3,1,5,3,3,3,-2.965753120126588,-0.4885054208546994,0.5909149536661716,0.07075544422636486,-0.3228257864463255,-0.34450393026380993,1.0224909604605419,-3.378461872536483,-0.4896421627850041,0.5909149536661716,0.0024798388946814113,-0.29032899595423745,-0.3049610414137561,0.5695831068359035,0.9077958884074361,-0.9792552975661767
761,76.5,48.8,40.25,5.7,16.81,44.68,83.0,watermelon,34,weather update day 34,humidity,decrease,0.0,76.5,48.8,40.25,5.7,16.81,44.68,83.0,failure,R1,watermelon,2.0,0,0,0,0,14,14,0.3773012497836348,-0.08169161254680443,-0.4348871428972421,-0.9974715367718522,-1.8208289778476252,-1.3604197423242583,-0.9730515342435813,0.36408053056910805,-0.0856150846123773,-0.4348871428972421,-0.8245097150491869,-1.6173447863104171,-1.2339023795874242,-0.660153014457974,-0.9720318980126088,-1.453238897477863
762,78.66,25.94,22.01,6.52,25.89,70.15,262.51,cotton,23,weather update day 23,soil_moisture,decrease,0.55,78.53,25.94,22.01,6.52,25.89,70.15,262.51,partial,R1,cotton,0.3,2,0,0,1,5,5,0.4716933731693351,-1.574430562453463,-1.4562097543228243,-0.0850276571692091,-0.019256927791492386,0.3657560904428947,1.4638180795274196,0.447918105920072,-1.568128568886254,-1.4562097543228243,-0.11812280438879988,-0.025627035130217166,0.34449227573501273,0.8415471973342977,-1.227317152958541,1.4433275464268864
763,85.07,55.72,71.22,7.04,25.31,46.64,137.46,maize,106,weather update day 106,humidity,unknown,0.38,85.07,55.72,71.22,7.04,25.31,46.64,137.46,success,R1,maize,-2.6,0,2,0,2,9,9,0.7518107393278255,0.37017862075827346,1.2992335410857776,0.49359529087149234,-0.13433531865410914,-1.2275848529554472,-0.2337505528722441,0.7180155161640638,0.36315977589397574,1.2992335410857776,0.3298298706641292,-0.1273006359765298,-1.1124397363038758,-0.2045650609500517,0.6989261343607643,0.5480251910381456
764,85.19,38.19,72.97,6.84,24.79,70.21,272.18,sugarcane,140,weather update day 140,rainfall,decrease,0.45,85.19,38.19,72.97,6.84,24.79,70.21,149.7,success,R5,sugarcane,4.7,1,0,4,2,13,13,0.7570547461825868,-0.7745157708368153,1.3972222784758417,0.2710480031635302,-0.2375090483930065,0.3698224646072452,1.5950894803695208,0.7229714319483573,-0.773693302816482,1.3972222784758417,0.15754038025915648,-0.21845627811460283,0.34821051991716145,-0.1021707063606841,1.4879896496481906,0.9166791020805682
765,100.27,72.22,7.24,5.75,14.63,47.1,111.03,chickpea,74,weather update day 74,humidity,increase,0.31,100.27,72.22,7.24,5.75,14.63,47.24,111.03,partial,R2,chickpea,1.2,0,1,1,1,2,2,1.4160516075975693,1.4476148706909011,-2.283234697894965,-0.9418347148448619,-2.2533649986760795,-1.19640931769542,-0.5925409483486386,1.345764848841232,1.433215440396118,-2.283234697894965,-0.7814373424479439,-1.999497286043108,-1.0752572944823813,-0.4256665962275836,-0.043721880027401495,0.17937127999572294
766,50.69,47.57,52.65,6.27,24.55,70.048,241.57,maize,18,weather update day 18,temperature,decrease,0.26,50.69,47.57,52.65,6.27,24.49,71.33,241.57,partial,R3,maize,2.3,3,0,2,1,9,9,-0.7505972245612392,-0.16200958754178194,0.2594330534666405,-0.36321176680416145,-0.2851276928878819,0.3588432543634971,1.179555087424669,-0.7018543560360045,-0.1653828705116277,0.2594330534666405,-0.3334846673950156,-0.27104607165579897,0.4176177446506179,0.6663725416887618,-1.3433559052066917,-0.08395294217743601
767,75.25,65.77,37.89,5.44,36.95,44.32,128.46,chickpea,75,weather update day 75,unknown,unknown,0.52,75.25,65.77,37.89,5.44,36.95,44.32,128.46,success,R4,chickpea,0.7,4,2,3,2,2,2,0.322676178379873,1.0264352457172374,-0.5670319544632714,-1.2867830107922025,2.1751689393473654,-1.3848179873103665,-0.35592662397657815,0.31245640781605144,1.0149209533634622,-0.5670319544632714,-1.048486052575651,1.9131833534218767,-1.2562118446803208,-0.27985502755988095,-0.020514129577771312,1.285333013122991
768,54.54,48.29,41.88,8.06,19.87,67.02,148.9,mango,60,weather update day 60,rainfall,increase,0.09,54.54,48.29,41.88,8.06,19.87,67.02,149.03,failure,UNKNOWN,mango,-0.4,1,1,6,0,10,10,-0.5823520046376528,-0.11499418754472189,-0.34361763321392513,1.6285864581820986,-1.2136912605379588,0.15362690486923136,-0.07845119137962395,-0.5428520579565902,-0.11868953242426157,-0.34361763321392513,1.2085062717294897,-1.0809288921902174,0.15052387089954977,-0.10777562609719349,-0.36863038632222406,-0.9792552975661767
769,67.33,48.39,80.33,6.82,28.72,72.99,187.72,chickpea,39,weather update day 39,soil_moisture,decrease,0.16,67.3,48.39,80.33,6.82,28.72,72.99,187.72,failure,R1,chickpea,-4.2,2,0,0,0,2,2,-0.023428274034361943,-0.10846427087846344,1.80933491115634,0.24879327439273455,0.5422462552105838,0.5582311342221917,0.44853492865040356,-0.015873012893388584,-0.11220434657879394,1.80933491115634,0.1403114312186596,0.47047001727506504,0.5204891670234189,0.21588757480661686,-0.855993145764458,-0.6106013865237541
770,0.0,44.45,41.94,6.78,25.54,72.54,173.01,sugarcane,126,weather update day 126,soil_moisture,unknown,0.0,-5.29,44.45,41.94,6.78,25.54,72.54,173.01,success,R2,sugarcane,3.1,2,2,1,2,13,13,-2.965753120126588,-0.3657429875290423,-0.3402580193605518,0.2042838168511421,-0.08870078434651979,0.5277333279895573,0.2488449279898752,-3.013789069408891,-0.36772066889021443,-0.3402580193605518,0.10585353313766505,-0.08698179426161277,0.4926023356572987,0.09283030715877366,1.163081143353368,-1.453238897477863
771,91.71,46.51,60.46,6.62,27.83,76.67,81.58,jute,149,weather update day 149,rainfall,decrease,0.28,91.71,46.51,60.46,6.62,27.83,76.67,81.36,partial,R4,jute,1.9,1,0,3,1,7,7,1.0419791186246083,-0.2312267042041206,0.6967427900474409,0.026245986684772443,0.3656604485420861,0.807635416302409,-0.9923282032400428,0.9922428562283004,-0.23412584047358365,0.6967427900474409,-0.031978059186313135,0.31445362976951674,0.7485414768619181,-0.673872519484654,1.6968594036948623,0.021376746691827677
772,57.27,36.08,50.56,6.96,29.71,79.98,232.33,wheat,145,weather update day 145,temperature,increase,0.44,57.27,36.08,50.56,6.96,29.84,79.98,232.33,failure,R4,wheat,1.9,3,1,3,0,15,15,-0.4630508486918368,-0.9122970124948665,0.1424065042407927,0.4045763757883075,0.7386731637519466,1.0319637243691258,1.0541209877575528,-0.43010497386391444,-0.9105307241558468,0.1424065042407927,0.2609140745021401,0.6668052464955304,0.953664614243829,0.5890748426360038,1.6040284018963415,0.8640142576459364
773,61.06,74.17,59.32,5.42,28.75,54.66,158.14,mungbean,110,weather update day 110,unknown,decrease,0.0,61.06,74.17,59.32,5.42,28.75,54.66,158.14,partial,R1,mungbean,-2.2,4,0,0,1,11,11,-0.297427632195631,1.5749482456829391,0.632910126833342,-1.309037739562999,0.5481985857724435,-0.6840461729871489,0.04698290828749209,-0.27358063367664687,1.5596765643827348,0.632910126833342,-1.0657150016161487,0.47572899662918483,-0.6154344306232346,-0.031565448784355354,0.7917571361592851,-1.453238897477863
774,79.48,39.19,75.34,7.03,16.7,77.96,115.72,watermelon,100,weather update day 100,rainfall,decrease,0.26,79.48,39.19,75.34,7.03,16.7,77.96,85.63,unknown,R6,watermelon,1.2,1,0,5,3,14,14,0.5075274200102031,-0.7092166041742318,1.5299270256841002,0.4824679264860945,-1.8426541899077764,0.8950624608359626,-0.528873640184269,0.48715243921239515,-0.7088414443618067,1.5299270256841002,0.3212153961438808,-1.6366277106088556,0.8284837267781305,-0.6381516131042129,0.5596796316629833,-0.08395294217743601
775,65.19,36.92,19.46,7.0,28.6,55.79,172.73,wheat,118,weather update day 118,humidity,decrease,0.54,65.19,36.92,19.46,7.0,28.6,55.49,172.73,success,R6,wheat,-0.5,0,0,5,2,15,15,-0.1169463962776022,-0.857445712498296,-1.5989933430912033,0.44908583332989993,0.5184369329631464,-0.6074627928918648,0.24504389466662924,-0.10301453210054809,-0.8560551630539194,-1.5989933430912033,0.2953719725831347,0.44943409985858707,-0.5639987194368336,0.09048795264202342,0.9774191397563265,1.3906627019922546
776,53.61,67.38,70.03,7.26,28.62,66.39,120.18,mango,47,weather update day 47,humidity,increase,0.0,53.61,67.38,70.03,7.26,28.62,66.39,120.18,unknown,R4,mango,-2.9,0,1,3,3,10,10,-0.6229930577620516,1.1315669040439968,1.2326011996605342,0.7383973073502501,0.5224051533377193,0.11092997614354239,-0.46832860939256554,-0.5812604052848643,1.1193324454754894,1.2326011996605342,0.5193483101095988,0.45294008609466674,0.11148230698698094,-0.3491217968409238,-0.6703311421674164,-1.453238897477863
777,96.91,40.27,81.5,6.72,32.36,66.73,103.16,cotton,68,weather update day 68,temperature,decrease,0.33,96.91,40.27,81.5,6.72,21.68,66.73,103.16,unknown,UNKNOWN,cotton,-4.0,3,0,6,3,5,5,1.2692194156642576,-0.6386935041786412,1.8748473812971256,0.137519630538753,1.264462363382866,0.133972763074867,-0.699377134969873,1.206999206881016,-0.6388014372307571,1.8748473812971256,0.054166686016172846,-0.7636371378250015,0.13255235735249463,-0.4915034892519566,-0.1829683827251826,0.28470096886498664
778,85.58,33.34,61.68,7.72,27.31,55.85,158.7,sugarcane,58,weather update day 58,soil_moisture,decrease,0.0,85.58,33.34,61.68,7.72,27.31,55.85,158.7,success,R1,sugarcane,-2.0,2,0,0,2,13,13,0.7740977684605606,-1.091216729150345,0.7650549383993712,1.2502560690785625,0.26248671880318875,-0.6033964187275133,0.054584974933984017,0.739078158247311,-1.0882248163216568,0.7650549383993712,0.9156141380410358,0.2232979876314437,-0.541689254343937,-0.026880739750854848,-0.41504588722148444,-1.453238897477863
779,66.11,50.51,39.48,6.35,32.71,60.27,158.12,rice,126,weather update day 126,soil_moisture,decrease,0.57,66.11,50.51,39.48,6.35,32.71,66.39,158.12,failure,R2,rice,-4.3,2,0,1,0,12,12,-0.07674234372443342,0.029969962446213406,-0.4780021873488705,-0.2741928517209766,1.3339062199378935,-0.30384018862029627,0.046711405907260486,-0.06501917775429837,0.025281593345117488,-0.4780021873488705,-0.2645688712330265,1.1699142713729724,0.11148230698698094,-0.03173275982126593,1.163081143353368,1.5486572352961496
780,73.59,57.25,56.21,6.97,23.94,29.98,114.7,lentil,89,weather update day 89,temperature,decrease,0.25,73.59,57.25,56.21,6.97,23.88,29.98,114.7,failure,R6,lentil,-2.7,3,0,5,0,8,8,0.25013408355567746,0.4700863457520263,0.4587701421001424,0.41570374017370537,-0.40615841431235766,-2.3566814125903415,-0.5427202615760934,0.24389957279999244,0.462383119329629,0.4587701421001424,0.26952854902238854,-0.3779786518562308,-2.1448722042140362,-0.39496502095446434,0.3043943767170513,-0.13661778661206786
781,102.11,18.79,69.7,5.75,19.14,82.7,193.91,lentil,74,weather update day 74,rainfall,increase,0.35,102.11,18.79,69.7,5.75,19.14,82.7,194.59,failure,R1,lentil,3.7,1,1,0,0,8,8,1.4964597127039068,-2.041319604090935,1.2141233234669795,-0.9418347148448619,-1.3585313042098728,1.2163060198197209,0.5325649153321622,1.4217555575337315,-2.0318193568371825,1.2141233234669795,-0.7814373424479439,-1.2088973898071278,1.1222250171679367,0.2733589159854532,-0.043721880027401495,0.39003065773425005
782,67.57,55.29,74.3,6.5,28.13,51.02,80.71,mango,59,weather update day 59,temperature,unknown,0.54,67.57,55.29,74.3,6.5,28.13,51.02,80.71,success,R1,mango,-3.8,3,2,0,2,10,10,-0.0129402603248399,0.3420999790933626,1.4716937188922905,-0.10728238594000482,0.42518375416068094,-0.9307395389577977,-1.0041385567801284,-0.004722202378728525,0.3352734767584654,1.4716937188922905,-0.13535175342929678,0.3670434233107129,-0.8410079110069667,-0.6793101281842528,-0.39183813677185425,1.3906627019922546
783,14.73,74.29,25.93,6.27,24.11,83.48,236.09,coffee,21,weather update day 21,humidity,decrease,0.54,14.73,74.29,25.93,6.27,24.11,83.03,236.09,success,R3,coffee,-3.9,0,0,2,2,4,4,-2.322051278704659,1.5827841456824494,-1.2367149825690809,-0.36321176680416145,-0.3724285411284877,1.2691688839562885,1.1051634352411412,-2.1869771193959364,1.5674587873972963,-1.2367149825690809,-0.3334846673950156,-0.3376598101413138,1.1426753601697586,0.6205293175752213,-1.2737326538578013,1.3906627019922546
784,68.382,55.39,90.28,5.93,23.92,53.936,173.75,maize,43,weather update day 43,rainfall,unknown,0.53,60.42,55.39,90.28,5.93,23.92,64.05,173.75,success,R3,maize,0.8,1,2,2,2,9,9,0.02254418605904429,0.34862989575962106,2.366470875174133,-0.7415421559076966,-0.41012663468693056,-0.7331137545703218,0.2588905160584539,-0.30001218452621187,0.341758662603933,2.366470875174133,-0.6263768010834688,-0.37096667938407085,-0.033529216116847366,0.09902081552447081,-0.7631621439659372,1.3379978575576228
785,66.01,61.17,48.33,8.55,24.95,70.28,105.05,wheat,137,weather update day 137,soil_moisture,decrease,0.27,66.01,61.17,48.33,8.55,24.95,70.28,105.05,failure,R5,wheat,2.6,2,0,4,0,15,15,-0.08111234943673412,0.7260590790693537,0.017540856023739403,2.1738273130666053,-0.20576328539642263,0.374566567798989,-0.6737201600379628,-0.06914910757454266,0.7166024044719562,0.017540856023739403,1.6306155232216728,-0.19040838822596493,0.3525484714630029,-0.47569259626389243,1.4183663982993,-0.03128809774280417
786,52.38,55.82,58.24,6.71,31.7,96.02,156.72,rice,87,weather update day 87,humidity,decrease,0.55,52.38,55.82,58.24,6.71,31.7,95.5,156.72,failure,UNKNOWN,rice,1.2,0,0,6,0,12,12,-0.676744128023353,0.3767085374245319,0.5724370774726169,0.12639226615335514,1.1335110910219577,2.1190410843057226,0.027706239291030665,-0.6320585420738718,0.3696449617394434,0.5724370774726169,0.0455522114959244,0.9928619664509456,1.91545044269315,-0.043444532405017194,0.2579788758177909,1.4433275464268864
787,88.79,26.93,33.11,7.82,24.88,79.98,122.79,mungbean,62,weather update day 62,rainfall,increase,0.53,88.79,26.93,33.11,7.82,24.88,79.98,187.87,failure,R1,mungbean,-1.6,1,1,0,0,11,11,0.9143749518254213,-1.5097843874575054,-0.8346811914487037,1.361529712932544,-0.21965205670742813,1.0319637243691258,-0.4328975487723086,0.8716489054771607,-1.5039252290161256,-0.8346811914487037,1.0017588832435225,-0.20267934005224406,0.953664614243829,0.21714240758344738,-0.32221488542296367,1.3379978575576228
788,60.51,43.5,27.01,8.42,31.55,74.06,71.8,jute,89,weather update day 89,soil_moisture,unknown,0.0,60.51,43.5,27.01,8.42,31.55,74.06,71.8,failure,R5,jute,-1.4,2,2,4,0,7,7,-0.3214626636132864,-0.4277771958584968,-1.1762419332083556,2.0291715760564295,1.1037494382126607,0.6307481401531247,-1.1250928671734193,-0.296295247687992,-0.4293299344221561,-1.1762419332083556,1.5186273544584399,0.9665670696803479,0.5867978549384176,-0.7538471951279838,0.3043943767170513,-1.453238897477863
789,63.04,52.98,22.18,6.96,18.38,53.02,230.48,banana,39,weather update day 39,soil_moisture,decrease,0.44,63.04,52.98,22.18,6.96,18.38,53.02,230.48,unknown,R2,banana,-2.7,2,0,1,3,0,0,-0.21090151909207244,0.19125890410279456,-1.4466908484049326,0.4045763757883075,-1.5093236784436461,-0.795193733479419,1.0290070175861061,-0.19180802323580537,0.18546568372816535,-1.4466908484049326,0.2609140745021401,-1.342124866778158,-0.7170664382686521,0.573598571721761,-0.855993145764458,0.8640142576459364
790,83.57,43.79,27.19,6.75,25.88,69.83,82.02,chickpea,41,weather update day 41,temperature,increase,0.39,83.57,43.79,27.19,6.75,25.98,69.83,82.02,partial,R4,chickpea,1.0,3,1,3,1,2,2,0.6862606536433113,-0.40884043752634763,-1.1661630916482346,0.17090172369494755,-0.021241037978779184,0.3440687615663536,-0.9863551508749421,0.6560665688603958,-0.41052289547030035,-1.1661630916482346,0.08001010957691895,-0.009850097067858386,0.3246616400968819,-0.6683512552665999,-0.8095776448651976,0.6006900354727774
791,87.66,57.75,56.24,7.21,26.08,74.3,122.13,mungbean,68,weather update day 68,rainfall,decrease,0.54,87.66,57.75,56.24,7.21,26.08,74.3,121.47,failure,R4,mungbean,2.6,1,0,3,0,11,11,0.8649938872764201,0.5027359290833181,0.4604499490268293,0.6827604854232598,0.01844116576695046,0.6470136368105299,-0.44185712731995996,0.8249806985083972,0.49480904855696667,0.4604499490268293,0.47627593750835584,0.007679834112539917,0.6016708316670151,-0.3383302349601817,-0.1829683827251826,1.3906627019922546
792,56.38,51.36,54.19,6.35,32.77,46.68,254.04,watermelon,118,weather update day 118,soil_moisture,unknown,0.58,56.38,51.36,54.19,6.35,32.77,46.68,254.04,partial,R2,watermelon,2.0,2,2,1,1,14,14,-0.5019438995313152,0.08547425410940947,0.3456631423698968,-0.2741928517209766,1.3458108810616127,-1.2248739368458796,1.3488368214992295,-0.46686134926409073,0.08040567303159157,0.3456631423698968,-0.2645688712330265,1.1804322300812122,-1.1099609068491096,0.7706909732026029,0.9774191397563265,1.6013220797307814
793,94.19,28.41,51.25,6.62,22.9,69.7,242.38,coconut,128,weather update day 128,temperature,increase,0.0,94.19,28.41,51.25,6.62,22.9,69.7,242.38,unknown,R6,coconut,-2.1,3,1,5,3,3,3,1.1503552602896718,-1.4131416207968817,0.1810420635545893,0.026245986684772443,-0.6125058737901531,0.33525828421025927,1.190550933824059,1.0946651157703648,-1.407944478503206,0.1810420635545893,-0.031978059186313135,-0.5497719774241379,0.31660544436889176,0.6731486386836464,1.2094966442526285,-1.453238897477863
794,104.38,58.06,45.68,7.47,26.75,89.0,109.67,cotton,84,weather update day 84,humidity,unknown,0.0,104.38,58.06,45.68,7.47,26.75,89.0,109.67,failure,R6,cotton,-3.4,0,2,5,0,5,5,1.5956588423731382,0.5229786707487191,-0.130842089166929,0.9720719594436101,0.15137654831514558,1.6432753070766135,-0.6110031102044046,1.515504964453282,0.5149131246779162,-0.130842089166929,0.70025227503482,0.12513037302121133,1.5126406562936277,-0.43704374673751334,0.18835562446890033,-1.453238897477863
795,52.34,39.51,40.47,6.41,18.28,81.75,80.67,coffee,90,weather update day 90,soil_moisture,decrease,0.38,46.37,39.51,40.47,6.41,18.28,81.75,80.67,unknown,R6,coffee,4.7,2,0,5,3,4,4,-0.6784921303082734,-0.6883208708422051,-0.42256855876820554,-0.2074286654085875,-1.5291647803165107,1.1519217622174907,-1.0046815615405922,-0.8802673242705682,-0.6880888496563106,-0.42256855876820554,-0.2128820241115343,-1.3596547979585563,1.063352817617237,-0.6796447502580742,0.32760212716668147,0.5480251910381456
796,45.78,60.96,48.26,5.74,23.96,75.29,156.35,watermelon,139,weather update day 139,temperature,decrease,0.55,45.78,60.96,48.26,5.74,10.78,75.29,156.35,success,R3,watermelon,-2.2,3,0,2,2,14,14,-0.9651645050352154,0.7123462540702111,0.013621306528136826,-0.9529620792302598,-0.40219019393778477,0.714108810522328,0.022683445256741312,-0.9046339102100107,0.7029835141964744,0.013621306528136826,-0.7900518169681924,-2.6743996364884572,0.6630218606724814,-0.04653978658786577,1.4647818991985604,1.4433275464268864
797,46.46,73.44,64.0,7.88,28.7,58.55,229.4,mango,17,weather update day 17,humidity,increase,0.54,46.46,73.44,64.0,7.88,28.7,90.17,229.4,failure,R2,mango,-0.1,0,1,1,0,10,10,-0.9354484661915691,1.527279854019253,0.8949600073964847,1.428293899244932,0.5382780348360109,-0.4204095813317023,1.0143458890535864,-0.8765503874323479,1.5123347077108218,0.8949600073964847,1.053445730365014,0.46696403103898537,1.5851464178455417,0.5645637757285816,-1.3665636556563219,1.3906627019922546
798,86.6,32.65,20.12,6.7,32.29,69.32,154.73,lentil,71,weather update day 71,temperature,increase,0.45,86.6,32.65,20.12,6.7,32.43,69.32,154.73,success,R6,lentil,-0.8,3,1,5,2,8,8,0.81867182672603,-1.1362731541475277,-1.5620375907040935,0.11526490176795728,1.2505735920718606,0.3095045811693667,0.0006917524579611204,0.7812034424138051,-1.132972598655383,-1.5620375907040935,0.036937736975675955,1.1208304640678561,0.2930565645486114,-0.06009198057763507,-0.11334513137629204,0.9166791020805682
799,41.15,51.73,25.7,5.54,22.47,70.45,109.49,coconut,80,weather update day 80,humidity,unknown,0.0,41.15,51.73,25.7,5.54,22.47,70.45,109.49,unknown,R1,coconut,-3.7,0,2,0,3,3,3,-1.1674957695147494,0.1096349457745652,-1.2495935023403464,-1.175509366938222,-0.697822611843472,0.3860879612646513,-0.6134466316264914,-1.0958496608873325,0.10440086065982127,-1.2495935023403464,-0.9623413073731651,-0.6251506814998522,0.36308349664575973,-0.43854954606971003,0.0955246226703796,-1.453238897477863
800,19.39,45.71,67.82,8.07,19.85,72.45,122.08,coffee,145,weather update day 145,humidity,increase,0.0,19.39,45.71,67.82,8.07,19.85,72.45,122.08,failure,R4,coffee,-0.3,0,1,3,0,4,4,-2.1184090125114348,-0.2834660375341872,1.1088554227279386,1.6397138225674963,-1.2176594809125318,0.52163376674303,-0.44253588327053955,-1.9945223897725415,-0.2860073272373237,1.1088554227279386,1.2171207462497382,-1.084434878426297,0.48702496938407436,-0.3332272483344044,1.6040284018963415,-1.453238897477863
801,64.59,29.15,72.34,8.18,25.79,97.39,155.48,cotton,81,weather update day 81,rainfall,decrease,0.0,64.59,29.15,72.34,8.18,25.79,97.39,155.48,partial,UNKNOWN,cotton,-1.1,1,0,6,1,5,5,-0.14316643055140763,-1.36482023746657,1.361946333015419,1.7621148308068748,-0.03909802966435756,2.211889961058412,0.010873091716655625,-0.12779411102201502,-1.3599541032467466,1.361946333015419,1.3118799659724727,-0.04315696631061609,2.0325751344308576,-0.05381781669348263,0.1187323731200098,-1.453238897477863
802,78.22,57.91,49.82,4.52,17.74,61.42,119.91,blackgram,9,weather update day 9,humidity,unknown,0.38,78.22,57.91,49.82,4.52,17.74,61.42,119.91,failure,R1,blackgram,0.0,0,2,0,0,1,1,0.452465348035211,0.5131837957493312,0.10097126671585123,-2.310500534248828,-1.6363067304299816,-0.22590135047022858,-0.4719938915256957,0.43511532347731385,0.5051853459097145,0.10097126671585123,-1.8410177084385255,-1.4543164263327095,-0.1965122527677308,-0.3513804958392188,-1.5522256592533634,0.5480251910381456
803,108.24,67.46,72.29,6.52,27.6,58.016,243.62,watermelon,125,weather update day 125,soil_moisture,increase,0.43,108.38,67.46,72.29,6.52,27.6,80.03,243.62,partial,R5,watermelon,-5.9,2,1,4,1,14,14,1.7643410628679546,1.1367908373770035,1.3591466548042745,-0.0850276571692091,0.32002591423449744,-0.45660031139442936,1.207384081398434,1.6807021572630632,1.1245205941518632,1.3591466548042745,-0.11812280438879988,0.27413478805460034,0.9567631510622866,0.6835219229721119,1.139873392903738,0.8113494132113045
804,77.79,56.55,43.07,7.88,30.94,48.14,139.68,coconut,54,weather update day 54,soil_moisture,decrease,0.59,77.65,56.55,43.07,7.88,30.94,41.03,139.68,success,R1,coconut,-2.8,2,0,0,2,3,3,0.43367432347231727,0.42437692908821767,-0.2769852917886817,1.428293899244932,0.9827187167881849,-1.1259254988466632,-0.2036137886665084,0.41157472350192037,0.41698681841135615,-0.2769852917886817,1.053445730365014,0.859634489479916,-1.4600955673348484,-0.1859935358529605,-0.5078768890200052,1.6539869241654133
805,97.4,25.51,52.24,6.07,26.62,75.65,163.25,jute,73,weather update day 73,soil_moisture,increase,0.36,107.92,25.51,52.24,6.07,26.62,75.65,163.25,failure,R1,jute,-3.0,2,1,0,0,7,7,1.2906324436545327,-1.6025092041183737,0.23647569213525424,-0.5857590545121226,0.12558311588042143,0.7385070555084361,0.11635176643673084,1.6617044800899385,-1.5960148680217643,0.23647569213525424,-0.5057741577999876,0.10234146248669324,0.6853313257653779,0.011182521146336697,-0.06692963047703168,0.44269550216888187
806,72.09,41.99,33.57,6.58,22.54,84.35,112.75,lentil,115,weather update day 115,temperature,increase,0.47,72.09,41.99,33.57,6.58,22.65,84.35,112.75,unknown,R4,lentil,4.5,3,1,3,3,8,8,0.18458399787116328,-0.5263789375189978,-0.8089241519061724,-0.018263470856819976,-0.6839338405324666,1.3281313093393827,-0.5691917436486992,0.18195062549632454,-0.5272562406887157,-0.8089241519061724,-0.06643595726730768,-0.5935968053751346,1.2244767321770458,-0.4112778470532607,0.9077958884074361,1.0220087909498317
807,85.35,76.66,26.24,6.07,23.42,68.98,178.4,groundnut,121,weather update day 121,temperature,decrease,0.47,85.35,76.66,26.24,6.07,12.41,68.98,178.4,success,R5,groundnut,-3.6,3,0,4,2,6,6,0.7640467553222682,1.7375431706727718,-1.2193569776599837,-0.5857590545121226,-0.509332144051255,0.286461794238043,0.32201481946235994,0.7295793196607485,1.721157691934876,-1.2193569776599837,-0.5057741577999876,-2.3886617582479586,0.2719865141830986,0.13792063160621595,1.0470423911052171,1.0220087909498317
808,51.32,34.63,51.93,6.28,27.65,46.86,98.66,banana,138,weather update day 138,rainfall,increase,0.55,51.32,34.63,51.93,6.28,27.65,46.86,152.92,success,R4,banana,-3.7,1,1,3,2,0,0,-0.7230661885737432,-1.0069808041556123,0.21911768722615704,-0.3520844024187626,0.32994646517092935,-1.2126748143528256,-0.76046517052204,-0.675835798168464,-1.0045659189151257,0.21911768722615704,-0.3248701928747664,0.2828997536447992,-1.0988061743026614,-0.07523362941805631,1.4415741487489302,1.4433275464268864
809,102.8,46.67,80.13,9.5,30.97,65.25,41.62,groundnut,71,weather update day 71,rainfall,unknown,0.2,102.8,46.67,80.13,13.75,30.97,65.25,41.62,partial,R2,groundnut,-1.9,1,2,1,1,6,6,1.5266127521187833,-0.22077883753810698,1.798136198311761,3.2309269296794234,0.9886710473500439,0.033668867020866494,-1.534789958943286,1.4502520732934185,-0.22374954312083536,1.798136198311761,6.110142273750959,0.8648934688340353,0.04083566752614158,-1.0063195498262778,-0.11334513137629204,-0.39994200878522684
810,20.68,63.38,40.32,6.94,22.75,45.1,170.38,cotton,75,weather update day 75,humidity,decrease,0.28,20.68,63.38,40.32,6.94,22.75,32.47,170.38,unknown,R1,cotton,-4.5,0,0,0,3,5,5,-2.0620359388227527,0.8703702373936633,-0.43096759340163954,0.3823216470175118,-0.6422675265994502,-1.3319551231737987,0.21314236498938655,-1.9412462950913871,0.8599250116567887,-0.43096759340163954,0.24368512546164323,-0.5760668741947357,-1.990565070654835,0.07082890580501248,-0.020514129577771312,0.021376746691827677
811,73.82,50.64,25.02,7.26,17.46,71.92,186.93,mango,88,weather update day 88,soil_moisture,increase,0.2,73.82,50.64,25.02,7.26,17.46,71.92,186.93,unknown,R1,mango,-0.7,2,1,0,3,10,10,0.26018509669396916,0.03845885411234943,-1.2876691260119142,0.7383973073502501,-1.6918618156740028,0.48571412829125954,0.43781058463124545,0.25339841138655445,0.03371233494422544,-1.2876691260119142,0.5193483101095988,-1.5034002336378254,0.4541804791084209,0.209278788848643,0.2811866262674211,-0.39994200878522684
812,56.14,49.18,40.13,5.2,22.14,78.34,245.3,banana,138,weather update day 138,rainfall,decrease,0.16,56.14,49.18,40.13,5.2,22.14,78.34,206.05,partial,UNKNOWN,banana,2.7,1,0,6,1,0,0,-0.5124319132408376,-0.056877929215022535,-0.4416063706039892,-1.553839756041757,-0.7632982480239259,0.9208161638768553,1.2301902813379098,-0.47677318083267767,-0.060971378399600526,-0.4416063706039892,-1.2552334410616184,-0.6829994543951675,0.852032606598411,0.36922814013530253,1.4415741487489302,-0.6106013865237541
813,80.47,51.96,52.44,6.67,16.11,72.16,117.74,lentil,27,weather update day 27,temperature,increase,0.26,80.47,51.96,52.44,6.67,16.15,72.16,117.74,failure,R5,lentil,5.4,3,1,4,0,8,8,0.5507904765619823,0.12465375410695965,0.24767440497983276,0.08188280861176273,-1.9597166909576793,0.5019796249486647,-0.5014518997808518,0.5280387444328157,0.11931678810439683,0.24767440497983276,0.011094313414929856,-1.7330423321010484,0.46905345583701835,-0.3695337433440332,-1.1344861511600202,-0.08395294217743601
814,100.33,45.17,31.98,5.61,18.9,73.12,41.74,coconut,108,weather update day 108,rainfall,unknown,0.44,100.33,45.17,31.98,5.61,18.9,73.12,41.74,success,R3,coconut,4.0,1,2,2,2,3,3,1.41867361102495,-0.3187275875319822,-0.8979539190205735,-1.0976178162404349,-1.4061499487047489,0.5670416115782869,-1.5331609446618948,1.348242806733379,-0.3210273308028483,-0.8979539190205735,-0.9020399857314244,-1.250969224640085,0.5285453627514098,-1.0053156836048134,0.7453416352600247,0.8640142576459364
815,75.37,45.56,51.27,7.01,21.22,58.52,96.06,sugarcane,120,weather update day 120,soil_moisture,decrease,0.57,75.24,45.56,51.27,7.01,21.22,58.52,96.06,success,UNKNOWN,sugarcane,-2.6,2,0,6,2,13,13,0.32792018523463434,-0.2932609125335746,0.18216193483904733,0.4602131977152978,-0.9458363852542833,-0.4224427684138776,-0.7957604799521809,0.3120434148340268,-0.2957351060055249,0.18216193483904733,0.30398644710338313,-0.8442748212548356,-0.3762273882382869,-0.5508989073552663,1.023834640655587,1.5486572352961496
816,104.41,44.68,44.2,5.84,23.51,53.56,220.59,wheat,138,weather update day 138,humidity,increase,0.45,104.41,44.68,44.2,5.84,23.51,53.8,220.59,failure,R1,wheat,-4.0,0,1,0,0,15,15,1.5969698440868285,-0.3507241791966483,-0.2137125642168116,-0.8416884353762792,-0.4914751523656767,-0.7585963660002568,0.8947490905614548,1.5167439433993555,-0.3528047414456393,-0.2137125642168116,-0.7039070717657064,-0.44283939722370547,-0.6687292639007097,0.49086326396940433,1.4415741487489302,0.9166791020805682
817,90.49,45.71,52.6,5.13,23.92,77.84,69.65,cotton,63,weather update day 63,rainfall,decrease,0.59,90.49,45.71,52.6,5.13,23.92,77.84,28.56,success,R3,cotton,1.3,1,0,2,2,5,5,0.9886650489345368,-0.2834660375341872,0.25663337525549595,-1.631731306739544,-0.41012663468693056,0.8869297125072606,-1.1542793730483434,0.9418577124213172,-0.2860073272373237,0.25663337525549595,-1.315534762703359,-0.37096667938407085,0.8210472384138323,-1.1155736569289856,-0.29900713497333353,1.6539869241654133
818,48.14,41.96,44.43,6.55,27.96,37.91,173.71,groundnut,110,weather update day 110,soil_moisture,increase,0.24,51.61,41.96,44.43,6.55,27.96,37.91,173.71,partial,R1,groundnut,-5.2,2,1,0,1,6,6,-0.8620323702249132,-0.5283379125188753,-0.2008340444455462,-0.05164556401301454,0.391453880976811,-1.8192422938685704,0.25834751129799033,-0.6638590016897549,-0.529201796442356,-0.2008340444455462,-0.09227938082805379,0.33724254030403544,-1.6534442648066194,0.09868619345064941,0.7917571361592851,-0.1892826310466997
819,89.92,53.82,14.77,7.24,26.92,85.86,157.44,coffee,78,weather update day 78,humidity,increase,0.22,89.92,53.82,14.77,7.24,26.92,104.75,157.44,failure,R2,coffee,-2.4,0,1,1,0,4,4,0.9637560163744218,0.24611020409936493,-1.8616031592965752,0.7161425785794544,0.18510642149901624,1.4304683924755588,0.03748032497937737,0.9183171124459237,0.23994124483009283,-1.8616031592965752,0.5021193610691019,0.15493125602788937,2.488679754107855,-0.03742133507623086,0.04910912177111924,-0.29461231991596326
820,75.69,53.27,38.82,4.84,24.94,64.44,127.97,sugarcane,87,weather update day 87,temperature,increase,0.15,75.69,53.27,38.82,4.84,24.97,64.44,127.97,failure,R6,sugarcane,-5.5,3,1,5,0,13,13,0.34190420351399703,0.2101956624349442,-0.5149579397359801,-1.9544248739160888,-0.20774739558370875,-0.021227184197877034,-0.3625784322922587,0.3306280990251273,0.2042727226800216,-0.5149579397359801,-1.5653545237905693,-0.18690240198988528,-0.009360628932875979,-0.28395414796419394,0.2579788758177909,-0.6632662309583859
821,69.05,26.27,31.07,6.05,15.82,65.71,135.06,coffee,39,weather update day 39,soil_moisture,increase,0.56,69.05,26.27,31.07,6.05,15.82,65.71,135.06,success,UNKNOWN,coffee,-5.0,2,1,6,2,4,4,0.05173582421721426,-1.5528818374548106,-0.9489080624634069,-0.6080137832829193,-2.017255886388987,0.06484440228089317,-0.2663308385000666,0.05640075896089065,-1.5467274555962112,-0.9489080624634069,-0.5230031068404852,-1.7908911049963638,0.06934220625595355,-0.22464238537933953,-0.855993145764458,1.4959923908615183
822,45.97,65.02,6.62,5.6,29.16,57.46,125.62,jute,66,weather update day 66,temperature,increase,0.0,45.97,65.02,6.62,5.6,29.16,57.46,125.62,success,R1,jute,0.3,3,1,0,2,7,7,-0.9568614941818439,0.9774608707202999,-2.3179507077131594,-1.1087451806258337,0.6295471034511896,-0.4942820453174185,-0.3944799619695014,-0.8967870435515461,0.9662820595224557,-2.3179507077131594,-0.9106544602516736,0.5476017144688194,-0.4419163687895938,-0.30361319480120486,-0.22938388362444295,-1.453238897477863
823,74.28,28.64,51.04,7.61,33.1,95.46,209.35,mango,57,weather update day 57,unknown,decrease,0.17,74.28,28.64,51.04,7.61,33.1,95.46,209.35,failure,R3,mango,1.4,4,0,2,0,10,10,0.28028712297055386,-1.3981228124644876,0.16928341506778155,1.127855060839184,1.4112865172420666,2.0810882587717763,0.742164752871153,0.27239608855967956,-1.3930285510586307,0.16928341506778155,0.8208549183183013,1.2382810029765274,1.9129716132383834,0.3968344612255731,-0.43825363767111464,-0.5579365420891222
824,75.67,46.19,18.57,5.26,24.01,48.13,129.97,watermelon,129,weather update day 129,unknown,decrease,0.11,75.67,46.19,18.57,5.26,24.01,48.13,129.97,success,R1,watermelon,2.7,4,0,0,2,14,14,0.34103020237153703,-0.2521224375361473,-1.6488276152495789,-1.4870755697293687,-0.3922696430013522,-1.126603227874055,-0.33542819426907333,0.32980211306107854,-0.25487843517907977,-1.6488276152495789,-1.2035465939401269,-0.3551897413217121,-1.0201033391138314,-0.26722304427312077,1.2327043947022587,-0.8739256086969132
825,61.7,12.05,47.34,6.34,21.51,54.9,148.4,groundnut,104,weather update day 104,rainfall,increase,0.4,61.7,12.05,47.34,6.34,21.51,54.9,207.76,partial,R2,groundnut,-3.0,1,1,1,1,6,6,-0.26945959563690497,-2.4814359873967478,-0.037892772556925136,-0.2853202161063745,-0.8882971898229746,-0.6677806763297434,-0.08523875088542028,-0.24714908282708187,-2.4689208828216938,-0.037892772556925136,-0.27318334575327496,-0.7934380208316789,-0.6005614538946367,0.3835332337911699,0.6525106334615041,0.6533548799074093
826,84.44,46.988,89.49,8.45,26.11,53.04,166.43,sugarcane,129,weather update day 129,rainfall,decrease,0.44,84.44,35.98,89.49,8.45,26.11,53.04,165.7,partial,R1,sugarcane,-2.4,1,0,0,1,13,13,0.7242797033403298,-0.20001370253940556,2.3222359594380464,2.062553669212623,0.024393496328810157,-0.7938382754246355,0.15952064489359563,0.6919969582965234,-0.9170159100013144,2.3222359594380464,1.5444707780191853,0.012938813466659718,-0.7158270235412691,0.03167812316790123,1.2327043947022587,0.8640142576459364
827,70.31,35.2,37.74,6.53,25.89,84.62,70.94,jute,80,weather update day 80,soil_moisture,unknown,0.14,70.31,35.2,37.74,6.53,25.89,84.62,70.94,unknown,R6,jute,-3.3,2,2,5,3,7,7,0.10679789619220639,-0.9697602791579396,-0.5754309890967053,-0.07390029278381026,-0.019256927791492386,1.3464299930789645,-1.136767469523389,0.1084378746959719,-0.9676003595959608,-0.5754309890967053,-0.10950832986855068,-0.025627035130217166,1.2412088309967189,-0.7610415697151452,0.0955246226703796,-0.7159310753930176
828,80.94,47.76,38.95,5.5,25.28,68.42,89.56,watermelon,142,weather update day 142,rainfall,increase,0.12,80.94,47.76,38.95,5.5,25.28,68.42,89.66,success,R1,watermelon,-0.6,1,1,0,2,14,14,0.5713295034097967,-0.1496027458758912,-0.5076787763870039,-1.2200188244798142,-0.14028764921596812,0.24850896870409683,-0.8839987535275332,0.5474494145879649,-0.15306101740523953,-0.5076787763870039,-0.9967992054541597,-0.132559615330649,0.23728290181637035,-0.6044384391667004,1.534405150547451,-0.8212607642622813
829,97.02,63.29,46.87,6.69,24.53,85.35,137.98,watermelon,63,weather update day 63,soil_moisture,increase,0.59,97.02,63.29,46.87,6.69,24.53,85.35,137.98,success,R1,watermelon,0.7,2,1,0,2,14,14,1.2740264219477886,0.8644933123940306,-0.06420974774168554,0.10413753738255942,-0.2890959132624548,1.395904212078572,-0.22669149098621616,1.211542129683285,0.8540883443958677,-0.06420974774168554,0.028323262455427514,-0.26403409918363907,1.286447468546203,-0.20021497399037283,-0.29900713497333353,1.6539869241654133
830,74.53,71.4,81.78,5.52,18.11,59.76,196.99,lentil,25,weather update day 25,soil_moisture,increase,0.08,74.53,71.4,81.78,5.52,18.11,59.76,196.99,unknown,UNKNOWN,lentil,1.1,2,1,6,3,8,8,0.29121213725130624,1.3940695540275831,1.890525579279536,-1.1977640957090185,-1.5628946535003814,-0.33840436901728316,0.5743762818878677,0.2827209131102909,1.3800369164632846,1.890525579279536,-0.9795702564136628,-1.3894556809652343,-0.29938367514053216,0.29343624041474103,-1.1809016520592805,-1.0319201420008084
831,69.55,62.94,23.0,6.32,25.22,78.772,70.47,chickpea,124,weather update day 124,soil_moisture,decrease,0.33,69.55,62.94,23.0,6.32,25.22,64.02,70.47,success,R6,chickpea,2.1,2,0,5,2,2,2,0.07358585277871899,0.8416386040621262,-1.4007761257421596,-0.3075749448771702,-0.15219231033968753,0.9500940578601852,-1.1431477754588375,0.07705040806211327,0.8313901939367312,-1.4007761257421596,-0.29041229479377184,-0.1430775740388886,-0.03538833820792215,-0.7649733790825474,1.1166656424541077,0.28470096886498664
832,69.0,72.08,51.2,5.86,22.44,73.93,227.92,groundnut,3,weather update day 3,rainfall,unknown,0.49,69.0,72.08,51.2,5.86,22.44,73.93,227.92,success,R5,groundnut,0.8,1,2,4,2,6,6,0.04955082136106392,1.4384729873581394,0.17824238534344478,-0.8194337066054825,-0.7037749424053311,0.6219376627970304,0.9942547129164289,0.0543357940507685,1.4241361802124632,0.17824238534344478,-0.6866781227252088,-0.6304096608539713,0.5787416592104274,0.5521827589971874,-1.6914721619511446,1.1273384798190953
833,82.88,26.53,27.97,6.47,21.96,50.03,97.05,coffee,96,weather update day 96,humidity,increase,0.3,82.88,26.53,27.97,6.47,21.96,65.04,97.05,unknown,R1,coffee,-4.3,0,1,0,3,4,4,0.6561076142284349,-1.5359040541225386,-1.1224881115543777,-0.14066447909619936,-0.7990122313950827,-0.9978347126695953,-0.7823211121307042,0.6275700531007087,-1.5298659723979955,-1.1224881115543777,-0.16119517699004288,-0.714553330519885,0.027821812888618933,-0.542617011028185,0.4668486298644625,0.12670643556109107
834,41.7,30.5,63.32,7.7,25.62,46.74,107.67,coffee,99,weather update day 99,rainfall,increase,0.0,41.7,30.5,63.32,7.7,25.62,46.74,107.67,failure,UNKNOWN,coffee,3.0,1,1,6,0,4,4,-1.143460738097094,-1.2766663624720822,0.856884383724917,1.2280013403077668,-0.07282790284822752,-1.2208075626815282,-0.63815334822759,-1.0731350468759873,-1.2724040943329349,0.856884383724917,0.8983851890005389,-0.07295784931729352,-1.10624266266696,-0.4537748504285865,0.5364718812133531,-1.453238897477863
835,68.03,62.4,43.94,7.83,22.61,55.79,241.47,mango,18,weather update day 18,humidity,unknown,0.06,68.03,62.4,43.94,7.83,22.61,55.79,241.47,success,R6,mango,-1.3,0,2,5,2,10,10,0.007161765951744796,0.8063770540643312,-0.22827089091476424,1.3726570773179418,-0.6700450692214611,-0.6074627928918648,1.1781975755235097,0.01427547479439663,0.7963701903712066,-0.22827089091476424,1.010373357763771,-0.6006087778472939,-0.5454074985260866,0.6655359865042082,-1.3433559052066917,-1.137249830870072
836,80.0,42.0,69.97,5.8,34.56,38.79,176.09,mango,126,weather update day 126,rainfall,decrease,0.53,80.0,42.0,69.97,5.8,34.56,38.79,82.76,unknown,R2,mango,3.3,1,0,1,3,10,10,0.5302514497141679,-0.525725945852372,1.2292415858071606,-0.8861978929178717,1.7009666045858942,-1.7596021394580836,0.29065629454558084,0.5086280742776665,-0.5266077221041691,1.2292415858071606,-0.738364969846701,1.4942179982103483,-1.5989100168017607,-0.6621607469009028,1.163081143353368,1.3379978575576228
837,102.11,71.25,76.59,6.64,27.4,55.21,99.18,coconut,129,weather update day 129,rainfall,decrease,0.55,102.11,71.25,76.59,6.64,27.4,55.21,44.63,failure,R3,coconut,1.2,1,0,2,0,3,3,1.4964597127039068,1.3842746790281952,1.5999189809627175,0.04850071545556816,0.2803437104887671,-0.6467710764805945,-0.7534061086360117,1.4217555575337315,1.370309137695083,1.5999189809627175,-0.014749110145816244,0.23907492569380248,-0.5813505256201977,-0.9811392387712127,1.2327043947022587,1.4433275464268864
838,72.94,67.06,31.6,6.34,33.42,54.85,140.92,coconut,26,weather update day 26,rainfall,unknown,0.25,72.94,67.06,31.6,6.34,33.42,54.85,140.92,success,R6,coconut,0.8,1,2,5,2,3,3,0.22172904642572105,1.1106711707119705,-0.9192314734252731,-0.2853202161063745,1.4747780432352344,-0.6711693214667026,-0.18678064109213374,0.21705502896840279,1.0985798507699938,-0.9192314734252731,-0.27318334575327496,1.2943767827538033,-0.6036599907130943,-0.1756202515644953,-1.1576939016096504,-0.13661778661206786
839,78.98,37.77,53.02,7.15,23.47,66.93,69.8,mango,53,weather update day 53,humidity,decrease,0.22,78.98,37.77,53.02,7.15,23.47,66.78,69.8,success,R4,mango,1.6,0,0,3,2,10,10,0.4856773914486984,-0.8019414208351,0.28015067222911144,0.6159962991108717,-0.49941159311482314,0.14752734362270506,-1.1522431051966044,0.4665027901111725,-0.8009310833674452,0.28015067222911144,0.4245890903868644,-0.4498513696958654,0.13565089417095233,-0.7705782988190569,-0.5310846394696354,-0.29461231991596326
840,73.51,47.72,62.57,7.49,18.37,56.05,199.21,mango,36,weather update day 36,rainfall,unknown,0.05,73.51,47.72,62.57,7.49,18.37,56.05,199.21,failure,R6,mango,-1.4,1,2,5,0,10,10,0.24663807898583676,-0.1522147125423945,0.8148892105577468,0.9943266882144068,-1.5113077886309323,-0.5898418381796757,0.6045130460936035,0.24059562894379688,-0.15565509174342648,0.8148892105577468,0.7174812240753177,-1.3438778598961976,-0.5292951070701059,0.31200776551183224,-0.9256163971133484,-1.1899146753047039
841,65.24,67.67,41.23,6.44,30.75,74.05,94.49,wheat,20,weather update day 20,humidity,decrease,0.31,65.24,67.67,41.23,6.44,30.75,51.1,94.49,failure,R6,wheat,1.3,0,0,5,0,15,15,-0.11476139342145185,1.1505036623761464,-0.3800134499588064,-0.17404657225239295,0.9450206232297413,0.6300704111257326,-0.8170734168003815,-0.10094956719042594,1.1381394844273456,-0.3800134499588064,-0.18703860055078822,0.8263276202371583,-0.8360502520974342,-0.5640328237527588,-1.2969404043074313,0.17937127999572294
842,0.0,64.14,56.77,7.36,21.6,70.23,142.49,blackgram,51,weather update day 51,humidity,unknown,0.06,-19.2,64.14,56.77,7.36,21.6,70.23,142.49,unknown,R5,blackgram,2.5,0,2,4,3,1,1,-2.965753120126588,0.9199976040572266,0.49012653806496304,0.8496709512042318,-0.8704401981373961,0.3711779226620297,-0.16546770424393295,-3.588262307404905,0.9092124240823417,0.49012653806496304,0.6054930553120855,-0.7776610827693202,0.3494499346445452,-0.16248633516700267,-0.5775001403688957,-1.137249830870072
843,53.85,44.36,46.37,5.91,23.71,67.338,124.64,blackgram,55,weather update day 55,soil_moisture,decrease,0.19,53.85,44.36,46.37,5.91,23.71,50.0,124.64,failure,R4,blackgram,3.5,2,0,3,0,1,1,-0.6125050440525293,-0.371619912528675,-0.09220652985313242,-0.7637968846784923,-0.451792948619947,0.17517868794029343,-0.4077835786008623,-0.5713485737162773,-0.3735573361511354,-0.09220652985313242,-0.6436057501239657,-0.40777953486290824,-0.9042180621035073,-0.3118114356098307,-0.48466913857037497,-0.45260685321985866
844,58.53,27.41,28.26,7.07,34.0,77.4,149.68,mungbean,109,weather update day 109,unknown,increase,0.56,58.53,27.41,28.26,7.07,34.0,77.4,149.68,success,R6,mungbean,-2.7,4,1,5,2,11,11,-0.40798877671684497,-1.4784407874594652,-1.1062499779297383,0.5269773840276869,1.5898564340978505,0.8571096353020174,-0.06786259855058165,-0.3780678581288335,-1.4727963369578814,-1.1062499779297383,0.3556732942248753,1.3960503836001152,0.7937801144114032,-0.10233801739759467,0.7685493857096549,1.4959923908615183
845,46.22,32.72,33.14,7.39,33.18,80.23,214.62,coconut,58,weather update day 58,temperature,decrease,0.48,46.22,32.72,33.14,7.39,33.02,80.23,214.62,success,R5,coconut,4.9,3,0,4,2,3,3,-0.9459364799010914,-1.1317022124811469,-0.8330013845220168,0.8830530443604253,1.4271593987403581,1.0489069500539232,0.8137056300622465,-0.8864622190009349,-1.1284329685635557,-0.8330013845220168,0.631336478872831,1.2242570580322087,0.9691572983361183,0.440920919451551,-0.41504588722148444,1.0746736353844635
846,45.16,66.24,64.69,5.98,22.91,82.8,181.9,groundnut,125,weather update day 125,rainfall,increase,0.29,45.16,66.24,64.69,5.98,22.91,82.8,234.65,success,R6,groundnut,-6.4,1,1,5,2,6,6,-0.9922585404514815,1.0571258540486517,0.9335955667102813,-0.6859053339807053,-0.6105217636028663,1.2230833100936394,0.36952773600293426,-0.930239475095527,1.0454013268371596,0.9335955667102813,-0.5833044284822251,-0.5480189843060977,1.1284220908048521,0.6084829229176487,1.139873392903738,0.07404159112645924
847,80.62,74.34,48.4,5.33,22.56,38.31,227.42,rice,59,weather update day 59,temperature,decrease,0.0,80.62,74.34,48.4,5.33,22.56,38.31,227.42,success,R4,rice,2.3,3,0,3,2,12,12,0.5573454851304339,1.5860491040155784,0.021460405519341984,-1.4091840190315819,-0.6799656201578937,-1.7921331327728944,0.9874671534106325,0.5342336391631828,1.5707013803200298,0.021460405519341984,-1.1432452722983864,-0.6093737434374934,-1.628655970258956,0.5479999830744191,-0.39183813677185425,-1.453238897477863
848,78.37,39.08,15.57,6.87,18.24,57.34,106.02,rice,135,weather update day 135,rainfall,increase,0.33,78.37,39.08,15.57,6.87,18.24,57.34,106.37,failure,R3,rice,0.6,1,1,2,0,12,12,0.4590203566036627,-0.716399512507116,-1.8168083079182602,0.3044300963197248,-1.5371012210656572,-0.502414793646121,-0.6605522945967179,0.4413102182076809,-0.715975148791821,-1.8168083079182602,0.18338380381990257,-1.3666667704307163,-0.4493528571538925,-0.46465006782778406,1.3719508974000396,0.28470096886498664
849,62.87,43.56,61.7,7.04,18.33,56.1,225.03,cotton,65,weather update day 65,soil_moisture,decrease,0.39,62.87,43.56,61.7,7.04,18.33,56.1,225.03,failure,R1,cotton,0.9,2,0,0,0,5,5,-0.21833052880298415,-0.42385924585874163,0.7661748096838293,0.49359529087149234,-1.5192442293800787,-0.5864531930427159,0.9550226189729262,-0.19882890393022112,-0.42543882291487545,0.7661748096838293,0.3298298706641292,-1.3508898323683574,-0.5261965702516477,0.5280063141635868,-0.25259163407407315,0.6006900354727774
850,94.46,60.41,45.99,7.11,29.95,59.13,61.86,jute,89,weather update day 89,rainfall,increase,0.25,94.46,60.41,45.99,7.11,29.95,59.13,77.32,failure,R5,jute,-3.0,1,1,4,0,7,7,1.1621542757128842,0.6764317124057899,-0.1134840842578318,0.5714868415692793,0.7862918082468221,-0.38110129774297213,-1.2600295501486503,1.105815926285025,0.6673149920464027,-0.1134840842578318,0.39013119230586984,0.6860881707939688,-0.33842523905310096,-0.7076693489406218,0.3043943767170513,-0.13661778661206786
851,38.69,65.39,52.36,9.5,19.24,70.81,232.49,watermelon,131,weather update day 131,rainfall,decrease,0.09,38.69,65.39,52.36,11.82,19.24,70.81,211.56,failure,R3,watermelon,-2.9,1,0,2,0,14,14,-1.2749979100373527,1.001621562385456,0.24319491984200134,3.2309269296794234,-1.3386902023370082,0.41048620625075943,1.0562930067994076,-1.1974459344653479,0.9902772471506859,0.24319491984200134,4.447548691342974,-1.1913674586267295,0.38539296173865634,0.415322330804209,1.279119895601519,-0.9792552975661767
852,67.66,43.34,65.56,6.71,25.34,66.554,243.31,coconut,70,weather update day 70,soil_moisture,decrease,0.32,67.66,43.34,65.56,6.71,25.34,49.66,243.31,unknown,R5,coconut,0.3,2,0,4,3,3,3,-0.0090072551837689,-0.43822506252450993,0.9823099675841992,0.12639226615335514,-0.12838298809224943,0.12204473219276954,1.2031757945048402,-0.0010052655405083095,-0.4397062317749039,0.9823099675841992,0.0455522114959244,-0.12204165662241001,-0.925288112469021,0.6809286018999955,-0.13655288182592223,0.2320361244303548
853,93.45,48.6,40.71,6.6,24.23,65.46,109.0,jute,104,weather update day 104,unknown,decrease,0.0,93.45,48.6,40.71,6.6,24.23,65.46,109.0,success,R6,jute,3.3,4,0,5,2,7,7,1.1180172180186452,-0.09475144587932086,-0.40913010335471095,0.003991257913975739,-0.34861921888104963,0.04790117659609583,-0.6200984399421717,1.0641036351005555,-0.09858545630331209,-0.40913010335471095,-0.04920700822681079,-0.3166238927248352,0.053849522163664225,-0.4426486664740229,0.6525106334615041,-1.453238897477863
854,73.14,52.64,36.0,6.66,22.96,58.93,108.82,groundnut,53,weather update day 53,temperature,decrease,0.51,73.14,52.64,36.0,6.66,22.85,58.93,108.82,partial,R3,groundnut,-4.3,3,0,2,1,6,6,0.23046905785032307,0.1690571874375164,-0.6728597908445406,0.07075544422636486,-0.6006012126664337,-0.3946558782908102,-0.6225419613642584,0.22531488860889196,0.163416051853576,-0.6728597908445406,0.0024798388946814113,-0.5585369430143368,-0.3508193863269326,-0.44415446580621953,-0.5310846394696354,1.232668168688359
855,73.14,66.06,60.41,6.64,32.25,81.23,130.15,coconut,60,weather update day 60,rainfall,increase,0.26,73.14,66.06,60.41,6.64,32.25,81.23,163.98,unknown,R1,coconut,0.1,1,1,0,3,3,3,0.23046905785032307,1.045372004049387,0.693943111836296,0.04850071545556816,1.2426371513227148,1.1166798527931125,-0.3329846728469866,0.22531488860889196,1.0337279923153184,0.693943111836296,-0.014749110145816244,1.0892765879431385,1.0311280347052756,0.017289373993578317,-0.36863038632222406,-0.08395294217743601
856,65.9,54.13,-2.55,6.37,20.38,48.47,133.67,mungbean,98,weather update day 98,rainfall,decrease,0.31,65.9,54.13,-2.55,6.37,20.38,48.47,92.23,unknown,R1,mungbean,-4.6,1,0,0,3,11,11,-0.08591935572026514,0.266352945764766,-2.8314116916370953,-0.2519381229501799,-1.1125016409863484,-1.1035604409427309,-0.2852002539261806,-0.07369203037681162,0.2600453209510423,-2.8314116916370953,-0.24733992219252884,-0.9915262431701845,-0.9990332887483181,-0.5829389709236713,0.5132641307637229,0.17937127999572294
857,51.75,45.82,41.03,6.3,24.34,69.19,47.39,sugarcane,56,weather update day 56,rainfall,decrease,0.27,51.75,45.82,41.03,6.3,24.34,69.19,34.59,success,R6,sugarcane,3.4,1,0,5,2,13,13,-0.7042751640108491,-0.27628312920130305,-0.3912121628033849,-0.3298296736479669,-0.3267940068208984,0.3006941038132724,-1.4564615222463964,-0.6580770999414125,-0.27887362280730943,-0.3912121628033849,-0.3076412438342695,-0.29734096842639673,0.28500036882062124,-1.0651293793004,-0.4614613881207448,-0.03128809774280417
858,81.56,42.16,40.19,6.06,26.44,73.2,157.39,chickpea,54,weather update day 54,soil_moisture,increase,0.0,81.56,42.16,40.19,6.06,26.44,73.2,157.39,failure,R2,chickpea,2.1,2,1,1,0,2,2,0.5984235388260627,-0.5152780791863589,-0.43824675675061586,-0.5968864188975214,0.08986913250926468,0.572463443797422,0.03680156902879759,0.5730549794734813,-0.5162314247514213,-0.43824675675061586,-0.5143886323202368,0.07078758636197567,0.5335030216609423,-0.037839612668507785,-0.5078768890200052,-1.453238897477863
859,64.94,51.91,63.6,6.88,24.21,78.53,97.73,coconut,119,weather update day 119,temperature,decrease,0.41,64.94,51.91,63.6,6.88,14.28,78.53,97.73,unknown,R2,coconut,-3.7,3,0,1,3,3,3,-0.12787141055835455,0.1213887957738302,0.8725625817073274,0.3155574607051227,-0.3525874392556225,0.9336930153973011,-0.773090031202821,-0.1133393566511594,0.11607419518166279,0.8725625817073274,0.19199827834015104,-2.0608520451745034,0.8638070465085507,-0.5369284357732201,1.0006268902059567,0.7060197243420409
860,61.36,86.61,32.9,7.44,30.28,64.79,98.09,chickpea,96,weather update day 96,humidity,unknown,0.29,61.36,86.61,32.9,7.44,30.28,64.79,98.09,success,R3,chickpea,-2.3,0,2,2,2,2,2,-0.2843176150587283,2.3872698789654776,-0.8464398399355114,0.9386898662874166,0.8517674444272766,0.0024933317608398166,-0.7682029883586478,-0.26119084421591343,2.366433683558895,-0.8464398399355114,0.6744088514740747,0.7439369436892848,0.012329128796329606,-0.533916837108827,0.4668486298644625,0.07404159112645924
861,86.37,44.3,33.39,7.07,26.92,59.5,232.53,lentil,48,weather update day 48,soil_moisture,decrease,0.46,86.25,44.3,33.39,7.07,26.92,59.5,232.53,success,R1,lentil,-1.7,2,0,0,2,8,8,0.8086208135877383,-0.3755378625284302,-0.8190029934662933,0.5269773840276869,0.18510642149901624,-0.35602532372947227,1.0568360115598712,0.7667486880429495,-0.37744844765841606,-0.8190029934662933,0.3556732942248753,0.15493125602788937,-0.3154960665965129,0.5907479530051111,-0.6471233917177862,0.9693439465152001
862,100.59,65.63,53.44,7.68,27.12,57.03,183.31,wheat,119,weather update day 119,rainfall,increase,0.53,100.59,65.63,53.44,7.68,27.12,57.03,184.28,partial,UNKNOWN,wheat,-2.5,1,1,6,1,15,15,1.4300356258769327,1.0172933623844758,0.3036679692027265,1.2057466115369702,0.22478862524474588,-0.5234243934952698,0.3886686538092799,1.3589806242660147,1.0058416931798075,0.3036679692027265,0.8811562399600412,0.18999111838868663,-0.4685637854283314,0.18711007645797104,1.0006268902059567,1.3379978575576228
863,117.88,48.15,51.07,6.21,33.71,54.124,194.05,jute,35,weather update day 35,rainfall,increase,0.09,117.88,48.15,51.07,6.21,33.71,104.07,211.51,success,UNKNOWN,jute,-5.2,1,1,6,2,7,7,2.185609613533766,-0.12413607087748361,0.17096322199446842,-0.4299759531165496,1.5323172386665425,-0.720372448855354,0.5344654319937854,2.0730454901862934,-0.12776879260791615,0.17096322199446842,-0.38517151451650705,1.3452135831769594,2.4465396533768278,0.4149040532119321,-0.9488241475629786,-0.9792552975661767
864,51.01,89.49,56.88,6.65,21.71,75.5,115.46,blackgram,109,weather update day 109,rainfall,unknown,0.14,51.01,89.49,56.88,6.65,21.71,75.5,115.46,success,R1,blackgram,0.4,1,2,0,2,1,1,-0.7366132062818762,2.575331478953718,0.49628583012948135,0.059628079840967005,-0.8486149860772448,0.7283411200975572,-0.5324031711272831,-0.6886385806112221,2.55320703590836,0.49628583012948135,-0.006134635625567033,-0.7583781584708817,0.676035715310004,-0.38860720155185663,0.7685493857096549,-0.7159310753930176
865,96.11,26.31,29.31,7.53,28.95,103.11,154.1,banana,95,weather update day 95,soil_moisture,decrease,0.13,96.07,26.31,29.31,7.53,28.95,103.11,154.1,partial,UNKNOWN,banana,5.1,2,0,6,1,0,0,1.2342593699658502,-1.5502698707883071,-1.0474567354957,1.0388361457559991,0.5878807895181731,2.5995509647265753,-0.007860572519342203,1.1723077963909618,-1.5441333812580242,-1.0474567354957,0.7519391221563122,0.510788858989982,2.387047746462437,-0.06536227824032308,0.4436408794148324,-0.7685959198276494
866,70.08,74.33,25.74,7.04,28.36,51.76,238.01,mungbean,115,weather update day 115,rainfall,increase,0.0,70.08,74.33,25.74,7.04,28.36,51.76,238.01,success,R5,mungbean,1.6,1,1,4,2,11,11,0.09674688305391405,1.5853961123489524,-1.2473537597714308,0.49359529087149234,0.4708182884682703,-0.880587590930798,1.131227663743399,0.09893903610940932,1.5700528617354828,-1.2473537597714308,0.3298298706641292,0.4073622650256299,-0.7951495660937906,0.6365911771186515,0.9077958884074361,-1.453238897477863
867,76.45,46.65,60.54,7.29,30.94,69.77,176.09,cotton,123,weather update day 123,rainfall,decrease,0.12,76.45,46.65,60.54,7.29,30.94,69.77,154.96,success,R6,cotton,-0.5,1,0,5,2,5,5,0.37511624692748446,-0.22208482087135886,0.7012222751852724,0.7717794005064447,0.9827187167881849,0.34000238740200206,0.29065629454558084,0.3620155656589859,-0.22504658028992908,0.7012222751852724,0.5451917336703449,0.859634489479916,0.32094339591473237,-0.058167903653161504,1.0934578920044775,-0.8212607642622813
868,38.98,72.58,76.36,6.52,32.61,56.72,38.03,groundnut,122,weather update day 122,temperature,unknown,0.0,38.98,72.58,76.36,6.52,32.61,56.72,38.03,failure,R1,groundnut,-2.3,3,2,0,0,6,6,-1.26232489347168,1.4711225706894313,1.5870404611914517,-0.0850276571692091,1.3140651180650282,-0.5444339933444187,-1.5835246361949038,-1.1854691379866387,1.456562109439801,1.5870404611914517,-0.11812280438879988,1.1523843401925735,-0.4877747137027703,-1.036351880951754,1.0702501415548473,-1.453238897477863
869,72.53,32.34,81.72,7.28,26.19,60.9,161.92,lentil,21,weather update day 21,humidity,increase,0.09,72.53,32.34,81.72,7.28,26.19,66.38,161.92,failure,R1,lentil,1.6,0,1,0,0,8,8,0.20381202300528733,-1.1565158958129285,1.8871659654261623,0.7606520361210468,0.040266377827102434,-0.26114325989460724,0.09829685815131241,0.20012231670540037,-1.1530766747763321,1.8871659654261623,0.5365772591500965,0.026962758410978983,0.11086259962328905,5.633719177293831e-05,-1.2737326538578013,-0.9792552975661767
870,71.58,46.64,71.83,6.58,30.57,56.33,97.47,maize,135,weather update day 135,soil_moisture,decrease,0.08,69.86,46.64,71.83,6.58,30.57,56.33,97.47,partial,UNKNOWN,maize,-0.5,2,0,6,1,9,9,0.16229696873842822,-0.22273781253798455,1.3333896152617428,-0.018263470856819976,0.9093066398585846,-0.5708654254127026,-0.7766195621458353,0.08985319050487141,-0.2256950988744757,1.3333896152617428,-0.06643595726730768,0.7947737441124407,-0.5119433008867417,-0.5391034792530597,1.3719508974000396,-1.0319201420008084
871,89.25,67.48,46.94,6.32,26.96,47.75,138.38,mango,57,weather update day 57,rainfall,unknown,0.58,89.25,67.48,46.94,6.32,26.96,47.75,138.38,partial,R5,mango,2.2,1,2,4,1,10,10,0.9344769781020054,1.1380968207102558,-0.06029019824608296,-0.3075749448771702,0.19304286224816203,-1.152356930914947,-0.22126144338157902,0.8906465826502853,1.1258176313209574,-0.06029019824608296,-0.29041229479377184,0.16194322850004872,-1.0436522189341113,-0.19686875325215814,-0.43825363767111464,1.6013220797307814
872,101.86,42.33,30.19,6.4,26.28,81.41,48.45,jute,53,weather update day 53,temperature,decrease,0.13,101.86,42.33,30.19,6.4,22.86,81.41,48.45,success,R3,jute,3.6,3,0,2,2,7,7,1.4855346984231546,-0.5041772208537196,-0.9981823989795533,-0.21855602979398536,0.058123369512680816,1.128878975286166,-1.4420718960941081,1.4114307329831202,-0.5052066088141263,-0.9981823989795533,-0.22149649863178275,-0.5567839498962972,1.0422827672517234,-0.949182830721263,-0.5310846394696354,-0.7685959198276494
873,31.37,36.35,25.47,5.51,26.35,68.86,101.65,groundnut,141,weather update day 141,rainfall,increase,0.13,31.37,36.35,25.47,5.51,26.35,68.86,101.78,success,R6,groundnut,-0.3,1,1,5,2,6,6,-1.5948823281777815,-0.8946662374959687,-1.262472022111612,-1.2088914600944165,0.0720121408236863,0.27832904590934,-0.7198755646773778,-1.499756797307247,-0.8930207223730843,-1.262472022111612,-0.9881847309339112,0.05501064829961689,0.26455002581879944,-0.503047950798797,1.5111974000978208,-0.7685959198276494
874,66.19,52.76,45.76,7.27,30.69,66.77,95.73,mango,55,weather update day 55,soil_moisture,decrease,0.05,65.19,52.76,45.76,7.27,30.69,66.77,95.73,failure,R4,mango,-1.7,2,0,3,0,10,10,-0.07324633915459275,0.17689308743702628,-0.12636260402909757,0.749524671735648,0.9331159621060227,0.13668367918443403,-0.8002402692260064,-0.10301453210054809,0.17119827486813688,-0.12636260402909757,0.5279627846298472,0.8158096615289193,0.13503118680726045,-0.5536595394642932,-0.48466913857037497,-1.1899146753047039
875,95.6,28.12,51.61,6.71,18.58,52.57,94.46,coconut,13,weather update day 13,rainfall,decrease,0.33,95.6,28.12,51.61,6.71,18.58,52.57,63.29,unknown,R5,coconut,-3.3,1,0,4,3,3,3,1.2119723408331151,-1.4320783791290308,0.201199746674831,0.12639226615335514,-1.4696414746979165,-0.8256915397120544,-0.8174806703707292,1.1528971262358125,-1.4267515174550618,0.201199746674831,0.0455522114959244,-1.3070650044173606,-0.744953269634773,-0.8250380413335001,-1.4593946574548426,0.28470096886498664
876,66.89,44.71,53.01,7.12,23.38,70.93,181.17,sugarcane,32,weather update day 32,rainfall,decrease,0.53,66.89,44.71,53.01,7.12,23.38,70.93,85.15,failure,R1,sugarcane,-1.9,1,0,0,0,13,13,-0.042656299168486005,-0.3487652041967707,0.2795907365868822,0.5826142059546772,-0.5172685848004015,0.41861895457946247,0.3596178991244714,-0.032805725156391005,-0.350859185691999,0.2795907365868822,0.3987456668261183,-0.46562830775822417,0.3928294501029555,-0.6421670779900703,-1.0184473989118692,1.3379978575576228
877,38.29,39.52,44.01,6.74,26.86,46.58,175.67,maize,129,weather update day 129,humidity,increase,0.0,38.29,39.52,44.01,6.74,26.86,46.58,175.67,success,R6,maize,0.4,0,1,5,2,9,9,-1.2924779328865563,-0.6876678791755789,-0.22435134141916166,0.1597743593095497,0.17320176037529686,-1.2316512271197988,0.2849547445607117,-1.213965653746326,-0.6874403310717635,-0.22435134141916166,0.0713956350566705,0.14441329731964977,-1.1161579804860253,0.11508267506790094,1.2327043947022587,-1.453238897477863
878,69.43,24.25,29.23,7.56,28.24,63.82,16.99,coffee,99,weather update day 99,humidity,increase,0.28,69.43,24.25,29.23,7.56,28.24,64.0,16.99,failure,R5,coffee,4.2,0,1,4,0,4,4,0.06834184592395828,-1.6847861541132292,-1.0519362206335314,1.0722182389121928,0.4470089662208322,-0.06324638389617425,-1.8691451401988135,0.07209449227782025,-1.6777282096746553,-1.0519362206335314,0.7777825457170575,0.3863263476091513,-0.036627752935305055,-1.2123630917818438,0.5364718812133531,0.021376746691827677
879,96.02,34.29,46.67,9.5,19.0,55.12,206.52,banana,144,weather update day 144,humidity,unknown,0.0,96.02,34.29,46.67,11.97,19.0,55.12,206.52,success,R2,banana,0.8,0,2,1,2,0,0,1.230326364824779,-1.029182520820891,-0.07540846058626405,3.2309269296794234,-1.3863088468318836,-0.6528706377271217,0.703747166068346,1.1702428314808395,-1.0266155507897154,-0.07540846058626405,4.576765809146703,-1.233439293459686,-0.5869278918934221,0.3731599495027047,1.5808206514467114,-1.453238897477863
880,109.07,48.07,61.12,5.38,23.83,71.94,156.35,watermelon,76,weather update day 76,rainfall,decrease,0.5,109.07,48.07,61.12,5.38,23.83,71.94,155.57,unknown,R2,watermelon,2.5,1,0,1,3,14,14,1.8006121102800523,-0.12936000421049018,0.7336985424345506,-1.3535471971045916,-0.42798362637250964,0.4870695863460431,0.022683445256741312,1.7091986730227504,-0.13295694128429006,0.7336985424345506,-1.1001728996971434,-0.38674361744643027,0.45541989383580384,-0.05306491702738431,0.0026936208718588727,1.1800033242537271
881,36.97,43.29,65.67,6.72,19.05,57.76,141.43,jute,78,weather update day 78,humidity,unknown,0.53,36.97,43.29,65.67,6.72,19.05,57.76,141.43,success,R4,jute,-5.1,0,2,3,2,7,7,-1.350162008288929,-0.4414900208576394,0.9884692596487175,0.137519630538753,-1.3763882958954512,-0.47395017449566185,-0.1798573303962212,-1.2684807273735537,-0.44294882469763797,0.9884692596487175,0.054166686016172846,-1.2246743278694865,-0.4233251478788468,-0.17135382012327147,0.04910912177111924,1.3379978575576228
882,48.14,41.96,44.43,6.55,27.96,37.91,173.71,groundnut,110,weather update day 110,soil_moisture,increase,0.24,51.61,41.96,44.43,6.55,27.96,37.91,173.71,partial,R1,groundnut,-5.2,2,1,0,1,6,6,-0.8620323702249132,-0.5283379125188753,-0.2008340444455462,-0.05164556401301454,0.391453880976811,-1.8192422938685704,0.25834751129799033,-0.6638590016897549,-0.529201796442356,-0.2008340444455462,-0.09227938082805379,0.33724254030403544,-1.6534442648066194,0.09868619345064941,0.7917571361592851,-0.1892826310466997
883,100.8,18.97,60.12,5.68,25.75,73.45,53.68,sugarcane,73,weather update day 73,rainfall,increase,0.08,100.8,18.97,60.12,5.68,25.75,73.45,57.97,success,R2,sugarcane,0.3,1,1,1,2,13,13,1.4392126378727643,-2.02956575409167,0.6777049782116569,-1.019726265542649,-0.04703447041350335,0.5894066694822193,-1.3710740236634784,1.367653476888528,-2.0201460223153407,0.6777049782116569,-0.8417386640896846,-0.05016893878277541,0.5489957057532316,-0.8695427771517547,-0.06692963047703168,-1.0319201420008084
884,84.36,73.51,26.8,5.96,17.6,55.92,195.72,sugarcane,104,weather update day 104,unknown,decrease,0.22,84.36,73.51,26.8,5.96,17.6,55.92,195.72,unknown,R5,sugarcane,0.6,4,0,4,3,13,13,0.7207836987704891,1.5318507956856342,-1.1880005816951633,-0.708160062751502,-1.6640842730519918,-0.59865231553577,0.5571358807431449,0.6886930144403278,1.5168743378026495,-1.1880005816951633,-0.6005333775227227,-1.4788583299852671,-0.537351302798096,0.2828119895709095,0.6525106334615041,-0.29461231991596326
885,86.27,39.71,53.36,7.3,19.81,65.37,109.08,maize,105,weather update day 105,soil_moisture,increase,0.0,86.27,39.71,53.36,7.3,19.81,65.37,109.08,success,R1,maize,-3.5,2,1,0,2,9,9,0.804250807875437,-0.6752610375096881,0.2991884840648951,0.7829067648918425,-1.2255959216616783,0.04180161534956952,-0.6190124304212443,0.7675746740069982,-0.6751184779653754,0.2991884840648951,0.5538062081905933,-1.091446850898457,0.04827215589044074,-0.44197942232638,0.6757183839111341,-1.453238897477863
886,47.42,57.12,23.65,6.44,15.39,63.46,26.79,maize,30,weather update day 30,unknown,increase,0.45,47.42,57.12,23.65,6.44,15.39,63.46,26.79,failure,R1,maize,-1.8,4,1,0,0,9,9,-0.89349641135348,0.4615974540858903,-1.3643803089972786,-0.17404657225239295,-2.102572624442306,-0.08764462888228237,-1.7361089738852056,-0.8369030611580004,0.45395237773052105,-1.3643803089972786,-0.18703860055078822,-1.866269809072078,-0.07009195057464994,-1.1303806836955854,-1.0648628998111296,0.9166791020805682
887,85.87,44.59,59.14,7.4,27.37,64.69,174.86,blackgram,96,weather update day 96,soil_moisture,decrease,0.06,85.87,44.59,59.14,7.4,27.37,64.69,174.86,partial,R1,blackgram,0.9,2,0,0,1,1,1,0.7867707850262335,-0.35660110419628055,0.6228312852732212,0.8941804087458242,0.27439137992690815,-0.004283958513079696,0.27395889816132196,0.7510549547260205,-0.3586414087065598,0.6228312852732212,0.6399509533930802,0.2338159463396833,0.006132055159413348,0.10830657807301654,0.4668486298644625,-1.137249830870072
888,43.31,48.18,89.01,4.27,30.35,80.86,68.5,lentil,22,weather update day 22,unknown,increase,0.51,43.31,48.18,89.01,4.27,30.35,80.86,68.5,failure,R4,lentil,-1.4,4,1,3,0,8,8,-1.0731036461290488,-0.12217709587760603,2.295359048611058,-2.5886846438837803,0.865656215738282,1.091603878779612,-1.169890759911675,-1.0066431767700506,-0.12582323685427582,2.295359048611058,-2.0563795714447415,0.7562078955155639,1.008198862248687,-0.7814535162182544,-1.2505249034081711,1.232668168688359
889,46.46,77.31,37.8,7.17,27.05,50.23,149.64,mango,110,weather update day 110,humidity,increase,0.09,46.46,77.31,37.8,7.17,27.05,54.75,149.64,failure,UNKNOWN,mango,2.4,0,1,6,0,10,10,-0.9354484661915691,1.7799876290034513,-0.572071375243332,0.6382510278816674,0.21089985393374042,-0.9842801321217577,-0.06840560331104563,-0.8765503874323479,1.7633113999304153,-0.572071375243332,0.4418180394273613,0.1777201665624075,-0.6098570643500101,-0.1026726394714163,0.7917571361592851,-0.9792552975661767
890,73.72,52.83,48.18,7.15,23.16,43.14,188.67,watermelon,125,weather update day 125,temperature,increase,0.41,73.72,52.83,48.18,7.15,23.25,43.14,188.67,failure,R3,watermelon,1.2,3,1,2,0,14,14,0.2558150909816685,0.18146402910340714,0.00914182139030542,0.6159962991108717,-0.5609190089207041,-1.4647900125426099,0.46143129171141645,0.24926848156631015,0.17573790495996416,0.00914182139030542,0.4245890903868644,-0.4884172182927423,-1.3293373135959263,0.22383484905987652,1.139873392903738,0.7060197243420409
891,46.83,24.13,53.65,5.96,17.84,83.44,159.86,lentil,129,weather update day 129,soil_moisture,increase,0.44,53.02,24.13,53.65,5.96,17.84,83.44,159.86,partial,R3,lentil,-1.6,2,1,2,1,8,8,-0.9192794450560557,-1.6926220541127392,0.3154266176895342,-0.708160062751502,-1.6164656285571164,1.2664579678467205,0.07033211298743186,-0.6056269912243069,-1.6855104326892163,0.3154266176895342,-0.6005333775227227,-1.4367864951523106,1.1680833620811129,-0.017176699610032202,1.2327043947022587,0.8640142576459364
892,52.95,51.09,67.11,5.82,31.05,46.84,94.83,rice,22,weather update day 22,temperature,increase,0.48,52.95,51.09,67.11,5.82,31.2,46.84,94.83,success,R1,rice,4.4,3,1,0,2,12,12,-0.6518350954632377,0.06784347911051218,1.0690999921296844,-0.863943164147075,1.0045439288483362,-1.214030272407609,-0.81245787633644,-0.608517942098478,0.0628956712488295,1.0690999921296844,-0.7211360208062033,0.9052123105489522,-1.1000455890300442,-0.5611885361252763,-1.2505249034081711,1.0746736353844635
893,65.94,50.7,80.08,6.97,27.08,71.63,165.01,watermelon,122,weather update day 122,humidity,unknown,0.13,65.94,50.7,80.08,6.97,27.08,71.63,165.01,success,UNKNOWN,watermelon,-3.4,0,2,6,2,14,14,-0.08417135343534511,0.04237680411210459,1.7953365201006164,0.41570374017370537,0.2168521844955994,0.46605998649689423,0.14024397589713383,-0.07204005844871414,0.0376034464515061,1.7953365201006164,0.26952854902238854,0.18297914591652667,0.4362089655613649,0.025905892394481007,1.0702501415548473,-0.7685959198276494
894,91.54,52.67,79.17,5.15,28.12,56.55,174.86,jute,86,weather update day 86,humidity,decrease,0.33,91.54,52.67,79.17,5.15,28.12,37.89,174.86,success,R4,jute,0.8,0,0,3,2,7,7,1.0345501089136973,0.171016162437394,1.7443823766577833,-1.6094765779687472,0.4231996439733948,-0.555955386810081,0.27395889816132196,0.9852219755338852,0.16536160760721633,1.7443823766577833,-1.2983058136628614,0.3652904301926734,-1.6546836795340023,0.10830657807301654,0.2347711253681607,0.28470096886498664
895,51.54,58.05,68.73,6.76,30.05,77.25,209.4,groundnut,57,weather update day 57,humidity,increase,0.13,51.54,58.05,68.73,6.76,30.05,77.35,209.4,failure,R4,groundnut,0.1,0,1,3,0,6,6,-0.7134521760066811,0.5223256790820929,1.1598095661707726,0.1820290880803454,0.8061329101196872,0.8469436998911386,0.7428435088217328,-0.666749952563926,0.5142646060933691,1.1598095661707726,0.08862458409716739,0.7036181019743677,0.7906815775929447,0.39725273881785,-0.43825363767111464,-0.7685959198276494
896,57.227999999999994,52.79,85.15,6.18,24.66,88.21,500.0,jute,100,weather update day 100,rainfall,increase,0.12,61.46,52.79,85.15,6.18,24.66,88.21,919.43,success,R3,jute,4.6,1,1,2,2,7,7,-0.46488625109100357,0.17885206243690385,2.079223890710688,-0.4633580462727442,-0.26330248082773067,1.5897347139126534,4.687773093590564,-0.2570609143956688,0.1731438306217772,2.079223890710688,-0.41101493807725314,-0.24124518864912095,1.4636837745619928,6.337045515704189,0.5596796316629833,-0.8212607642622813
897,49.74,72.38,52.46,6.65,24.73,60.23,191.3,coffee,119,weather update day 119,soil_moisture,unknown,0.39,49.74,72.38,52.46,6.65,24.73,60.23,191.3,unknown,R2,coffee,-3.1,2,2,1,3,4,4,-0.792112278828098,1.4580627373569144,0.2487942762642908,0.059628079840967005,-0.24941370951672517,-0.30655110472986424,0.49713385471190547,-0.7410886893283274,1.4435917377488658,0.2487942762642908,-0.006134635625567033,-0.22897423682284182,-0.27025742904702826,0.24583625041363794,1.0006268902059567,0.6006900354727774
898,29.75,51.49,44.09,7.32,29.06,69.35,133.72,blackgram,15,weather update day 15,rainfall,decrease,0.56,29.75,51.49,44.09,7.32,29.06,69.35,58.84,failure,R2,blackgram,4.8,1,0,1,0,1,1,-1.6656764207170571,0.09396314577554549,-0.21987185628132988,0.8051614936626392,0.6097060015783243,0.31153776825154245,-0.28452149797560083,-1.5666616603952084,0.08883641463069952,-0.21987185628132988,0.571035157231091,0.5300717832884205,0.2949156866396862,-0.8622647470461379,-1.4129791565555823,1.4959923908615183
899,0.0,41.46,38.02,8.05,22.29,84.37,81.87,coffee,43,weather update day 43,humidity,decrease,0.11,-5.01,41.46,38.02,8.05,22.29,84.28,81.87,success,R4,coffee,1.5,0,0,3,2,4,4,-2.965753120126588,-0.560987495850167,-0.559752791114295,1.6174590937967006,-0.7335365952146289,1.329486767394167,-0.9883914187266809,-3.002225265912206,-0.5616277256696937,-0.559752791114295,1.1998917972092413,-0.6567045576245697,1.2201387806312052,-0.6696060880434304,-0.7631621439659372,-0.8739256086969132
900,74.224,37.73,41.17,6.54,13.92,71.89,252.56,banana,140,weather update day 140,temperature,decrease,0.14,50.85,37.73,41.17,6.54,11.97,71.89,252.56,success,R4,banana,1.4,3,0,3,2,0,0,0.27783991977166544,-0.8045533875016038,-0.3833730638121798,-0.06277292839841239,-2.3942368219734202,0.4836809412090838,1.3287456453620725,-0.6952464683236131,-0.8035251577056327,-0.3833730638121798,-0.10089385534830222,-2.465793455441713,0.4523213570173461,0.7583099564712089,1.4879896496481906,-0.7159310753930176
901,54.35,47.6,32.54,6.68,27.97,71.31,81.64,maize,51,weather update day 51,soil_moisture,decrease,0.05,54.34,47.6,32.54,6.68,27.97,71.31,81.64,partial,R2,maize,0.3,2,0,1,1,9,9,-0.5906550154910245,-0.16005061254190436,-0.8665975230557531,0.09301017299716058,0.39343799116409706,0.4443726576203541,-0.9915136960993473,-0.5511119175970791,-0.16343731475798737,-0.8665975230557531,0.0197087879351783,0.338995533422075,0.416378329923235,-0.6715301649679037,-0.5775001403688957,-1.1899146753047039
902,62.59,25.94,40.86,6.87,25.32,70.87,114.79,groundnut,44,weather update day 44,humidity,increase,0.16,62.59,25.94,40.86,6.87,25.32,82.21,114.79,success,R6,groundnut,3.0,0,1,5,2,6,6,-0.23056654479742653,-1.574430562453463,-0.40073106872127695,0.3044300963197248,-0.13235120846682233,0.41455258041511095,-0.54149850086505,-0.21039270742690555,-1.568128568886254,-0.40073106872127695,0.18338380381990257,-0.12554764285848966,1.0918593563470491,-0.394212121288366,-0.739954393516307,-0.6106013865237541
903,65.7,54.15,77.96,7.08,21.68,90.43,152.63,maize,49,weather update day 49,soil_moisture,unknown,0.35,65.7,54.15,77.96,7.08,21.68,90.43,152.63,success,R1,maize,-0.8,2,2,0,2,9,9,-0.09465936714486715,0.26765892909801736,1.6766301639480814,0.5381047484130848,-0.8545673166391046,1.7401905579936547,-0.027815997466383417,-0.08195189001730079,0.26134235812013556,1.6766301639480814,0.36428776874512375,-0.7636371378250015,1.601258809301523,-0.07765963945326185,-0.6239156412681561,0.39003065773425005
904,99.27,69.72,39.16,7.61,30.72,82.13,280.04,coffee,77,weather update day 77,soil_moisture,increase,0.32,108.81,69.72,39.16,7.61,30.72,82.13,280.04,partial,R6,coffee,3.3,2,1,5,1,4,4,1.3723515504745598,1.2843669540344425,-0.4959201279001965,1.127855060839184,0.9390682926678816,1.1776754652583823,1.7017899158006395,1.6984608554901148,1.2710857942594298,-0.4959201279001965,0.8208549183183013,0.8210686408830385,1.0869016974375165,0.9881953211865543,0.025901371321489057,0.2320361244303548
905,98.69,54.27,12.66,6.87,31.24,63.78,254.68,cotton,30,weather update day 30,soil_moisture,decrease,0.52,98.53,54.27,12.66,6.87,31.24,63.78,254.68,success,R6,cotton,2.6,2,0,5,2,5,5,1.3470055173432145,0.2754948290975277,-1.979749579806881,0.3044300963197248,1.042242022406779,-0.06595730000574176,1.357524897666649,1.2739040699689774,0.2691245811346969,-1.979749579806881,0.18338380381990257,0.9122242830211116,-0.05026131493651959,0.7760449263837464,-1.0648628998111296,1.285333013122991
906,67.49,43.67,69.75,6.12,21.99,94.14,122.92,lentil,99,weather update day 99,humidity,decrease,0.49,67.49,43.67,69.75,6.12,21.99,48.01,122.92,failure,R3,lentil,0.5,0,0,2,0,8,8,-0.016436264894680582,-0.4166763375258575,1.2169230016781238,-0.5301222325851322,-0.7930599008332236,1.9916280271560467,-0.4311327833008017,-0.008026146234924076,-0.4183051184848612,1.2169230016781238,-0.46270178519874455,-0.7092943511657659,-1.0275398274781304,-0.32620018478415364,0.5364718812133531,1.1273384798190953
907,53.98,72.6,25.83,7.55,20.5,59.72,188.36,lentil,21,weather update day 21,humidity,increase,0.41,53.98,72.6,25.83,7.55,20.5,59.97,188.36,failure,UNKNOWN,lentil,-4.4,0,1,6,0,8,8,-0.6068240366265382,1.4724285540226827,-1.2423143389913702,1.0610908745267948,-1.0886923187389104,-0.3411152851268507,0.4572230048178231,-0.5659796649499597,1.4578591466088942,-1.2423143389913702,0.7691680711968091,-0.9704903257537059,-0.2863698205030091,0.2212415279877604,-1.2737326538578013,0.7060197243420409
908,81.07,56.76,81.43,7.5,28.83,60.34,148.64,jute,135,weather update day 135,humidity,decrease,0.41,81.07,56.76,81.43,7.5,28.83,60.09,148.64,success,R6,jute,-0.2,0,0,5,2,7,7,0.5770105108357877,0.4380897540873603,1.8709278318015234,1.0054540525998046,0.5640714672707351,-0.299096085428553,-0.08198072232263831,0.5528183233542827,0.430605708686838,1.8709278318015234,0.7260956985955661,0.48975294157350346,-0.2789333321387099,-0.11103819131695289,1.3719508974000396,0.7060197243420409
909,86.1,49.45,37.43,6.77,28.55,56.41,159.98,maize,12,weather update day 12,soil_moisture,unknown,0.58,86.1,49.45,37.43,6.77,28.55,56.41,159.98,failure,R6,maize,3.7,2,2,5,0,9,9,0.7968217981645253,-0.039247154216124784,-0.5927889940058025,0.19315645246574328,0.5085163820267138,-0.5654435931935675,0.07196112726882266,0.7605537933125824,-0.043461376616838,-0.5927889940058025,0.09723905861741584,0.4406691342683876,-0.5069856419772092,-0.016172833388568012,-1.4826024079044728,1.6013220797307814
910,104.94,19.1,17.29,6.85,13.61,34.35,220.51,cotton,51,weather update day 51,humidity,unknown,0.38,104.94,19.1,17.29,6.85,13.61,34.35,220.51,unknown,UNKNOWN,cotton,-1.2,0,2,6,3,5,5,1.6201308743620235,-2.021076862425534,-1.720499377454883,0.28217536754892814,-2.4557442377793017,-2.0605138276200843,0.8936630810405272,1.5386325714466516,-2.011715280716233,-1.720499377454883,0.16615485477940492,-2.1783025840831747,-1.874060086280819,0.4901940198217613,-0.5775001403688957,0.5480251910381456
911,41.75,47.64,18.24,6.83,24.37,51.23,-8.67,chickpea,90,weather update day 90,soil_moisture,unknown,0.48,41.75,47.64,18.24,6.83,24.37,51.23,-8.67,partial,R1,chickpea,-2.7,2,2,0,1,2,2,-1.1412757352409437,-0.15743864587540107,-1.667305491443134,0.2599206387781324,-0.3208416762590387,-0.9165072293825683,-2.2174826940362813,-1.0710700819658652,-0.16084324041980042,-1.667305491443134,0.14892590573890804,-0.29208198907227695,-0.827994056369444,-1.4270231521383123,0.32760212716668147,1.0746736353844635
912,65.56,56.33,40.17,7.1,26.98,69.75,203.32,chickpea,19,weather update day 19,temperature,decrease,0.51,65.56,56.33,40.17,7.1,13.22,69.75,203.32,failure,R1,chickpea,-5.7,3,0,0,0,2,2,-0.1007773751420885,0.41001111242244936,-0.43936662803507354,0.5603594771838805,0.19701108262273492,0.3386469293472186,0.6603067852312492,-0.08773379176564315,0.4027194095513276,-0.43936662803507354,0.38151671778562063,-2.2466693156867295,0.31970398118734944,0.3463901835969875,-1.3201481547570615,1.232668168688359
913,47.11,51.04,46.24,5.29,25.76,56.26,234.83,watermelon,17,weather update day 17,humidity,unknown,0.08,47.11,51.04,46.24,5.29,25.76,56.26,234.83,success,UNKNOWN,watermelon,-1.2,0,2,6,2,14,14,-0.907043429061613,0.06457852077738273,-0.09948569320210836,-1.4536934765731742,-0.04505036022621655,-0.5756095286044459,1.0880587852865347,-0.8497058436007585,0.05965307832609546,-0.09948569320210836,-1.1777031703793808,-0.04841594566473527,-0.5162812524325827,0.6099887222498453,-1.3665636556563219,-1.0319201420008084
914,91.16,64.06,59.41,6.57,14.04,63.88,177.25,lentil,128,weather update day 128,rainfall,increase,0.08,91.16,64.06,59.41,6.57,14.04,63.88,191.43,success,R1,lentil,-1.9,1,1,0,2,8,8,1.0179440872069532,0.9147736707242201,0.6379495476134022,-0.029390835242217833,-2.3704274997259827,-0.05918000973182274,0.30640343259902825,0.9695282422169557,0.9040242754059679,0.6379495476134022,-0.07505043178755612,-2.1029238800074603,-0.04406424129960377,0.24692377215355765,1.2094966442526285,-1.0319201420008084
915,50.37,67.12,32.97,6.13,23.53,40.91,98.2,mango,59,weather update day 59,temperature,increase,0.45,50.37,67.12,32.97,6.13,34.12,40.91,98.2,unknown,R4,mango,6.9,3,1,3,3,10,10,-0.7645812428406022,1.1145891207117258,-0.8425202904399088,-0.5189948681997344,-0.4875069319911038,-1.6159235856510024,-0.7667097252673726,-0.715070131460787,1.1024709622772744,-0.8425202904399088,-0.4540873106784961,1.4170863010165933,-1.4675320556991474,-0.5329966264058179,-0.39183813677185425,0.9166791020805682
916,89.13,72.19,43.77,6.18,16.43,95.63,171.66,blackgram,65,weather update day 65,rainfall,unknown,0.3,89.13,72.19,43.77,6.18,16.43,95.63,171.66,success,R4,blackgram,2.3,1,2,3,2,1,1,0.929232971247244,1.4456558956910237,-0.2377897968326559,-0.4633580462727442,-1.8962251649645114,2.0926096522374387,0.23051851732422518,0.8856906668659916,1.4312698846424776,-0.2377897968326559,-0.41101493807725314,-1.6839585247959319,1.9235066384211403,0.08153681216729933,-0.25259163407407315,0.12670643556109107
917,70.28,34.03,49.66,6.67,32.07,93.61,133.94,coffee,145,weather update day 145,rainfall,increase,0.18,70.28,34.03,49.66,6.67,32.07,93.61,158.05,failure,R4,coffee,-4.3,1,1,3,0,4,4,0.10548689447851606,-1.0461603041531624,0.09201229644018802,0.08188280861176273,1.206923167951558,1.9557083887042763,-0.2815349717930505,0.10719889574989849,-1.043477033987931,0.09201229644018802,0.011094313414929856,1.057722711818421,1.7983257509554427,-0.032318348450453435,1.6040284018963415,-0.5052716976544905
918,71.38,48.01,69.19,5.45,28.68,39.93,99.7,maize,31,weather update day 31,soil_moisture,increase,0.23,76.3,48.01,69.19,5.45,28.68,39.93,99.7,success,R4,maize,-3.6,2,1,3,2,9,9,0.1535569573138262,-0.13327795421024533,1.1855666057133032,-1.2756556464068045,0.534309814461438,-1.6823410303354078,-0.7463470467499835,0.35582067092861885,-0.13684805279157072,1.1855666057133032,-1.0398715780554026,0.4634580448029057,-1.5282633773409213,-0.5204482986375131,-1.0416551493614994,-0.24194747548133141
919,80.14,49.14,22.88,5.93,24.69,41.06,105.66,sugarcane,92,weather update day 92,humidity,increase,0.57,80.14,49.14,22.88,5.93,24.69,64.47,105.66,failure,R1,sugarcane,2.0,0,1,0,0,13,13,0.5363694577113892,-0.05948989588152582,-1.4074953534489067,-0.7415421559076966,-0.257350150265871,-1.6057576502401236,-0.6654393374408912,0.5144099760260089,-0.06356545273778748,-1.4074953534489067,-0.6263768010834688,-0.23598620929500114,-0.007501506841801189,-0.4705896096381151,0.3740176280659418,1.5486572352961496
920,47.34,38.72,62.94,6.56,31.56,77.68,122.79,jute,132,weather update day 132,humidity,decrease,0.41,47.34,38.72,62.94,6.56,31.56,45.83,122.79,success,R6,jute,3.1,0,0,5,2,7,7,-0.8969924159233207,-0.739907212505646,0.8356068293202172,-0.04051819962761668,1.1057335483999466,0.8760860480689905,-0.4328975487723086,-0.840207005014196,-0.739321817835504,0.8356068293202172,-0.08366490630780533,0.9683200627983873,-1.1626360327628935,-0.32728770652407335,1.3023276460511493,0.7060197243420409
921,105.02,41.34,55.43,5.55,21.36,81.98,171.95,banana,15,weather update day 15,humidity,unknown,0.5,105.02,41.34,55.43,5.55,21.36,81.98,171.95,success,R6,banana,3.5,0,2,5,2,0,0,1.6236268789318642,-0.5688233958496769,0.4150951620062852,-1.164382002552824,-0.9180588426322723,1.1675095298475044,0.23445530183758695,1.541936515302847,-0.5694099486842545,0.4150951620062852,-0.9537268328529167,-0.8197329176022774,1.0776060869821436,0.08396282220250487,-1.4129791565555823,1.1800033242537271
922,60.44,34.95,38.75,5.86,25.22,90.3,62.44,mungbean,122,weather update day 122,soil_moisture,unknown,0.47,60.44,34.95,38.75,5.86,25.22,90.3,62.44,failure,UNKNOWN,mungbean,-4.2,2,2,6,0,11,11,-0.3245216676118971,-0.9860850708235855,-0.5188774892315827,-0.8194337066054825,-0.15219231033968753,1.7313800806375594,-1.2521559811219267,-0.2991861985621631,-0.9838133242096296,-0.5188774892315827,-0.6866781227252088,-0.1430775740388886,1.593202613573532,-0.8321487604022062,1.0702501415548473,1.0220087909498317
923,59.42,42.62,31.73,5.06,9.73,82.93,56.77,mango,87,weather update day 87,humidity,decrease,0.07,59.42,42.62,31.73,5.06,9.73,77.13,56.77,success,R1,mango,4.7,0,0,0,2,10,10,-0.36909572587736655,-0.48524046252157044,-0.911952310076297,-1.709622857437331,-3.225578990446459,1.2318937874497347,-1.329126905917657,-0.34131148272865713,-0.4863995698622705,-0.911952310076297,-1.3758360843450996,-2.8584639138826433,0.7770480155917301,-0.8795814393663985,0.2579788758177909,-1.0845849864354402
924,39.79,49.14,50.43,5.88,25.42,51.32,188.23,cotton,100,weather update day 100,rainfall,decrease,0.22,39.79,49.14,50.43,5.88,25.42,51.32,146.82,success,R1,cotton,-3.2,1,0,0,2,5,5,-1.2269278472020422,-0.05948989588152582,0.13512734089181638,-0.7971789778346868,-0.11251010659395716,-0.9104076681360411,0.4554582393463157,-1.152016706442658,-0.06356545273778748,0.13512734089181638,-0.6694491736847118,-0.10801771167809074,-0.8224166900962196,-0.1262634956758294,0.5596796316629833,-0.29461231991596326
925,70.85,25.21,39.69,6.99,35.01,45.09,-19.15,maize,31,weather update day 31,rainfall,increase,0.0,70.85,25.21,39.69,6.99,35.01,45.09,-19.15,success,R3,maize,-3.9,1,1,2,2,9,9,0.13039592703863115,-1.6220989541171489,-0.46624353886206277,0.4379584689445021,1.7902515630137854,-1.3326328522011905,-2.359749941277773,0.13073949572529203,-1.615470425558167,-0.46624353886206277,0.2867574980628862,1.5731026885221415,-1.2084943776760695,-1.514694135479536,-1.0416551493614994,-1.453238897477863
926,95.89,69.17,32.46,6.66,30.2,69.51,236.78,lentil,78,weather update day 78,soil_moisture,unknown,0.22,95.89,69.17,32.46,6.66,30.2,69.51,236.78,failure,R5,lentil,-1.2,2,2,4,0,8,8,1.224645357398788,1.2484524123700218,-0.8710770081935845,0.07075544422636486,0.8358945629289842,0.32238143268981345,1.1145302673591402,1.164873922714522,1.2354172721093586,-0.8710770081935845,0.0024798388946814113,0.7299129987449655,0.304831004458752,0.6263015483486416,0.04910912177111924,-0.29461231991596326
927,71.89,27.9,18.27,6.71,26.6,61.85,178.98,lentil,90,weather update day 90,rainfall,increase,0.32,71.89,27.9,18.27,6.71,26.6,61.85,236.25,success,R5,lentil,2.6,1,1,4,2,8,8,0.17584398644656124,-1.4464441957947993,-1.665625684516447,0.12639226615335514,0.12161489550584853,-0.1967590022923772,0.3298883884890835,0.17369076585583537,-1.4410189263150905,-1.665625684516447,0.0455522114959244,0.09883547625061358,-0.16986483612899317,0.6218678058705072,0.32760212716668147,0.2320361244303548
928,60.970000000000006,41.53,66.38,8.17,18.07,36.8,262.26,watermelon,98,weather update day 98,temperature,decrease,0.28,42.45,41.53,66.38,8.17,18.02,36.8,262.26,unknown,R4,watermelon,1.2,3,0,3,3,14,14,-0.3013606373367017,-0.5564165541837862,1.0282246902469716,1.7509874664214768,-1.5708310942495272,-1.8944702159090707,1.4604242997745214,-1.0421605732241535,-0.5570880955778663,1.0282246902469716,1.3032654914522241,-1.405232619027593,-1.722231782176384,0.8394558093729136,0.5132641307637229,0.021376746691827677
929,80.3,53.86,69.5,7.03,20.48,57.6,67.15,chickpea,39,weather update day 39,humidity,unknown,0.0,80.3,53.86,69.5,7.03,20.48,57.6,67.15,failure,R2,chickpea,3.4,0,2,1,0,2,2,0.5433614668510706,0.24872217076586822,1.2029246106224005,0.4824679264860945,-1.0926605391134832,-0.4847938389339319,-1.188217170577325,0.5210178637384,0.24253531916827978,1.2029246106224005,0.3212153961438808,-0.9739963119897855,-0.43324046569791175,-0.7927470112097288,-0.855993145764458,-1.453238897477863
930,81.23,42.99,61.76,6.81,23.09,81.91,105.54,blackgram,138,weather update day 138,soil_moisture,unknown,0.26,81.23,42.99,61.76,6.81,23.09,81.91,105.54,failure,R2,blackgram,2.6,2,2,1,0,1,1,0.5840025199754697,-0.4610797708564142,0.7695344235372027,0.2376659100073357,-0.5748077802317095,1.1627654266557608,-0.6670683517222823,0.5594262110666743,-0.4624043822340404,0.7695344235372027,0.1316969566984104,-0.5164651081813803,1.073268135436302,-0.4715934758595794,1.4415741487489302,-0.08395294217743601
931,67.53,53.92,43.91,6.94,22.48,76.72,76.94,jute,108,weather update day 108,rainfall,unknown,0.46,67.53,53.92,43.91,6.94,22.48,76.72,76.94,success,R3,jute,3.5,1,2,2,2,7,7,-0.01468826260975993,0.25264012076562337,-0.22995069784145114,0.3823216470175118,-0.6958385016561853,0.8110240614393682,-1.0553167554538327,-0.006374174306826007,0.24642643067556044,-0.22995069784145114,0.24368512546164323,-0.623397688381812,0.7516400136803758,-0.7108482586419257,0.7453416352600247,0.9693439465152001
932,75.62,77.49,20.45,6.4,21.46,74.06,52.97,coconut,78,weather update day 78,temperature,increase,0.2,75.62,77.49,20.45,6.4,25.75,74.06,52.97,failure,R3,coconut,2.3,3,1,2,0,3,3,0.33884519951538666,1.791741479002716,-1.5435597145105386,-0.21855602979398536,-0.8982177407594071,0.6307481401531247,-1.3807123581617091,0.3277371481509564,1.7749847344522565,-1.5435597145105386,-0.22149649863178275,-0.05016893878277541,0.5867978549384176,-0.9113705363794375,0.04910912177111924,-0.39994200878522684
933,61.88,58.06,65.0,6.66,34.33,62.32,187.49,wheat,53,weather update day 53,rainfall,increase,0.52,61.88,58.06,65.0,6.66,34.33,62.32,284.98,success,R1,wheat,0.5,1,1,0,2,15,15,-0.2615935853547633,0.5229786707487191,0.9509535716193785,0.07075544422636486,1.655332070278304,-0.16490573800495828,0.4454126512777374,-0.23971520915064173,0.5149131246779162,0.9509535716193785,0.0024798388946814113,1.4538991564954307,-0.1407385900354893,1.029521147303505,-0.5310846394696354,1.285333013122991
934,42.97,67.26,56.44,7.38,23.82,43.31,160.78,coconut,21,weather update day 21,temperature,decrease,0.0,42.97,67.26,56.44,7.38,23.82,43.31,160.78,success,R2,coconut,4.2,3,0,1,2,3,3,-1.0879616655508721,1.1237310040444874,0.4716486618714078,0.8719256799750275,-0.42996773655979575,-1.4532686190769477,0.08282122247809695,-1.020684938158882,1.1115502224609288,0.4716486618714078,0.6227220043525825,-0.38849661056446977,-1.3188022884131696,-0.00948039191213865,-1.2737326538578013,-1.453238897477863
935,69.81,54.6,80.64,6.23,27.39,57.36,99.22,sugarcane,49,weather update day 49,humidity,decrease,0.06,69.81,54.6,80.64,6.23,27.39,57.33,99.22,success,R3,sugarcane,-1.8,0,0,2,2,13,13,0.08494786763070167,0.2970435540961801,1.826692916065437,-0.4077212243457529,0.27835960030148105,-0.5010593355913375,-0.7528631038755481,0.08778822559474926,0.29052569442473963,1.826692916065437,-0.3679425654760094,0.23732193257576295,-0.4499725645175844,-0.5244637635233707,-0.6239156412681561,-1.137249830870072
936,79.42,53.28,52.46,7.53,28.7,59.996,218.36,coffee,149,weather update day 149,soil_moisture,increase,0.21,84.43,53.28,52.46,7.53,28.7,68.25,218.36,failure,R1,coffee,1.3,2,1,0,0,4,4,0.5049054165828225,0.2108486541015699,0.2487942762642908,1.0388361457559991,0.5382780348360109,-0.3224099639708342,0.8644765751656033,0.6915839653144994,0.20492124126456823,0.2487942762642908,0.7519391221563122,0.46696403103898537,0.2267478766336135,0.47220808335385783,1.6968594036948623,-0.34727716435059514
937,64.55,53.65,49.42,6.63,33.61,66.15,282.65,wheat,17,weather update day 17,humidity,decrease,0.0,64.55,53.65,49.42,6.63,33.61,66.15,282.65,success,UNKNOWN,wheat,1.1,0,0,6,2,15,15,-0.14491443283632827,0.23500934576672564,0.0785738410266938,0.0373733510701703,1.5124761367936772,0.09466447948613729,1.7372209764208957,-0.1294460829501131,0.22891642889279792,0.0785738410266938,-0.02336358466606469,1.3276836519965605,0.0966093302583835,1.0100294115034045,-1.3665636556563219,-1.453238897477863
938,58.99,81.17,66.65,7.73,22.66,66.56,226.92,groundnut,46,weather update day 46,humidity,decrease,0.06,58.99,81.17,66.65,7.73,22.66,66.52,226.92,partial,UNKNOWN,groundnut,1.9,0,0,6,1,6,6,-0.3878867504402606,2.0320424123210237,1.0433429525871536,1.2613834334639613,-0.6601245182850285,0.12245136960920469,0.9806795939048362,-0.3590701809557086,2.0136395735654617,1.0433429525871536,0.924228612561285,-0.5918438122570945,0.11953850271497111,0.5438172071516508,-0.6935388926170466,-1.137249830870072
939,60.08,50.7,37.99,6.62,33.7,79.53,181.25,cotton,9,weather update day 9,rainfall,decrease,0.26,60.08,50.7,37.99,6.62,33.7,79.53,180.78,unknown,R5,cotton,-1.5,1,0,4,3,5,5,-0.34025368817618046,0.04237680411210459,-0.5614325980409819,0.026245986684772443,1.5303331284792563,1.0014659181364904,0.360703908645399,-0.31405394591504343,0.0376034464515061,-0.5614325980409819,-0.031978059186313135,1.3434605900589198,0.925777782877708,0.157830644998593,-1.5522256592533634,-0.08395294217743601
940,67.23,33.85,35.87,7.27,12.44,62.76,64.15,cotton,105,weather update day 105,humidity,increase,0.54,91.66,33.85,35.87,7.27,12.44,63.1,64.15,partial,R3,cotton,-1.4,0,1,2,1,5,5,-0.02779827974666264,-1.0579141541524275,-0.680138954193517,0.749524671735648,-2.687885129691821,-0.13508566079971512,-1.228942527612103,0.9901778913181782,-1.0551503685097725,-0.680138954193517,0.5279627846298472,-2.383402778893839,-0.09240141566754655,-0.8178436667463386,0.6757183839111341,1.3906627019922546
941,50.63,70.35,48.1,7.29,20.13,73.83,213.7,groundnut,22,weather update day 22,unknown,increase,0.0,50.63,70.35,48.1,7.29,20.13,73.83,213.7,partial,R3,groundnut,-0.7,4,1,2,1,6,6,-0.7532192279886196,1.3255054290318697,0.004662336252474014,0.7717794005064447,-1.1621043956685106,0.615160372523111,0.8012165205715811,-0.7043323139281511,1.3119424650858749,0.004662336252474014,0.5451917336703449,-1.035351071121181,0.5725445855735112,0.4332246117536572,-1.2505249034081711,-1.453238897477863
942,67.55,43.47,62.69,5.45,17.29,64.93,126.62,sugarcane,82,weather update day 82,soil_moisture,decrease,0.44,67.55,43.47,62.69,5.45,17.29,64.93,126.62,success,R5,sugarcane,1.7,2,0,4,2,13,13,-0.013814261467299915,-0.42973617085837434,0.8216084382644938,-1.2756556464068045,-1.7255916888578735,0.011981538144326363,-0.3809048429579087,-0.005548188342777266,-0.4312754901757964,0.8216084382644938,-1.0398715780554026,-1.5332011166445034,0.021005031888011665,-0.2952476429556683,0.14194012356963998,0.8640142576459364
943,67.9,65.78,31.23,5.89,25.61,66.32,72.4,banana,38,weather update day 38,rainfall,decrease,0.31,67.9,65.78,31.23,5.89,25.61,66.32,72.18,success,R4,banana,-0.9,1,0,3,2,0,0,0.001480758525753766,1.0270882373838637,-0.9399490921877438,-0.786051613449289,-0.07481201303551431,0.10618587295179863,-1.1169477957664635,0.008906566028078931,1.0155694719480093,-0.9399490921877438,-0.6608346991644634,-0.07471084243533366,0.10714435544113947,-0.7506682854266797,-0.8792008962140881,0.17937127999572294
944,59.16,49.27,65.14,6.49,29.06,78.45,201.01,banana,34,weather update day 34,rainfall,decrease,0.4,59.16,49.27,65.14,6.49,29.06,78.45,120.61,unknown,R1,banana,6.8,1,0,0,3,0,0,-0.38045774072934924,-0.0510010042153898,0.9587926706105837,-0.11840975032540267,0.6097060015783243,0.928271183178166,0.62894826031447,-0.3520493002612931,-0.05513471113867953,0.9587926706105837,-0.14396622794954522,0.5300717832884205,0.8588493875990182,-0.34552460954734315,-0.9720318980126088,0.6533548799074093
945,63.96,62.37,25.69,5.03,36.53,59.786,33.27,lentil,48,weather update day 48,rainfall,increase,0.0,63.96,62.37,25.69,5.03,36.53,92.54,33.27,success,UNKNOWN,lentil,-0.1,1,1,6,2,8,8,-0.1706974665389037,0.8044180790644536,-1.2501534379825752,-1.7430049505935246,2.0918363114813325,-0.336642273546064,-1.6481422026900847,-0.15381266888955564,0.7944246346175663,-1.2501534379825752,-1.401679507905845,1.839557642464202,1.7320170630404448,-1.0761719077365082,-0.6471233917177862,-1.453238897477863
946,82.71,31.41,49.08,6.72,32.8,45.37,-31.17,mango,10,weather update day 10,humidity,increase,0.0,82.71,31.41,49.08,6.72,32.8,45.37,-31.17,failure,R2,mango,0.6,0,1,1,0,10,10,0.6486786045175232,-1.2172441208091314,0.05953602919090973,0.137519630538753,1.351763211623471,-1.3136564394342178,-2.522922871797117,0.6205491724062929,-1.2133889031391802,0.05953602919090973,0.054166686016172846,1.1856912094353307,-1.1911425714927057,-1.6152480686628856,-1.5290179088037332,-1.453238897477863
947,81.25,56.26,68.48,6.78,23.25,84.05,232.02,jute,104,weather update day 104,soil_moisture,decrease,0.06,81.25,56.26,68.48,6.78,23.25,84.05,232.02,success,R2,jute,0.7,2,0,1,2,7,7,0.5848765211179296,0.40544017075606853,1.145811175115049,0.2042838168511421,-0.5430620172351257,1.307799438517626,1.049912700863959,0.560252197030723,0.39817977945950034,1.145811175115049,0.10585353313766505,-0.4884172182927423,1.2058855112662987,0.5864815215638876,0.6525106334615041,-1.137249830870072
948,80.42,18.74,37.95,6.99,23.89,84.08,185.29,groundnut,120,weather update day 120,rainfall,increase,0.0,80.42,18.74,37.95,6.99,23.89,84.08,185.29,success,UNKNOWN,groundnut,-2.1,1,1,6,2,6,6,0.5486054737058319,-2.044584562424064,-0.5636723406098976,0.4379584689445021,-0.4160789652487903,1.3098326255998018,0.41554738945223324,0.5259737795226936,-2.0350619497599163,-0.5636723406098976,0.2867574980628862,-0.3762256587381907,1.2077446333573736,0.19555928382196291,1.023834640655587,-1.453238897477863
949,69.24,46.4,84.06,6.68,25.6,52.2,79.45,rice,50,weather update day 50,soil_moisture,increase,0.55,80.66,46.4,84.06,6.68,25.6,52.2,79.45,failure,R6,rice,2.3,2,1,5,0,12,12,0.06003883507058596,-0.23840961253700474,2.018190905707734,0.09301017299716058,-0.07679612322280041,-0.8507675137255543,-1.0212432067347352,0.5358856110912802,-0.24125954490359788,2.018190905707734,0.0197087879351783,-0.07646383555337317,-0.7678824420913611,-0.6898507235096288,-0.6007078908185259,1.4433275464268864
950,35.91,64.73,57.11,6.92,23.15,62.19,31.64,mango,27,weather update day 27,temperature,decrease,0.19,35.91,64.73,57.11,6.92,23.1,62.19,31.64,partial,R1,mango,2.6,3,0,0,1,10,10,-1.396484068839319,0.9585241123881512,0.5091643499007468,0.3600669182467151,-0.5629031191079908,-0.17371621536105306,-1.6702696466789808,-1.3122579834681458,0.9474750205706004,0.5091643499007468,0.22645617642114557,-0.51471211506334,-0.1487947857634799,-1.0898077572447327,-1.1344861511600202,-0.45260685321985866
951,94.44,76.24,29.74,7.13,21.17,65.45,134.6,lentil,86,weather update day 86,soil_moisture,increase,0.48,108.03,76.24,29.74,7.13,21.17,65.45,134.6,failure,R3,lentil,-7.2,2,1,2,0,8,8,1.1612802745704243,1.7101175206744865,-1.0233795028798556,0.593741570340075,-0.9557569361907151,0.04722344756870456,-0.2725753932453993,1.6662474028922076,1.6939199113839123,-1.0233795028798556,0.4073601413463667,-0.8530397868450345,0.05322981479997322,-0.22849053922828644,0.2347711253681607,1.0746736353844635
952,69.23,73.85,43.43,7.25,21.77,45.75,177.23,cotton,42,weather update day 42,humidity,increase,0.56,69.23,73.85,43.43,7.25,21.77,71.37,177.23,partial,R3,cotton,5.3,0,1,2,1,5,5,0.059601834499356264,1.554052512350912,-0.25682760866843996,0.7272699429648523,-0.8367103249535263,-1.2879027363933258,0.30613193021879626,0.06383463263733108,1.5389239696772383,-0.25682760866843996,0.5107338355893504,-0.7478601997626427,0.4200965741053846,0.12813293594693803,-0.7863698944155674,1.4959923908615183
953,59.64,53.62,46.64,7.2,24.06,51.73,129.06,cotton,21,weather update day 21,humidity,decrease,0.0,59.64,53.62,46.64,7.2,24.06,51.73,129.06,unknown,R1,cotton,-1.1,0,0,0,3,5,5,-0.35948171331030454,0.23305037076684804,-0.07708826751295093,0.671633121037862,-0.3823490920649203,-0.8826207780129737,-0.3477815525696226,-0.33222563712411923,0.2269708731391576,-0.07708826751295093,0.4676614629881074,-0.34642477573151326,-0.7970086881848654,-0.274835696452559,-1.2737326538578013,-1.453238897477863
954,103.67,55.89,28.42,6.4,20.41,74.64,68.92,sugarcane,130,weather update day 130,temperature,increase,0.44,103.67,55.89,28.42,6.4,29.39,74.64,68.92,unknown,R1,sugarcane,1.8,3,1,0,3,13,13,1.5646318018158016,0.3812794790909128,-1.0972910076540752,-0.21855602979398536,-1.1065493104244886,0.6700564237418545,-1.164189209926806,1.4861824627295461,0.3741845918312707,-1.0972910076540752,-0.22149649863178275,0.5879205561837365,0.6227408820325288,-0.7779399844431291,1.2559121451518889,0.8640142576459364
955,93.54,77.51,16.11,5.52,21.98,57.95,131.97,groundnut,6,weather update day 6,soil_moisture,increase,0.48,93.54,77.51,16.11,5.52,21.98,57.95,131.97,success,R6,groundnut,-1.3,2,1,5,2,6,6,1.121950223159716,1.7930474623359682,-1.7865717832378976,-1.1977640957090185,-0.7950440110205098,-0.4610733229752155,-0.308277956245888,1.0678205719387757,1.7762817716213506,-1.7865717832378976,-0.9795702564136628,-0.7110473442838053,-0.4115507079687066,-0.2504919405820476,-1.621848910602254,1.0746736353844635
956,62.8,64.01,59.72,6.67,27.11,47.74,196.12,maize,38,weather update day 38,temperature,decrease,0.29,62.8,64.01,59.72,6.67,19.25,47.74,196.12,success,R3,maize,0.0,3,0,2,2,9,9,-0.22138953280159482,0.9115087123910911,0.6553075525224994,0.08188280861176273,0.2228045150574591,-1.153034659942339,0.5625659283477821,-0.2017198548043923,0.9007816824832343,0.6553075525224994,0.011094313414929856,-1.1896144655086893,-1.0442719262978026,0.2861582103091242,-0.8792008962140881,0.07404159112645924
957,79.97,61.31,64.9,5.52,27.53,46.45,132.91,blackgram,16,weather update day 16,soil_moisture,decrease,0.47,79.86,61.31,64.9,5.52,27.53,46.45,132.91,success,R1,blackgram,1.9,2,0,0,2,1,1,0.5289404480004776,0.7352009624021154,0.9453542151970895,-1.1977640957090185,0.306137142923492,-1.240461704475893,-0.29551734437499094,0.5028461725293242,0.7256816646556108,0.9453542151970895,-0.9795702564136628,0.2618638362283212,-1.1242141762140156,-0.24262832184724323,-1.389771406105952,1.0220087909498317
958,33.46,64.15,45.46,7.57,25.99,54.17,168.49,blackgram,102,weather update day 102,temperature,decrease,0.46,33.46,64.15,45.46,7.57,14.04,54.17,168.49,unknown,R3,blackgram,-3.7,3,0,2,3,1,1,-1.5035492087906919,0.9206505957238528,-0.14316067329596555,1.0833456032975917,0.0005841740813720852,-0.7172548953293514,0.18748539005747658,-1.4134412640641365,0.9098609426668889,-0.14316067329596555,0.7863970202373067,-2.1029238800074603,-0.6458000914441213,0.055018012816948465,0.6060951325622437,0.9693439465152001
959,117.66,82.21,46.7,6.65,32.84,63.65,101.75,chickpea,42,weather update day 42,unknown,decrease,0.53,117.66,82.21,46.7,6.65,32.84,63.65,101.75,success,UNKNOWN,chickpea,2.7,4,0,6,2,2,2,2.175995600966704,2.09995354565011,-0.07372865365957718,0.059628079840967005,1.3596996523726184,-0.07476777736183655,-0.7185180527762186,2.063959644581755,2.0810855063583236,-0.07372865365957718,-0.006134635625567033,1.1927031819074914,-0.0583175106645102,-0.5032989173541631,-0.7863698944155674,1.3379978575576228
960,69.78,76.78,63.25,6.68,17.7,43.65,150.26,mungbean,55,weather update day 55,rainfall,increase,0.35,69.78,76.78,63.25,6.68,17.7,43.65,150.79,partial,R1,mungbean,-1.5,1,1,0,1,11,11,0.08363686591701133,1.745379070672282,0.8529648342293145,0.09301017299716058,-1.6442431711791274,-1.4302258321456236,-0.059989029523858116,0.08654924664867586,1.7289399149494373,0.8529648342293145,0.0197087879351783,-1.4613283988048689,-1.2977322380476564,-0.09305225484904918,-0.48466913857037497,0.39003065773425005
961,75.2,61.73,25.73,5.44,28.61,69.45,165.03,cotton,116,weather update day 116,rainfall,unknown,0.1,75.2,61.73,25.73,5.44,28.61,69.45,165.03,success,R2,cotton,1.0,1,2,1,2,5,5,0.32049117552372264,0.7626266124004002,-1.2479136954136596,-1.2867830107922025,0.5204210431504325,0.31831505852546194,0.14051547827736582,0.3103914429059293,0.7529194452065741,-1.2479136954136596,-1.048486052575651,0.4511870929766266,0.30111276027660244,0.026073203431391825,0.9310036388570662,-0.9265904531315449
962,63.79,35.47,32.99,9.5,25.11,44.54,43.83,mango,83,weather update day 83,temperature,increase,0.51,63.79,35.47,32.99,11.59,37.91,44.54,43.83,failure,R3,mango,2.0,3,1,2,0,10,10,-0.17812647624981537,-0.9521295041590423,-0.8414004191554507,3.2309269296794234,-0.17401752239983878,-1.369907948707745,-1.5047889459276662,-0.16083354958397142,-0.9500903578131987,-0.8414004191554507,4.249415777377255,2.081470692753703,-1.2425782826791063,-0.987831680247642,0.16514787401927017,1.232668168688359
963,96.6,36.69,83.45,5.91,19.61,47.74,83.42,blackgram,101,weather update day 101,temperature,unknown,0.59,96.6,36.69,83.45,5.91,19.61,47.74,83.42,partial,R3,blackgram,-0.7,3,2,2,1,1,1,1.2556723979561246,-0.8724645208306906,1.9840348315317686,-0.7637968846784923,-1.265278125407408,-1.153034659942339,-0.9673499842587122,1.194196424438258,-0.870971090498495,1.9840348315317686,-0.6436057501239657,-1.1265067132592541,-1.0442719262978026,-0.6566394826828487,0.5828873821126135,1.6539869241654133
964,91.84,27.85,56.22,6.3,22.85,67.95,153.74,cotton,23,weather update day 23,humidity,decrease,0.0,91.84,27.85,56.22,6.3,22.85,67.95,153.74,unknown,R6,cotton,-2.4,0,0,5,3,5,5,1.0476601260506,-1.4497091541279283,0.4593300777423712,-0.3298296736479669,-0.6224264247265849,0.21665570441667792,-0.012747615363515364,0.9976117649946187,-1.444261519237824,0.4593300777423712,-0.3076412438342695,-0.5585369430143368,0.20815665572286648,-0.06837387690471612,-1.227317152958541,-1.453238897477863
965,60.87,43.88,57.85,5.5,23.19,80.49,120.78,coffee,45,weather update day 45,temperature,increase,0.11,60.87,43.88,57.85,5.5,25.74,80.49,120.78,failure,R5,coffee,-0.9,3,1,4,0,4,4,-0.30573064304900305,-0.40296351252671486,0.5505995874256883,-1.2200188244798142,-0.5549666783588444,1.0665279047661118,-0.46018353798561,-0.28142750033511166,-0.40468622820937933,0.5505995874256883,-0.9967992054541597,-0.05192193190081555,0.9852696897920986,-0.3441024657336019,-0.7167466430666768,-0.8739256086969132
966,110.74,46.67,79.85,4.93,26.74,59.99,118.05,coffee,102,weather update day 102,rainfall,unknown,0.58,110.74,46.67,79.85,4.93,26.74,59.99,118.05,unknown,R3,coffee,2.0,1,2,2,3,4,4,1.8735912056754782,-0.22077883753810698,1.7824580003293506,-1.854278594447506,0.1493924381278588,-0.32281660138726936,-0.49724361288725805,1.778168501020834,-0.22374954312083536,1.7824580003293506,-1.4878242531083317,0.1233773799031712,-0.2851304057756257,-0.36694042227191687,0.6060951325622437,1.6013220797307814
967,79.04,30.15,73.57,5.84,15.48,87.42,31.62,jute,69,weather update day 69,temperature,increase,0.17,79.04,30.15,73.57,5.84,15.51,87.42,31.62,success,R4,jute,2.9,3,1,3,2,7,7,0.4882993948760791,-1.2995210708039866,1.4308184170095777,-0.8416884353762792,-2.084715632756728,1.5361941207486944,-1.6705411490592128,0.4689807480033193,-1.2951022447920713,1.4308184170095777,-0.7039070717657064,-1.8452338916555997,1.4147268928303591,-1.0899750682816436,-0.1597606322755524,-0.5579365420891222
968,34.71,54.37,53.65,7.03,29.36,91.56,46.91,lentil,59,weather update day 59,temperature,increase,0.4,34.71,54.37,53.65,7.03,41.11,91.56,46.91,failure,R1,lentil,-0.1,3,1,0,0,8,8,-1.4489241373869302,0.28202474576378567,0.3154266176895342,0.4824679264860945,0.6692293071969192,1.8167739380889383,-1.4629775793719608,-1.3618171413110798,0.27560976698016404,0.3154266176895342,0.3212153961438808,2.642428490526461,1.6712857413986704,-0.9620657805633893,-0.39183813677185425,0.6533548799074093
969,79.78,65.94,62.19,6.12,21.06,4.71,93.27,chickpea,16,weather update day 16,rainfall,increase,0.21,79.78,65.94,62.19,6.12,21.06,4.71,112.86,failure,R1,chickpea,-1.5,1,1,0,0,2,2,0.5206374371471059,1.0375361040498767,0.793611656153047,-0.5301222325851322,-0.9775821482508671,-4.069302664809657,-0.8336350619945245,0.4995422286731286,1.025945769300757,0.793611656153047,-0.46270178519874455,-0.8723227111434735,-3.7108727122626415,-0.4103576363502517,-1.389771406105952,-0.34727716435059514
970,82.89,54.59,43.44,6.62,26.7,67.85,78.94,banana,81,weather update day 81,rainfall,increase,0.25,82.89,54.59,43.44,6.62,26.7,67.85,79.14,failure,R1,banana,0.6,1,1,0,0,0,0,0.6565446147996652,0.2963905624295544,-0.2562676730262111,0.026245986684772443,0.141455997378713,0.2098784141427584,-1.0281665174306476,0.6279830460827334,0.289877175840193,-0.2562676730262111,-0.031978059186313135,0.11636540743101188,0.20195958208595022,-0.6924440445817452,0.1187323731200098,-0.13661778661206786
971,22.68,34.7,37.97,6.24,19.6,81.95,107.31,rice,40,weather update day 40,rainfall,increase,0.08,22.68,34.7,37.97,6.24,19.6,81.95,115.9,partial,R1,rice,1.8,1,1,0,1,12,12,-1.974635824576734,-1.0024098624892315,-0.56255246932544,-0.39659385996035507,-1.267262235594694,1.1654763427653287,-0.6430403910717633,-1.8586476986864966,-1.0000262888232985,-0.56255246932544,-0.35932809095576096,-1.1282597063772937,1.0757469648910687,-0.38492635873982045,-0.8327853953148278,-1.0319201420008084
972,74.1,45.86,39.52,5.69,31.48,58.58,181.34,coffee,111,weather update day 111,rainfall,decrease,0.09,74.1,45.86,39.52,5.69,31.48,58.58,165.02,failure,R1,coffee,-1.3,1,0,0,0,4,4,0.27242111268841185,-0.2736711625347998,-0.4757624447799544,-1.00859890115725,1.089860666901655,-0.41837639424952655,0.3619256693564423,0.2649622148832392,-0.2762795484691225,-0.4757624447799544,-0.8331241895694353,0.9542961178540688,-0.3725091440561378,0.025989547912936534,0.8149648866089153,-0.9792552975661767
973,64.63,72.51,58.31,6.86,22.76,72.64,124.26,blackgram,26,weather update day 26,temperature,decrease,0.0,64.63,72.51,58.31,6.86,22.76,72.64,124.26,failure,R1,blackgram,1.4,3,0,0,0,1,1,-0.1414184282664876,1.466551629023051,0.5763566269682194,0.29330273193432693,-0.6402834164121634,0.5345106182634758,-0.41294212382526746,-0.12614213909391753,1.4520224793479741,0.5763566269682194,0.17476932929965414,-0.5743138810766956,0.4987994092942141,-0.3149903453111346,-1.1576939016096504,-1.453238897477863
974,80.28,45.09,54.01,5.92,25.13,39.5,87.23,chickpea,145,weather update day 145,unknown,unknown,0.39,80.28,45.09,54.01,5.92,25.13,39.5,87.23,success,R6,chickpea,-3.6,4,2,5,2,2,2,0.5424874657086106,-0.3239515208649888,0.33558430080977597,-0.7526695202930944,-0.17004930202526589,-1.7114833785132593,-0.9156287808245441,0.5201918777743513,-0.3262154794792222,0.33558430080977597,-0.6349912756037173,-0.15885451210124737,-1.5549107939796591,-0.6247667301513542,1.6040284018963415,0.6006900354727774
975,49.93,55.48,63.18,5.75,21.31,67.7,163.52,rice,103,weather update day 103,rainfall,decrease,0.0,49.93,55.48,63.18,5.75,21.31,67.7,163.52,success,R1,rice,4.0,1,0,0,2,12,12,-0.7838092679747264,0.3545068207592533,0.8490452847337119,-0.9418347148448619,-0.9279793935687048,0.19971247873188058,0.12001704856986099,-0.7332418226698628,0.3475953298648536,0.8490452847337119,-0.7814373424479439,-0.8284978831924769,0.19266397163057716,0.01344122014463166,0.6293028830118739,-1.453238897477863
976,65.92,96.77,47.78,5.6,25.71,64.24,159.64,rice,49,weather update day 49,rainfall,decrease,0.0,65.92,96.77,47.78,5.6,25.71,64.24,159.64,partial,R1,rice,2.0,1,0,0,1,12,12,-0.08504535457780513,3.050709412257326,-0.013255604298852006,-1.1087451806258337,-0.05497091116264914,-0.034781764745715094,0.0673455868048811,-0.07286604441276287,3.025328565458396,-0.013255604298852006,-0.9106544602516736,-0.057180911254934734,-0.021754776206707616,-0.01901712101605048,-0.6239156412681561,-1.453238897477863
977,86.45,55.03,51.25,5.74,23.05,83.68,146.91,rice,24,weather update day 24,temperature,increase,0.31,86.45,55.03,51.25,5.74,23.12,83.68,146.91,success,UNKNOWN,rice,1.1,3,1,6,2,12,12,0.812116818157579,0.325122195761091,0.1810420635545893,-0.9529620792302598,-0.5827442209808553,1.2827234645041266,-0.1054656782126935,0.7750085476834386,0.31841199356024996,0.1810420635545893,-0.7900518169681924,-0.5112061288272604,1.182956338809711,-0.12551059600973108,-1.2041094025089107,0.17937127999572294
978,58.81,44.65,46.92,7.05,25.5,35.45,113.83,wheat,97,weather update day 97,humidity,decrease,0.0,58.81,44.65,46.92,7.05,25.5,35.45,113.83,success,R4,wheat,1.5,0,0,3,2,15,15,-0.3957527607224023,-0.35268315419652585,-0.06141006953054061,0.5047226552568902,-0.09663722509566558,-1.9859636346069758,-0.5545306151161791,-0.36650405463214875,-0.35475029719927964,-0.06141006953054061,0.33844434518437766,-0.0939937667337721,-1.805892276274746,-0.40224305106008124,0.4900563803140927,-1.453238897477863
979,59.02,43.68,71.67,7.39,26.12,89.82,180.54,blackgram,14,weather update day 14,temperature,unknown,0.08,59.02,43.68,71.67,7.39,26.12,89.82,180.54,failure,R2,blackgram,3.5,3,2,1,0,1,1,-0.3865757487265703,-0.4160233458592318,1.32443064498608,0.8830530443604253,0.026377606516096955,1.6988490873227482,0.35106557414716805,-0.3578312020096352,-0.41765659990031456,1.32443064498608,0.631336478872831,0.01469180658469986,1.5634566601163362,0.15582291255566413,-1.4361869070052125,-1.0319201420008084
980,85.27,66.91,31.54,6.04,25.18,89.3,183.79,cotton,85,weather update day 85,temperature,increase,0.52,85.27,66.91,31.54,6.04,38.28,89.3,183.79,failure,R2,cotton,-0.0,3,1,1,0,5,5,0.7605507507524275,1.1008762957125826,-0.9225910872786468,-0.6191411476683172,-0.1601287510888333,1.66360717789837,0.39518471093484425,0.7262753758045529,1.088852072001792,-0.9225910872786468,-0.5316175813607337,2.146331438121179,1.5312318772043747,0.18301095605365802,0.21156337491853053,1.285333013122991
981,45.25,59.44,51.44,5.78,21.59,89.24,268.3,groundnut,126,weather update day 126,soil_moisture,increase,0.38,50.41,59.44,51.44,5.78,21.59,89.24,268.3,failure,R1,groundnut,-0.6,2,1,0,0,6,6,-0.9883255353104106,0.613091520743084,0.19168084075693897,-0.9084526216886674,-0.872424308324683,1.6595408037340185,1.5424180186045413,-0.7134181595326893,0.6044086893453677,0.19168084075693897,-0.7555939188871978,-0.7794140758873603,1.527513633022225,0.8899837425199547,1.163081143353368,0.5480251910381456
982,49.75,23.6,39.98,6.1,28.63,68.66,78.42,wheat,52,weather update day 52,temperature,decrease,0.35,49.75,23.6,39.98,6.1,18.61,68.66,78.42,success,R6,wheat,-4.2,3,0,5,2,15,15,-0.791675278256868,-1.7272306124439083,-0.4500054052374236,-0.552376961355929,0.5243892635250054,0.26477446536150195,-1.0352255793166756,-0.740675696346303,-1.719881917670194,-0.4500054052374236,-0.4799307342392422,-1.3018060250632408,0.2521558785449678,-0.6984672419105316,-0.5542923899192655,0.39003065773425005
983,85.01,44.26,68.26,5.27,28.25,61.53,107.72,mango,98,weather update day 98,humidity,increase,0.15,85.01,44.26,68.26,5.27,28.25,70.76,107.72,unknown,R5,mango,2.3,0,1,4,3,10,10,0.7491887359004454,-0.37814982919493345,1.1334925909860125,-1.475948205343971,0.448993076408119,-0.2184463311689178,-0.6374745922770103,0.7155375582719176,-0.38004252199660304,1.1334925909860125,-1.1949321194198785,0.38807934072719147,0.38229442492019866,-0.4533565728363097,0.5132641307637229,-0.6632662309583859
984,60.89,53.67,56.54,7.07,31.89,71.12,500.0,watermelon,21,weather update day 21,soil_moisture,increase,0.29,60.94,53.67,56.54,7.07,31.89,71.12,1004.81,failure,R1,watermelon,-1.4,2,1,0,0,14,14,-0.3048566419065427,0.2363153290999775,0.4772480182936973,0.5269773840276869,1.1712091845804014,0.4314958060999083,4.687773093590564,-0.2785365494609405,0.2302134660618916,0.4772480182936973,0.3556732942248753,1.0261688356937033,0.40460389001309527,7.051296332276102,-1.2737326538578013,0.07404159112645924
985,76.1,37.99,53.05,6.79,26.72,48.07,178.07,watermelon,22,weather update day 22,unknown,decrease,0.42,76.1,37.99,53.05,6.79,26.72,48.07,178.07,unknown,R5,watermelon,6.2,4,0,4,3,14,14,0.35982122693443075,-0.7875756041693317,0.2818304791557979,0.21541118123653996,0.1454242177532859,-1.1306696020384064,0.3175350301885342,0.3475608112881297,-0.7866636745074168,0.2818304791557979,0.1144680076579135,0.11987139366709154,-1.023821583295981,0.1351599994971888,-1.2505249034081711,0.7586845687766727
986,35.82,35.1,35.19,6.4,10.99,75.75,500.0,lentil,6,weather update day 6,humidity,decrease,0.52,35.82,35.1,35.19,6.4,10.99,36.36,978.38,success,R6,lentil,3.5,0,0,5,2,8,8,-1.4004170739803896,-0.9762901958241981,-0.7182145778650847,-0.21855602979398536,-2.9755811068483617,0.7452843457823546,4.687773093590564,-1.3159749203063658,-0.9740855454414283,-0.7182145778650847,-0.22149649863178275,-2.63758678100962,-1.749498906178813,6.830194796998571,-1.621848910602254,1.285333013122991
987,64.98,47.54,21.43,7.69,25.88,70.33,175.02,chickpea,73,weather update day 73,soil_moisture,increase,0.43,73.36,47.54,21.43,7.69,25.88,70.33,175.02,failure,R2,chickpea,2.5,2,1,1,0,2,2,-0.1261234082734339,-0.1639685625416595,-1.4886860215721027,1.216873975922369,-0.021241037978779184,0.37795521293594825,0.27613091720317673,0.23440073421342986,-0.16732842626526803,-1.4886860215721027,0.8897707144802904,-0.027380028248257308,0.35564700828146056,0.10964506636830236,-0.06692963047703168,0.8113494132113045
988,68.45,50.23,57.69,6.47,36.09,68.24,213.22,groundnut,104,weather update day 104,temperature,decrease,0.32,68.45,50.23,57.69,6.47,24.54,68.24,213.22,success,R4,groundnut,-5.6,3,0,3,2,6,6,0.02551578994340884,0.011686195780689952,0.541640617150025,-0.14066447909619936,2.0045354632407273,0.23630984621104228,0.7947004634460167,0.03162118003942371,0.007123072977808335,0.541640617150025,-0.16119517699004288,-0.2622811060655995,0.2261281692699216,0.4292091468677997,0.6525106334615041,0.2320361244303548
989,70.3,49.84,37.68,5.2,23.63,46.11,500.0,wheat,35,weather update day 35,rainfall,increase,0.22,70.3,49.84,37.68,5.2,23.63,46.11,1351.32,partial,R4,wheat,-5.1,1,1,3,1,15,15,0.10636089562097607,-0.013780479217717186,-0.5787906029500791,-1.553839756041757,-0.4676658301182393,-1.2635044914072175,4.687773093590564,0.10802488171394724,-0.0181691518195146,-0.5787906029500791,-1.2552334410616184,-0.4218034798072275,-1.1452842265795293,9.950043702272982,-0.9488241475629786,-0.29461231991596326
990,10.63,70.24,60.96,6.92,22.96,71.42,107.74,banana,51,weather update day 51,soil_moisture,increase,0.18,10.63,70.24,60.96,6.92,22.96,71.42,107.74,partial,R2,banana,0.6,2,1,1,1,0,0,-2.5012215129089976,1.3183225206989857,0.7247395721588878,0.3600669182467151,-0.6006012126664337,0.45182767692166487,-0.6372030898967785,-2.356304242025962,1.3048087606558607,0.7247395721588878,0.22645617642114557,-0.5392540187158983,0.42319511092384227,-0.453189261799399,-0.5775001403688957,-0.5052716976544905
991,44.39,76.32,10.53,7.86,27.06,63.55,117.3,wheat,120,weather update day 120,rainfall,decrease,0.59,44.39,76.32,10.53,7.86,27.06,63.55,116.61,success,R1,wheat,1.2,1,0,0,2,15,15,-1.0259075844361987,1.7153414540074932,-2.0990158716016447,1.4060391704741364,0.2128839641210265,-0.08154506763575559,-0.5074249521459525,-0.9620399347114097,1.6991080600602861,-2.0990158716016447,1.0362167813245171,0.179473159680447,-0.06451458430142602,-0.3789868169294895,1.023834640655587,1.6539869241654133
992,54.59,57.74,16.63,6.65,28.57,44.71,145.41,coconut,27,weather update day 27,temperature,increase,0.2,54.59,57.74,16.63,6.65,28.63,44.71,145.41,success,R1,coconut,-2.7,3,1,0,2,3,3,-0.5801670017815022,0.5020829374166923,-1.757455129841993,0.059628079840967005,0.5124846024012867,-1.3583865552420826,-0.1258283567300825,-0.5407870930464678,0.49416052997242005,-1.757455129841993,-0.006134635625567033,0.45469307921270624,-1.2320432574963494,-0.13805892377803597,-1.1344861511600202,-0.39994200878522684
993,54.44,31.49,23.37,6.36,22.3,51.64,271.23,blackgram,48,weather update day 48,rainfall,unknown,0.1,54.44,31.49,23.37,6.36,22.3,51.64,271.23,partial,R1,blackgram,-2.0,1,2,0,1,1,1,-0.5867220103499537,-1.2120201874761247,-1.380058506979689,-0.2630654873355778,-0.731552485027342,-0.8887203392595004,1.582193117308508,-0.5469819877768348,-1.2082007544628064,-1.380058506979689,-0.2559543967127773,-0.6549515645065296,-0.8025860544580893,0.914494809427377,-0.6471233917177862,-0.9265904531315449
994,61.62,51.85,54.54,7.31,29.64,82.08,153.68,mango,58,weather update day 58,unknown,decrease,0.43,61.62,51.85,54.54,7.31,29.64,82.08,153.68,failure,R3,mango,-1.9,4,0,2,0,10,10,-0.272955600206746,0.11747084577407552,0.3652608898479097,0.7940341292772405,0.7247843924409412,1.1742868201214232,-0.013562122504210955,-0.25045302668327774,0.11218308367438258,0.3652608898479097,0.5624206827108418,0.6317453841347331,1.083803160619059,-0.06887581001544833,-0.41504588722148444,0.8113494132113045
995,73.51,29.95,40.59,6.61,23.73,61.72,144.52,coffee,112,weather update day 112,rainfall,unknown,0.42,73.51,29.95,40.59,6.61,23.73,61.72,144.52,success,R2,coffee,-0.2,1,2,1,2,4,4,0.24663807898583676,-1.3125809041365033,-0.41584933106145805,0.015118622299374584,-0.4478247282453741,-0.20556947964847197,-0.1379102126503998,0.24059562894379688,-1.3080726164830063,-0.41584933106145805,-0.04059253370656158,-0.40427354862682857,-0.17792103185698377,-0.1455042649205634,0.8381726370585455,0.7586845687766727
996,75.3,49.32,68.68,7.65,20.05,61.17,151.96,groundnut,97,weather update day 97,rainfall,increase,0.08,75.3,49.32,68.68,7.65,20.05,61.17,164.12,failure,R3,groundnut,-1.0,1,1,2,0,6,6,0.3248611812360233,-0.04773604588226081,1.157009887959628,1.1723645183807765,-1.1779772771668022,-0.24284457615502592,-0.036911327204150336,0.3145213727261736,-0.05189211821594595,1.157009887959628,0.8553128163992958,-1.0493750160654998,-0.21200493686002012,0.01846055125195356,0.4900563803140927,-1.0319201420008084
997,52.64,43.21,30.43,5.89,26.79,69.17,215.45,mungbean,21,weather update day 21,humidity,unknown,0.3,52.64,43.21,30.43,5.89,26.79,69.17,215.45,failure,R5,mungbean,-2.3,0,2,4,0,11,11,-0.6653821131713706,-0.44671395419064597,-0.9847439435660589,-0.786051613449289,0.15931298906429137,0.29933864575848884,0.8249729788418683,-0.6213207245412361,-0.44813697337401187,-0.9847439435660589,-0.6608346991644634,0.13214234549337067,0.2837609540932383,0.4478643274833462,-1.2737326538578013,0.12670643556109107
998,79.37,37.25,50.06,6.8,30.84,96.79,164.23,blackgram,48,weather update day 48,temperature,decrease,0.53,79.37,37.25,50.06,6.8,30.68,96.79,164.23,failure,R1,blackgram,-1.3,3,0,0,0,1,1,0.5027204137266721,-0.8358969874996437,0.11440972212934584,0.22653854562193784,0.9628776149153198,2.171226219414899,0.12965538306809152,0.48260951641012617,-0.8346540497638766,0.11440972212934584,0.12308248217816194,0.8140566684108792,1.9953926926093635,0.019380761954962463,-0.6471233917177862,1.3379978575576228
999,67.23,44.34,104.84,7.23,28.07,61.5,122.93,cotton,14,weather update day 14,rainfall,unknown,0.0,67.23,44.34,104.84,7.23,28.07,61.5,122.93,failure,R3,cotton,-0.4,1,2,2,0,5,5,-0.02779827974666264,-0.3729258958619264,3.181737170259466,0.7050152141940565,0.41327909303696225,-0.22047951825109355,-0.4309970321106857,-0.018763963767559472,-0.37485437332022864,3.181737170259466,0.4935048865488535,0.3565254646024739,-0.1915545938581983,-0.32611652926569823,-1.4361869070052125,-1.453238897477863
1000,63.11,50.63,43.75,6.24,13.88,45.58,188.56,mango,10,weather update day 10,soil_moisture,unknown,0.0,56.2,50.63,43.75,6.24,13.88,45.58,188.56,failure,R1,mango,2.4,2,2,0,0,10,10,-0.20784251509346177,0.037805862445723724,-0.23890966811711395,-0.39659385996035507,-2.4021732627225663,-1.2994241298589881,0.45993802862014144,-0.4742952229405309,0.03306381635967882,-0.23890966811711395,-0.35932809095576096,-2.130971769896098,-1.1781287168551828,0.22291463835686762,-1.5290179088037332,-1.453238897477863
1001,110.71,79.88,45.64,6.04,29.49,59.79,80.61,watermelon,32,weather update day 32,soil_moisture,unknown,0.5,110.71,79.88,45.64,6.04,29.49,59.79,80.61,success,R1,watermelon,3.8,2,2,0,2,14,14,1.8722802039617878,1.9478064873262906,-0.1330818317358447,-0.6191411476683172,0.6950227396316434,-0.3363711819351074,-1.0054960686812877,1.7769295220747605,1.9299806761589304,-0.1330818317358447,-0.5316175813607337,0.6054504873641348,-0.29752455304945735,-0.6801466833688065,-1.0184473989118692,1.1800033242537271
1002,48.3,56.196000000000005,36.47,6.75,19.78,60.634,147.36,rice,24,weather update day 24,rainfall,increase,0.28,48.3,44.55,36.47,6.75,19.78,79.38,188.62,failure,R3,rice,-1.8,1,1,2,0,12,12,-0.8550403610852318,0.40126102408966363,-0.6465428156597806,0.17090172369494755,-1.2315482522235373,-0.2791708520232315,-0.09935687465747656,-0.8005596787398488,-0.36123548304474723,-0.6465428156597806,0.08001010957691895,-1.096705830252576,0.916482172422334,0.22341657146759983,-1.2041094025089107,0.021376746691827677
1003,48.67,42.008,37.87,6.38,27.08,84.16,94.28,blackgram,100,weather update day 100,temperature,increase,0.33,48.67,37.71,37.87,6.38,27.17,84.16,94.28,failure,R1,blackgram,-1.9,3,1,0,0,1,1,-0.8388713399497182,-0.5252035525190711,-0.5681518257477294,-0.24081075856478207,0.2168521844955994,1.315254457818937,-0.8199241917928158,-0.7852789384049438,-0.804822194874726,-0.5681518257477294,-0.2387254476722804,0.19875608397888608,1.212702292266906,-0.5657895896403213,0.5596796316629833,0.28470096886498664
1004,68.04,62.15,78.08,6.7,29.28,62.924,211.05,jute,4,weather update day 4,humidity,unknown,0.05,68.04,62.15,78.08,6.7,29.28,69.93,211.05,failure,R2,jute,-1.4,0,2,1,0,7,7,0.0075987665229751145,0.7900522623986853,1.683349391654829,0.11526490176795728,0.6533564256986276,-0.12397090475048796,0.7652424551908608,0.014688467776421294,0.7801572257575378,1.683349391654829,0.036937736975675955,0.568637631885298,0.3308587137337982,0.4110558993629854,-1.6682644115015144,-1.1899146753047039
1005,82.87,53.84,37.74,6.46,24.54,79.85,190.88,wheat,80,weather update day 80,rainfall,decrease,0.5,82.87,53.84,37.74,6.46,24.54,79.85,95.44,failure,R4,wheat,-4.5,1,0,3,0,15,15,0.6556706136572052,0.2474161874326168,-0.5754309890967053,-0.15179184348159724,-0.28711180307516876,1.0231532470130307,0.49143230472703636,0.6271570601186847,0.24123828199918654,-0.5754309890967053,-0.16980965151029132,-0.2622811060655995,0.9456084185158379,-0.556085549499499,0.0955246226703796,1.1800033242537271
1006,51.77,31.44,27.53,6.91,25.65,77.97,217.54,coffee,144,weather update day 144,soil_moisture,increase,0.29,56.27,31.44,27.53,6.91,25.65,77.97,217.54,failure,R1,coffee,-2.2,2,1,0,0,4,4,-0.7034011628683888,-1.2152851458092537,-1.1471252798124507,0.34893955386131725,-0.06687557228636852,0.8957401898633549,0.853344977576097,-0.4714042720663597,-1.21144334738554,-1.1471252798124507,0.21784170190089713,-0.06769886996317434,0.8291034341418224,0.4653483308405177,1.5808206514467114,0.07404159112645924
1007,89.4,45.013999999999996,41.66,6.16,25.74,92.61,125.62,cotton,141,weather update day 141,rainfall,unknown,0.0,89.4,60.81,41.66,6.16,25.74,92.61,125.62,success,R3,cotton,0.8,1,2,2,2,5,5,0.941031986670457,-0.3289142575313456,-0.3559362173429621,-0.4856127750435399,-0.049018580600790146,1.887935485965087,-0.3944799619695014,0.8968414773806523,0.6932557354282731,-0.3559362173429621,-0.42824388711775,-0.05192193190081555,1.7363550145862854,-0.30361319480120486,1.5111974000978208,-1.453238897477863
1008,0.0,40.32,49.66,6.02,32.87,55.6,197.52,jute,112,weather update day 112,unknown,increase,0.24,-9.25,40.32,49.66,6.02,32.87,55.6,197.52,failure,R4,jute,-5.0,4,1,3,0,7,7,-2.965753120126588,-0.6354285458455123,0.09201229644018802,-0.6413958764391139,1.3656519829344766,-0.6203396444123106,0.5815710949640119,-3.1773342902905743,-0.6355588443080235,0.09201229644018802,-0.5488465304012313,1.1979621612616098,-0.5571819384362263,0.2978699828928755,0.8381726370585455,-0.1892826310466997
1009,74.77,29.65,28.66,6.21,28.72,97.14,140.44,watermelon,94,weather update day 94,temperature,increase,0.57,74.77,29.65,28.66,6.21,45.1,97.14,140.44,success,R2,watermelon,-0.4,3,1,1,2,14,14,0.30170015096082825,-1.3321706541352782,-1.0838525522405809,-0.4299759531165496,0.5422462552105838,2.1949467353736147,-0.19329669821769807,0.29263274467887757,-1.327528174019409,-1.0838525522405809,-0.38517151451650705,3.3418727446243683,2.017082450338568,-0.17963571645035276,0.4204331289652022,1.5486572352961496
1010,52.56,69.56,63.56,5.18,27.73,64.31,224.63,lentil,95,weather update day 95,unknown,decrease,0.59,52.56,69.56,63.56,5.18,27.73,64.31,224.63,success,R4,lentil,-4.7,4,0,3,2,8,8,-0.6688781177412114,1.2739190873684294,0.8703228391384117,-1.5760944848125535,0.34581934666922165,-0.030037661553971338,0.9495925713682891,-0.6246246683974317,1.2607094969066819,0.8703228391384117,-1.272462390102116,0.29692369858911843,-0.017416824660866147,0.5246600934253721,0.4436408794148324,1.6539869241654133
1011,94.22,58.67,30.62,7.02,26.82,60.31,263.91,wheat,13,weather update day 13,rainfall,increase,0.0,94.22,58.67,30.62,7.02,26.82,60.31,263.91,success,R2,wheat,0.3,1,1,1,2,15,15,1.1516662620033622,0.562811162412895,-0.974105166363709,0.47134056210069564,0.16526531962615107,-0.30112927251072874,1.4828232461436497,1.0959040947164382,0.554472758335268,-0.974105166363709,0.31260092162363157,0.13740132484749046,-0.2652997701374954,0.8532589699180493,-1.4593946574548426,-1.453238897477863
1012,77.54,34.37,33.0,6.21,24.8,64.37,152.93,banana,149,weather update day 149,temperature,increase,0.5,77.54,34.37,33.0,6.21,37.2,64.37,152.93,failure,R3,banana,7.4,3,1,2,0,0,0,0.4227493091915649,-1.0239585874878843,-0.8408404835132219,-0.4299759531165496,-0.2355249382057197,-0.025971287389619825,-0.02374346176290546,0.4070318006996514,-1.0214274021133416,-0.8408404835132219,-0.38517151451650705,1.9570081813728735,-0.013698580478716568,-0.07514997389960078,1.6968594036948623,1.1800033242537271
1013,58.78,46.24,77.62,6.31,22.55,54.73,117.05,sugarcane,88,weather update day 88,temperature,increase,0.29,58.78,46.24,77.62,6.31,29.09,54.73,117.05,success,UNKNOWN,sugarcane,0.2,3,1,6,2,13,13,-0.39706376243609265,-0.24885747920301787,1.6575923521122982,-0.31870230926256904,-0.6819497303451798,-0.6793020697954056,-0.5108187318988507,-0.36774303357822213,-0.2516358422563457,1.6575923521122982,-0.29902676931402106,0.5353307626425403,-0.6110964790773935,-0.3753059741174534,0.2811866262674211,0.07404159112645924
1014,76.5,43.31,61.57,5.61,29.71,66.71,111.6,coconut,54,weather update day 54,soil_moisture,unknown,0.0,76.5,43.31,61.57,5.61,29.71,66.71,111.6,failure,R3,coconut,-0.5,2,2,2,0,3,3,0.3773012497836348,-0.4401840375243875,0.758895646334853,-1.0976178162404349,0.7386731637519466,0.1326173050200825,-0.5848031305120308,0.36408053056910805,-0.4416517875285443,0.758895646334853,-0.9020399857314244,0.6440163359610123,0.13131294262511087,-0.42089823167562784,-0.5078768890200052,-1.453238897477863
1015,65.94,49.18,40.42,6.57,25.81,52.38,250.97,chickpea,126,weather update day 126,temperature,unknown,0.58,65.94,49.18,40.42,6.57,25.81,52.38,250.97,unknown,R4,chickpea,-4.5,3,2,3,3,2,2,-0.08417135343534511,-0.056877929215022535,-0.42536823697935006,-0.029390835242217833,-0.035129809289784666,-0.8385683912325003,1.3071612061336402,-0.07204005844871414,-0.060971378399600526,-0.42536823697935006,-0.07505043178755612,-0.039650980074536435,-0.7567277095449128,0.7450087290368057,1.163081143353368,1.6013220797307814
1016,74.36,50.31,28.58,6.97,33.58,70.37,-2.61,sugarcane,76,weather update day 76,rainfall,increase,0.48,74.36,50.31,28.58,6.97,33.58,70.37,-3.86,success,R2,sugarcane,6.0,1,1,1,2,13,13,0.28378312754039453,0.016910129113696982,-1.0883320373784124,0.41570374017370537,1.5065238062318176,0.3806661290455163,-2.1352174728260302,0.27570003241587515,0.012311221654182709,-1.0883320373784124,0.26952854902238854,1.3224246726424405,0.35812583773622725,-1.3867848477612816,0.0026936208718588727,1.0746736353844635
1017,0.0,65.06,43.13,5.62,17.38,63.18,88.46,banana,119,weather update day 119,rainfall,decrease,0.0,-10.22,65.06,43.13,5.62,17.38,63.18,88.46,failure,R2,banana,-1.3,1,0,1,0,0,0,-2.965753120126588,0.9800728373868036,-0.27362567793530795,-1.0864904518550371,-1.707734697172295,-0.10662104164925547,-0.8989313844402853,-3.217394609546946,0.9688761338606431,-0.27362567793530795,-0.893425511211176,-1.5174241785821447,-0.08744375675801407,-0.6144771013813444,1.0006268902059567,-1.453238897477863
1018,64.87,29.94,70.63,6.77,19.67,71.58,252.09,coffee,50,weather update day 50,temperature,decrease,0.18,64.87,29.94,70.63,6.77,16.13,71.58,252.09,success,R3,coffee,-1.2,3,0,2,2,4,4,-0.1309304145569649,-1.3132338958031289,1.2661973381942702,0.19315645246574328,-1.2533734642836885,0.46267134135993493,1.322365339426624,-0.1162303075253303,-1.308721135067553,1.2661973381942702,0.09723905861741584,-1.7365483183371282,0.4331104287429072,0.7543781471038067,-0.6007078908185259,-0.5052716976544905
1019,41.66,23.05,70.9,6.35,27.46,56.39,73.93,coffee,126,weather update day 126,humidity,increase,0.4,41.66,23.05,70.9,6.35,27.46,56.61,73.93,success,R5,coffee,-3.2,0,1,4,2,4,4,-1.1452087403820146,-1.7631451541083292,1.2813156005344521,-0.2741928517209766,0.2922483716124865,-0.5667990512483511,-1.0961778636787267,-1.0747870188040853,-1.7555504398202655,1.2813156005344521,-0.2645688712330265,0.24959288440204208,-0.4945914947033776,-0.7360285696969908,1.163081143353368,0.6533548799074093
1020,56.35,49.28,70.88,7.12,28.46,66.33,63.26,banana,56,weather update day 56,rainfall,increase,0.37,56.35,49.28,70.88,7.12,28.46,66.33,86.67,failure,R6,banana,-3.0,1,1,5,0,0,0,-0.5032549012450056,-0.050348012548764094,1.2801957292499937,0.5826142059546772,0.4906593903411354,0.10686360197919087,-1.2410243835324206,-0.4681003282101642,-0.05448619255413291,1.2801957292499937,0.3987456668261183,0.42489219620602886,0.10776406280483136,-0.6294514391848548,-0.4614613881207448,0.49536034660351375
1021,0.0,47.24,12.67,6.18,16.06,61.14,500.0,banana,131,weather update day 131,humidity,decrease,0.39,-8.15,47.24,12.67,6.18,16.06,37.29,1077.86,unknown,UNKNOWN,banana,-0.1,0,0,6,3,0,0,-2.965753120126588,-0.18355831254043437,-1.9791896441646522,-0.4633580462727442,-1.9696372418941117,-0.24487776323720167,4.687773093590564,-3.131905062267885,-0.18678398380167044,-1.9791896441646522,-0.41101493807725314,-1.7488192701634073,-1.6918661213554969,7.66239989459255,1.279119895601519,0.6006900354727774
1022,88.59,52.79,62.32,6.48,32.62,52.08,234.96,chickpea,14,weather update day 14,unknown,decrease,0.4,88.59,52.79,62.32,6.48,32.62,52.08,234.96,failure,R1,chickpea,-2.1,4,0,0,0,2,2,0.9056349404008193,0.17885206243690385,0.8008908195020232,-0.12953711471080054,1.3160492282523144,-0.8589002620542573,1.0898235507580416,0.8633890458366715,0.1731438306217772,0.8008908195020232,-0.15258070246979366,1.154137333310613,-0.7753189304556602,0.6110762439897651,-1.4361869070052125,0.6533548799074093
1023,85.35,49.97,67.61,8.39,18.81,61.62,7.29,mungbean,129,weather update day 129,soil_moisture,decrease,0.24,85.29,49.97,67.61,8.39,18.81,61.62,7.29,failure,R4,mungbean,0.6,2,0,3,0,11,11,0.7640467553222682,-0.005291587551581628,1.0970967742411313,1.9957894829002358,-1.4240069403903273,-0.21234676992239102,-2.0008237946112626,0.7271013617686023,-0.009738410220407109,1.0970967742411313,1.4927839308976945,-1.2667461627024437,-0.1841181054938996,-1.2935089446835488,1.2327043947022587,-0.1892826310466997
1024,85.18,56.72,75.58,6.84,35.24,73.1,213.73,wheat,4,weather update day 4,temperature,increase,0.48,85.18,56.72,75.58,6.84,52.16,73.1,213.73,success,UNKNOWN,wheat,4.1,3,1,6,2,15,15,0.7566177456113571,0.43547778742085697,1.5433654810975945,0.2710480031635302,1.8358860973213755,0.5656861535235025,0.8016237741419289,0.7225584389663333,0.428011634348651,1.5433654810975945,0.15754038025915648,4.579485885960514,0.5273059480240261,0.4334755783090233,-1.6682644115015144,1.0746736353844635
1025,75.63,73.53,44.94,5.45,31.44,67.73,207.22,mungbean,108,weather update day 108,humidity,decrease,0.51,75.63,73.53,44.94,5.45,31.44,67.38,207.22,unknown,R3,mungbean,-0.1,0,0,2,3,11,11,0.33928220008661636,1.5331567790188858,-0.17227732669187049,-1.2756556464068045,1.0819242261525093,0.20174566581405634,0.7132497493764607,0.32815014113298047,1.5181713749717427,-0.17227732669187049,-1.0398715780554026,0.9472841453819094,0.17283333599244635,0.3790158357945802,0.7453416352600247,1.232668168688359
1026,79.45,49.06,51.19,6.8,24.75,70.62,224.03,coconut,138,weather update day 138,temperature,increase,0.48,79.45,49.06,51.19,6.8,24.87,70.62,224.03,success,R2,coconut,-2.2,3,1,1,2,3,3,0.5062164182965128,-0.06471382921453239,0.17768244970121555,0.22653854562193784,-0.24544548914215228,0.3976093547303136,0.9414474999613336,0.4859134602663217,-0.0687536014141614,0.17768244970121555,0.12308248217816194,-0.2044323331702836,0.37361852182851657,0.5196407623180501,1.4415741487489302,1.0746736353844635
1027,67.2,68.96,61.42,6.48,29.91,69.03,79.81,groundnut,89,weather update day 89,soil_moisture,increase,0.17,67.2,68.96,61.42,6.48,29.91,69.03,79.81,success,UNKNOWN,groundnut,-0.4,2,1,6,2,6,6,-0.029109281460352975,1.2347395873708786,0.750496611701419,-0.12953711471080054,0.7783553674976763,0.2898504393750023,-1.0163561638905618,-0.020002942713632878,1.2217983818338762,0.750496611701419,-0.15258070246979366,0.6790761983218095,0.2750850510015563,-0.6868391248452357,0.3043943767170513,-0.5579365420891222
1028,78.75,56.73,57.73,6.89,25.54,42.84,209.52,lentil,73,weather update day 73,soil_moisture,decrease,0.49,78.63,56.73,57.73,6.89,25.54,42.84,209.52,partial,R3,lentil,-0.1,2,0,2,1,8,8,0.47562637831040605,0.4361307790874827,0.5438803597189407,0.32668482509052055,-0.08870078434651979,-1.4851218833643665,0.744472523103124,0.45204803574031627,0.42866015293319765,0.5438803597189407,0.20061275286039948,-0.08698179426161277,-1.3479285345066734,0.3982566050393144,-0.06692963047703168,1.1273384798190953
1029,0.0,27.34,49.2,7.22,24.26,50.59,101.68,rice,70,weather update day 70,soil_moisture,unknown,0.5,-8.2,27.34,49.2,7.22,24.26,50.59,101.68,failure,R1,rice,1.6,2,2,0,0,12,12,-2.965753120126588,-1.483011729125846,0.06625525689765724,0.6938878498086577,-0.34266688831918996,-0.9598818871356491,-0.71946831110703,-3.1339700271780067,-1.4773359670497086,0.06625525689765724,0.4848904120286043,-0.3113649133707154,-0.8676553276457043,-0.5038845059833507,-0.13655288182592223,1.1800033242537271
1030,85.9,80.1,70.27,7.76,30.39,85.23,269.65,chickpea,28,weather update day 28,temperature,decrease,0.13,85.9,80.1,70.27,7.76,30.35,85.23,269.65,success,R5,chickpea,0.6,3,0,4,2,2,2,0.7880817867399239,1.9621723039920589,1.2460396550740285,1.294765526620155,0.8735926564874278,1.38777146374987,1.560744429270191,0.7522939336720939,1.944248085018959,1.2460396550740285,0.9500720361220303,0.7562078955155639,1.2790109801819047,0.9012772375114289,-1.11127840071039,-0.7685959198276494
1031,78.74,62.02,58.94,6.89,26.56,63.04,211.18,watermelon,74,weather update day 74,humidity,unknown,0.11,78.74,62.02,58.94,6.89,26.56,63.04,211.18,failure,R2,watermelon,0.0,0,2,1,0,14,14,0.47518937773917574,0.7815633707325498,0.6116325724286422,0.32668482509052055,0.11367845475670203,-0.11610924803274202,0.7670072206623678,0.45659095854258525,0.7717264841584304,0.6116325724286422,0.20061275286039948,0.09182350377845364,-0.09611965984969612,0.41214342110290514,-0.043721880027401495,-0.8739256086969132
1032,84.37,47.6,37.39,4.82,25.58,61.414,225.56,mango,46,weather update day 46,rainfall,decrease,0.0,84.37,47.6,37.39,4.82,25.58,81.45,225.56,failure,R1,mango,0.2,1,0,0,0,10,10,0.7212206993417194,-0.16005061254190436,-0.5950287365747182,-1.9766796026868845,-0.08076434359737401,-0.22630798788666373,0.9622174320490704,0.6891060074223525,-0.16343731475798737,-0.5950287365747182,-1.5825834728310662,-0.07996982178945346,1.04476159670649,0.5324400566417211,-0.6935388926170466,-1.453238897477863
1033,85.93,74.96,42.15,7.19,21.09,54.7,173.1,chickpea,5,weather update day 5,rainfall,increase,0.09,85.93,74.96,42.15,7.19,21.09,54.7,173.25,unknown,UNKNOWN,chickpea,2.4,1,1,6,3,2,2,0.7893927884536143,1.6265345873463797,-0.32849937087374403,0.6605057566524641,-0.9716298176890075,-0.6813352568775809,0.2500666887009186,0.7535329126181672,1.6109095325619278,-0.32849937087374403,0.45904698846785896,-0.8670637317893537,-0.6129556011684678,0.09483803960170252,-1.6450566610518842,-0.9792552975661767
1034,70.68,51.67,44.78,6.82,29.46,76.02,90.85,rice,130,weather update day 130,humidity,decrease,0.29,70.68,51.67,44.78,6.82,29.46,53.97,90.85,partial,UNKNOWN,rice,-0.9,0,0,6,1,12,12,0.1229669173277201,0.1057169957748105,-0.1812362969675333,0.24879327439273455,0.6890704090697843,0.7635830295219355,-0.8664868500025789,0.12371861503087683,0.10050974915254106,-0.1812362969675333,0.1403114312186596,0.6001915080100156,-0.6581942387179529,-0.5944834324705119,1.2559121451518889,0.07404159112645924
1035,64.66,56.95,41.53,8.5,29.9,66.26,168.75,cotton,36,weather update day 36,soil_moisture,increase,0.29,64.66,56.95,41.53,8.5,29.9,66.26,168.75,success,R6,cotton,1.2,2,1,5,2,5,5,-0.14010742655279726,0.45049659575325146,-0.36321538069193804,2.118190491139614,0.7763712573103895,0.10211949878744808,0.19101492100049056,-0.12490316014784413,0.4429275617932266,-0.36321538069193804,1.587543150620429,0.6773232052037693,0.10342611125899077,0.0571930562967879,-0.9256163971133484,0.07404159112645924
1036,45.82,41.22,73.8,5.95,33.85,56.8,158.89,chickpea,121,weather update day 121,humidity,decrease,0.0,45.82,41.22,73.8,5.95,33.85,56.8,158.89,success,R1,chickpea,-0.6,0,0,0,2,2,2,-0.9634165027502951,-0.5766592958491872,1.4436969367808434,-0.7192874271368999,1.5600947812885533,-0.5390121611252837,0.0571642475461866,-0.902981938281913,-0.5771921716988159,1.4436969367808434,-0.6091478520429712,1.3697554868295174,-0.48281705479323783,-0.025291284900202916,1.0470423911052171,-1.453238897477863
1037,46.96,52.67,50.22,7.24,23.78,82.92,117.58,banana,129,weather update day 129,humidity,increase,0.24,46.96,52.67,50.22,7.24,23.78,102.83,117.58,success,R3,banana,-4.0,0,1,2,2,0,0,-0.9135984376300643,0.171016162437394,0.12336869240500865,0.7161425785794544,-0.43790417730894154,1.2312160584223424,-0.5036239188227066,-0.8559007383311253,0.16536160760721633,0.12336869240500865,0.5021193610691019,-0.3955085830366291,2.369695940279073,-0.37087223163931904,1.2327043947022587,-0.1892826310466997
1038,48.22,47.66,48.68,6.97,26.02,40.61,118.2,sugarcane,38,weather update day 38,humidity,unknown,0.26,48.22,47.66,48.68,6.97,26.02,40.61,118.2,unknown,R2,sugarcane,0.7,0,2,1,3,13,13,-0.8585363656550725,-0.15613266254214966,0.0371386035017523,0.41570374017370537,0.006536504643231779,-1.6362554564727592,-0.49520734503551905,-0.8038636225960444,-0.15954620325070715,0.0371386035017523,0.26952854902238854,-0.0028381245956990643,-1.4861232766098944,-0.3656855894950863,-0.8792008962140881,-0.08395294217743601
1039,93.5,21.82,42.1,6.47,26.08,67.71,186.63,watermelon,14,weather update day 14,rainfall,increase,0.43,93.5,21.82,42.1,6.47,26.08,67.71,266.88,success,R1,watermelon,-1.7,1,1,0,2,14,14,1.1202022208747955,-1.843463129103307,-0.33129904908488855,-0.14066447909619936,0.01844116576695046,0.20039020775927185,0.43373804892776746,1.0661686000106776,-1.8353182257195162,-0.33129904908488855,-0.16119517699004288,0.007679834112539917,0.19328367899426815,0.8781046588992927,-1.4361869070052125,0.8113494132113045
1040,37.26,64.13,67.21,6.94,25.83,95.91,144.11,mango,129,weather update day 129,rainfall,increase,0.57,37.26,64.13,67.21,6.94,25.83,95.91,226.25,failure,R2,mango,-1.0,1,1,1,0,10,10,-1.3374889917232562,0.9193446123906005,1.0746993485519734,0.3823216470175118,-0.03116158891521177,2.1115860650044116,-0.14347601144515276,-1.2565039308948445,0.9085639054977946,1.0746993485519734,0.24368512546164323,-0.03614499383845677,1.9408584446045043,0.5382122874151414,1.2327043947022587,1.5486572352961496
1041,0.0,55.63,57.26,6.2,31.57,65.524,186.59,mungbean,142,weather update day 142,rainfall,increase,0.0,-18.55,55.63,57.26,6.2,31.57,48.6,186.59,failure,R4,mungbean,-6.2,1,1,3,0,11,11,-2.965753120126588,0.3643016957586412,0.5175633845341807,-0.4411033175019475,1.1077176585872335,0.05223864237140444,0.43319504416730387,-3.561417763573315,0.3573231086330552,0.5175633845341807,-0.3937859890367555,0.9700730559164276,-0.9909770930203274,0.20643450122116055,1.534405150547451,-1.453238897477863
1042,73.83,61.03,39.75,7.47,31.47,63.75,208.87,sugarcane,139,weather update day 139,humidity,decrease,0.43,73.83,61.03,39.75,7.47,31.47,63.47,208.87,failure,R2,sugarcane,-7.2,0,0,1,0,13,13,0.26062209726519947,0.716917195736592,-0.462883925008689,0.9720719594436101,1.0878765567143684,-0.06799048708791752,0.7356486957455887,0.2538114043685791,0.7075231442883017,-0.462883925008689,0.70025227503482,0.9525431247360286,-0.06947224321095849,0.3928189963397156,1.4647818991985604,0.8113494132113045
1043,86.36,39.24,36.22,6.13,31.53,39.53,173.17,coconut,38,weather update day 38,rainfall,decrease,0.36,86.36,39.24,36.22,6.13,31.53,39.53,172.54,success,R3,coconut,-2.8,1,0,2,2,3,3,0.808183813016508,-0.7059516458411024,-0.6605412067155041,-0.5189948681997344,1.0997812178380877,-1.7094501914310833,0.25101694703173,0.7712916108452185,-0.7055988514390726,-0.6605412067155041,-0.4540873106784961,0.9630610834442682,-1.5530516718885843,0.08889849779137148,-0.8792008962140881,0.44269550216888187
1044,100.36,39.03,67.26,5.98,19.84,52.95,157.88,mango,123,weather update day 123,rainfall,unknown,0.43,100.36,39.03,67.26,5.98,19.84,52.95,157.88,success,R5,mango,3.1,1,2,4,2,10,10,1.4199846127386402,-0.719664470840245,1.0774990267631188,-0.6859053339807053,-1.2196435910998187,-0.7999378366711623,0.04345337734447812,1.3494817856794523,-0.7192177417145545,1.0774990267631188,-0.5833044284822251,-1.0861878715443372,-0.7214043898144931,-0.03374049226419479,1.0934578920044775,0.8113494132113045
1045,39.11,57.55,9.81,6.73,20.67,66.38,153.83,chickpea,8,weather update day 8,soil_moisture,increase,0.0,39.11,57.55,9.81,6.73,20.67,66.38,153.83,success,R2,chickpea,0.4,2,1,1,2,2,2,-1.2566438860456886,0.4896760957508012,-2.139331237842128,0.14864699492415184,-1.0549624455550397,0.11025224711615014,-0.011525854652471978,-1.1801002292203207,0.48183867686603143,-2.139331237842128,0.06278116053642206,-0.9406894427470278,0.11086259962328905,-0.0676209772386178,-1.5754334097029936,-1.453238897477863
1046,96.7,42.91,20.93,6.45,25.99,49.52,185.42,mango,135,weather update day 135,temperature,unknown,0.19,96.7,42.91,20.93,6.45,25.99,49.52,185.42,success,R1,mango,3.4,3,2,0,2,10,10,1.260042403668426,-0.46630370418942124,-1.5166828036835496,-0.1629192078669951,0.0005841740813720852,-1.0323988930665817,0.41731215492374024,1.1983263542585028,-0.46759253091041475,-1.5166828036835496,-0.17842412603053975,-0.008097103949818866,-0.9339640155607026,0.19664680556188263,1.3719508974000396,-0.45260685321985866
1047,67.58,60.91,40.73,7.16,14.04,65.22399999999999,208.76,cotton,88,weather update day 88,rainfall,decrease,0.41,67.58,60.91,40.73,7.16,14.04,49.7,207.9,failure,R3,cotton,-0.7,1,0,2,0,5,5,-0.012503259753609582,0.7090812957370817,-0.4080102320702533,0.6271236634962696,-2.3704274997259827,0.03190677154964686,0.7341554326543133,-0.004309209396703861,0.6997409212737403,-0.4080102320702533,0.43320356490711287,-2.1029238800074603,-0.9228092830142544,0.3847044110495451,0.2811866262674211,0.7060197243420409
1048,78.63,29.85,60.92,7.51,29.89,51.63,106.08,coconut,98,weather update day 98,temperature,decrease,0.0,78.63,29.85,60.92,7.51,29.89,51.63,106.08,failure,R1,coconut,-1.6,3,0,0,0,3,3,0.4703823714556447,-1.3191108208027613,0.722499829589972,1.0165814169852025,0.7743871471231034,-0.8893980682868923,-0.6597377874560223,0.45204803574031627,-1.3145578023284736,0.722499829589972,0.7347101731158145,0.6755702120857299,-0.8032057618217807,-0.4670760778629897,0.5132641307637229,-1.453238897477863
1049,68.86,44.95,35.84,7.42,19.06,69.5,128.69,mango,46,weather update day 46,temperature,increase,0.5,68.86,44.95,35.84,7.42,19.15,69.5,128.69,unknown,R2,mango,1.3,3,1,1,3,10,10,0.04343281336384257,-0.3330934041977505,-0.6818187611202035,0.9164351375166199,-1.374404185708165,0.32170370366242124,-0.35280434660391197,0.048553892302426134,-0.33529473966287676,-0.6818187611202035,0.657179902433577,-1.2071443966890882,0.3042112970950601,-0.2779309506354076,-0.6935388926170466,1.1800033242537271
1050,32.41,32.16,51.33,6.87,29.69,66.66,177.69,sugarcane,23,weather update day 23,temperature,increase,0.25,32.41,32.16,51.33,6.87,37.11,66.66,177.69,success,R1,sugarcane,4.9,3,1,0,2,13,13,-1.5494342687698521,-1.1682697458121938,0.18552154869242068,0.3044300963197248,0.7347049433773737,0.12922865988312324,0.312376484964129,-1.4568055271767042,-1.164750009298174,0.18552154869242068,0.18338380381990257,1.9412312433105139,0.12821440580665316,0.13198108979588494,-1.227317152958541,-0.13661778661206786
1051,87.81,62.15,17.55,5.96,21.5,64.02,151.1,mango,54,weather update day 54,rainfall,increase,0.18,87.81,62.15,17.55,5.96,21.5,64.02,151.37,unknown,R1,mango,-4.1,1,1,0,3,10,10,0.8715488958448718,0.7900522623986853,-1.7059410507569306,-0.708160062751502,-0.8902813000102613,-0.04969180334833667,-0.04858592955412022,0.8311755932387642,0.7801572257575378,-1.7059410507569306,-0.6005333775227227,-0.7951910139497191,-0.03538833820792215,-0.08820023477863786,-0.5078768890200052,-0.5052716976544905
1052,80.04,40.05,49.15,6.25,30.5,73.1,148.16,wheat,26,weather update day 26,soil_moisture,decrease,0.05,78.84,40.05,49.15,6.25,30.5,73.1,148.16,failure,R1,wheat,-2.1,2,0,0,0,15,15,0.5319994519990885,-0.65305932084441,0.0634555786865123,-0.38546649557495716,0.8954178685475791,0.5656861535235025,-0.08849677944820265,0.46072088836283015,-0.653068846090786,0.0634555786865123,-0.35071361643551247,0.7825027922861617,0.5273059480240261,-0.11505365620281036,-1.1576939016096504,-1.1899146753047039
1053,67.03,57.5,43.06,6.96,24.06,65.52,284.19,sugarcane,91,weather update day 91,humidity,decrease,0.0,67.03,57.5,43.06,6.96,24.06,65.52,284.19,success,R4,sugarcane,1.1,0,0,3,2,13,13,-0.036538291171264656,0.48641113741767217,-0.27754522743091053,0.4045763757883075,-0.3823490920649203,0.051967550760447345,1.7581266596987488,-0.027023823408048642,0.47859608394329783,-0.27754522743091053,0.2609140745021401,-0.34642477573151326,0.05756776634581381,1.0229123613455309,0.3508098776163116,-1.453238897477863
1054,117.49,65.22,40.07,7.77,24.06,54.97,233.74,sugarcane,59,weather update day 59,rainfall,decrease,0.0,117.49,65.22,40.07,7.77,24.06,54.97,233.74,failure,R1,sugarcane,-3.9,1,0,0,0,13,13,2.168566591255792,0.9905207040528167,-0.44496598445736296,1.3058928910055527,-0.3823490920649203,-0.663036573138,1.0732619055638986,2.0569387638873398,0.9792524312133909,-0.44496598445736296,0.9586865106422787,-0.34642477573151326,-0.5962235023487956,0.6008702707382104,-0.39183813677185425,-1.453238897477863
1055,84.2,50.82,54.19,6.65,22.49,49.47,149.99,sugarcane,90,weather update day 90,soil_moisture,increase,0.29,91.52,50.82,54.19,6.65,22.49,49.47,149.99,success,R6,sugarcane,-2.3,2,1,5,2,13,13,0.7137916896308077,0.05021270411161444,0.3456631423698968,0.059628079840967005,-0.6938543914688992,-1.0357875382035415,-0.06365431165698789,0.9843959895698359,0.04538566946606697,0.3456631423698968,-0.006134635625567033,-0.6216446952637725,-0.9370625523791608,-0.0997446963254783,0.32760212716668147,0.07404159112645924
1056,73.22,68.26,45.24,6.31,19.64,55.54,134.35,cotton,73,weather update day 73,humidity,increase,0.35,73.22,68.26,45.24,6.31,19.64,74.98,134.35,failure,R3,cotton,-3.7,0,1,2,0,5,5,0.23396506242016374,1.189030170707071,-0.15547925742500213,-0.31870230926256904,-1.2593257948455483,-0.6244060185766621,-0.2759691729982975,0.2286188324650875,1.1764020809156042,-0.15547925742500213,-0.29902676931402106,-1.1212477339051343,0.6438109323980424,-0.23058192718967058,-0.06692963047703168,0.39003065773425005
1057,55.23,45.26,70.95,6.85,20.11,71.12,224.34,chickpea,94,weather update day 94,temperature,decrease,0.29,55.23,45.26,70.95,6.85,14.28,71.12,224.34,unknown,R1,chickpea,-1.2,3,0,0,3,2,2,-0.5521989652227763,-0.31285066253234994,1.2841152787455965,0.28217536754892814,-1.1660726160430834,0.4314958060999083,0.9456557868549273,-0.514355542196903,-0.31519066354192776,1.2841152787455965,0.16615485477940492,-2.0608520451745034,0.40460389001309527,0.5222340833901665,0.4204331289652022,0.07404159112645924
1058,65.0,29.95,44.86,5.96,22.63,86.51,207.09,sugarcane,81,weather update day 81,rainfall,increase,0.08,65.0,29.95,44.86,5.96,22.63,86.51,223.66,failure,R4,sugarcane,-5.4,1,1,3,0,13,13,-0.1252494071309739,-1.3125809041365033,-0.1767568118297019,-0.708160062751502,-0.6660768488468882,1.4745207792560324,0.7114849839049537,-0.11086139875901259,-1.3080726164830063,-0.1767568118297019,-0.6005333775227227,-0.5971027916112143,1.3583335227344262,0.5165455081352016,0.1187323731200098,-1.0319201420008084
1059,48.53,55.46,33.08,6.66,30.3,33.06,83.13,wheat,32,weather update day 32,soil_moisture,increase,0.0,48.53,55.46,33.08,6.66,30.3,33.06,83.13,failure,R1,wheat,-1.1,2,1,0,0,15,15,-0.8449893479469395,0.3532008374260019,-0.8363609983753905,0.07075544422636486,0.8557356648018495,-2.1479408721536384,-0.9712867687720742,-0.7910608401532861,0.34629829269576035,-0.8363609983753905,0.0024798388946814113,0.7474429299253644,-1.954002336197032,-0.6590654927180543,-1.0184473989118692,-1.453238897477863
1060,70.82,62.07,44.86,6.52,23.09,42.32,39.21,sugarcane,147,weather update day 147,humidity,increase,0.06,70.82,62.07,44.86,6.52,23.09,42.35,39.21,unknown,R4,sugarcane,-1.1,0,1,3,3,13,13,0.1290849253249408,0.7848283290656788,-0.1767568118297019,-0.0850276571692091,-0.5748077802317095,-1.5203637927887452,-1.5675059957612243,0.12950051677921862,0.7749690770811639,-0.1767568118297019,-0.11812280438879988,-0.5164651081813803,-1.3782941953275607,-1.026480529774021,1.650443902795602,-1.137249830870072
1061,74.47,27.74,74.13,5.74,32.27,63.65,220.56,chickpea,15,weather update day 15,rainfall,unknown,0.48,74.47,27.74,74.13,5.74,32.27,63.65,220.56,failure,R6,chickpea,3.4,1,2,5,0,2,2,0.28859013382392557,-1.4568920624608128,1.4621748129743983,-0.9529620792302598,1.2466053716972882,-0.07476777736183655,0.894341836991107,0.2802429552181441,-1.4513952236678387,1.4621748129743983,-0.7900518169681924,1.0927825741792188,-0.0583175106645102,0.4906122974140382,-1.4129791565555823,1.0746736353844635
1062,99.19,24.2,37.23,6.68,35.01,70.75,178.82,mungbean,9,weather update day 9,rainfall,decrease,0.0,99.19,24.2,37.23,6.68,35.01,70.75,178.82,success,R3,mungbean,-1.7,1,0,2,2,11,11,1.3688555459047191,-1.6880511124463584,-0.6039877068503815,0.09301017299716058,1.7902515630137854,0.4064198320864079,0.32771636944722865,1.3011616067825913,-1.680970802597389,-0.6039877068503815,0.0197087879351783,1.5731026885221415,0.3816747175565068,0.14143416338134124,-1.5522256592533634,-1.453238897477863
1063,70.6,46.13,65.71,7.88,28.43,89.13,56.8,lentil,93,weather update day 93,rainfall,unknown,0.0,70.6,46.13,65.71,7.88,28.43,89.13,56.8,success,R1,lentil,2.0,1,2,0,2,8,8,0.11947091275787879,-0.256040387535902,0.9907090022176328,1.428293899244932,0.48470705977927575,1.6520857844327077,-1.3287196523473093,0.1204146711746807,-0.25876954668635993,0.9907090022176328,1.053445730365014,0.419633216851909,1.5206968520216178,-0.8793304728110325,0.397225378515572,-1.453238897477863
1064,106.29,32.44,19.68,5.6,31.95,91.34,103.07,coconut,58,weather update day 58,temperature,increase,0.41,106.29,32.44,19.68,5.6,45.04,91.34,103.07,failure,R6,coconut,2.5,3,1,5,0,3,3,1.6791259514780867,-1.1499859791466704,-1.5866747589621668,-1.1087451806258337,1.18311384570412,1.8018638994863168,-0.7005988956809164,1.594386624019953,-1.1465914889308648,-1.5866747589621668,-0.9106544602516736,3.3313547859161288,1.657652179397456,-0.4922563889180549,-0.41504588722148444,0.7060197243420409
1065,92.44,47.2,61.12,9.5,27.71,60.93,77.01,rice,105,weather update day 105,rainfall,decrease,0.46,92.44,47.2,61.12,12.54,27.71,60.93,76.65,success,UNKNOWN,rice,-3.4,1,0,6,2,12,12,1.0738801603244053,-0.18617027920693766,0.7336985424345506,3.2309269296794234,0.34185112629464875,-0.2591100728124315,-1.0543664971230213,1.0223913439160857,-0.1893780581398574,0.7336985424345506,5.067790856800874,0.29341771235303876,-0.226877913588618,-0.7132742686771313,0.6757183839111341,0.9693439465152001
1066,66.57,87.69,24.88,5.91,25.88,101.24,148.73,cotton,118,weather update day 118,soil_moisture,increase,0.21,70.76,87.69,24.88,5.91,25.88,101.24,148.73,success,R6,cotton,0.8,2,1,5,2,5,5,-0.05664031744784935,2.4577929789610677,-1.2955082250031194,-0.7637968846784923,-0.021241037978779184,2.472815636604291,-0.08075896161159492,0.1270225588870724,2.4364736906899447,-1.2955082250031194,-0.6436057501239657,-0.027380028248257308,2.2711624694521126,-0.11028529165085456,0.9774191397563265,-0.34727716435059514
1067,85.26,71.23,48.36,5.22,24.41,67.27,101.42,cotton,20,weather update day 20,humidity,increase,0.27,85.26,71.23,48.36,5.22,24.41,85.44,101.42,partial,R3,cotton,1.8,0,1,2,1,5,5,0.7601137501811979,1.3829686956949439,0.019220662950426282,-1.5315850272709612,-0.3129052355098929,0.1705701305540287,-0.7229978420500441,0.7258623828225289,1.3690121005259897,0.019220662950426282,-1.2380044920211215,-0.28507001660011766,1.2920248348194274,-0.5060595494631902,-1.2969404043074313,-0.03128809774280417
1068,28.16,49.19,12.95,5.78,16.35,67.39,197.62,groundnut,67,weather update day 67,temperature,unknown,0.0,28.16,49.19,12.95,5.78,16.35,67.39,197.62,unknown,R6,groundnut,1.2,3,2,5,3,6,6,-1.7351595115426421,-0.05622493754839683,-1.963511446182242,-0.9084526216886674,-1.912098046462803,0.17870287888273173,0.5829286068651711,-1.6323275445370966,-0.060322859815053906,-1.963511446182242,-0.7555939188871978,-1.6979824697402506,0.17345304335613826,0.2987065380774291,-0.2061761331748128,-1.453238897477863
1069,78.86,68.09,42.47,7.32,27.46,54.04,138.13,chickpea,58,weather update day 58,temperature,increase,0.44,78.86,68.09,42.47,7.32,39.54,54.04,138.13,failure,R5,chickpea,2.5,3,1,4,0,2,2,0.4804333845939371,1.1779293123744317,-0.31058143032241803,0.8051614936626392,0.2922483716124865,-0.7260653726854461,-0.2246552231344772,0.46154687432687885,1.1653772649783094,-0.31058143032241803,0.571035157231091,2.367208570994202,-0.6538562871721119,-0.19896014121354227,-0.41504588722148444,0.8640142576459364
1070,82.51,63.28,37.34,6.6,35.77,57.41,86.47,mungbean,75,weather update day 75,humidity,increase,0.25,82.51,63.28,37.34,6.6,35.77,71.77,86.47,success,R6,mungbean,4.4,0,1,5,2,11,11,0.6399385930929218,0.8638403207274049,-0.5978284147858628,0.003991257913975739,1.9410439372475596,-0.49767069045437823,-0.9259458712733547,0.6122893127658043,0.853439825811321,-0.5978284147858628,-0.04920700822681079,1.7063301654931724,0.444884868653047,-0.6311245495539621,-0.020514129577771312,-0.13661778661206786
1071,33.2,49.52,59.53,6.6,25.43,45.51,163.97,maize,116,weather update day 116,temperature,increase,0.0,33.2,49.52,59.53,6.6,25.43,45.51,163.97,unknown,UNKNOWN,maize,-2.3,3,1,6,3,9,9,-1.5149112236426743,-0.03467621254974392,0.6446687753201498,0.003991257913975739,-0.11052599640667107,-1.3041682330507314,0.12612585212507754,-1.424179081596772,-0.03892174652501071,0.6446687753201498,-0.04920700822681079,-0.10626471856005122,-1.1824666684010237,0.017205718475123026,0.9310036388570662,-1.453238897477863
1072,42.92,61.02,10.61,9.5,36.73,41.83,31.08,banana,125,weather update day 125,rainfall,increase,0.27,42.92,61.02,10.61,13.2,36.73,41.83,39.47,partial,R6,banana,-4.7,1,1,5,1,0,0,-1.0901466684070225,0.7162642040699663,-2.094536386463813,3.2309269296794234,2.1315185152270613,-1.553572515130948,-1.6778717133254728,-1.0227499030690042,0.706874625703755,-2.094536386463813,5.636346175137284,1.8746175048249987,-1.4105189782395227,-1.0243054862941814,1.139873392903738,-0.03128809774280417
1073,72.62,37.15,30.64,6.46,33.24,75.27,167.15,jute,3,weather update day 3,rainfall,increase,0.25,72.62,37.15,30.64,6.46,33.24,75.27,208.94,unknown,R4,jute,-0.3,1,1,3,3,7,7,0.20774502814635834,-0.842426904165902,-0.9729852950792511,-0.15179184348159724,1.4390640598640776,0.7127533524675435,0.16929473058194233,0.20383925354362056,-0.8411392356093442,-0.9729852950792511,-0.16980965151029132,1.2628229066290857,0.6617824459450975,0.3934045849689031,-1.6914721619511446,-0.13661778661206786
1074,63.57,78.11,27.66,6.53,20.69,56.88,254.17,sugarcane,53,weather update day 53,rainfall,unknown,0.54,63.57,78.11,27.66,6.53,20.69,56.88,254.17,success,R1,sugarcane,0.8,1,2,0,2,13,13,-0.18774048881687738,1.8322269623335181,-1.1398461164634746,-0.07390029278381026,-1.0509942251804667,-0.5335903289061482,1.3506015869707366,-0.16991939518850932,1.8151928866941553,-1.1398461164634746,-0.10950832986855068,-0.9371834565109481,-0.4778593958837049,0.7717784949425226,-0.5310846394696354,1.3906627019922546
1075,57.35,35.12,35.53,5.48,26.74,77.21,145.72,banana,107,weather update day 107,soil_moisture,increase,0.36,63.54,35.12,35.53,5.48,26.74,77.21,145.72,partial,R1,banana,5.2,2,1,0,1,0,0,-0.45955484412199615,-0.9749842124909467,-0.6991767660293006,-1.24227355325061,0.1493924381278588,0.8442327837815706,-0.12162006983648875,-0.17115837413458274,-0.9727885082723351,-0.6991767660293006,-1.0140281544946566,0.1233773799031712,0.7820056745012626,-0.1354656027059196,0.7221338848103945,0.44269550216888187
1076,54.06,43.12,54.29,6.77,28.54,81.51,64.5,rice,51,weather update day 51,humidity,unknown,0.0,54.06,43.12,54.29,6.77,28.54,81.51,64.5,failure,R2,rice,-2.9,0,2,1,0,12,12,-0.6033280320566972,-0.4525908791902787,0.3512624987921863,0.19315645246574328,0.5065322718394271,1.1356562655600857,-1.2241912359580456,-0.5626757210937637,-0.4539736406349329,0.3512624987921863,0.09723905861741584,0.4389161411503475,1.0484798408886398,-0.8149157236004008,-0.5775001403688957,-1.453238897477863
1077,125.64,61.93,34.69,7.98,22.08,75.71,147.23,rice,7,weather update day 7,temperature,decrease,0.23,125.64,61.93,34.69,7.98,17.0,75.71,147.23,failure,R2,rice,-1.0,3,0,1,0,12,12,2.524722056808319,0.775686445732917,-0.7462113599765315,1.5395675430989137,-0.7752029091476453,0.7425734296727866,-0.10112164012898393,2.393528044237269,0.7658898168975093,-0.7462113599765315,1.1395904755675006,-1.5840379170676595,0.6890495699475266,-0.12283361941915943,-1.5986411601526238,-0.24194747548133141
1078,56.92,81.81,75.94,5.16,16.35,63.71,264.7,blackgram,86,weather update day 86,temperature,increase,0.31,56.92,81.81,75.94,5.16,16.4,63.71,264.7,success,R6,blackgram,2.0,3,1,5,2,1,1,-0.4783458686848902,2.073833878985077,1.5635231642178362,-1.5983492135833492,-1.912098046462803,-0.07070140319748504,1.4935475901628075,-0.44455972823477036,2.055144762976454,1.5635231642178362,-1.2896913391426128,-1.689217504150052,-0.05459926648236062,0.8598677558760228,0.2347711253681607,0.17937127999572294
1079,78.08,39.58,16.47,6.06,25.91,74.466,72.83,coconut,7,weather update day 7,humidity,increase,0.33,78.08,39.58,16.47,6.06,25.91,73.53,72.83,success,R5,coconut,-2.2,0,1,4,2,3,3,0.44634734003798965,-0.6837499291758242,-1.7664141001176559,-0.5968864188975214,-0.015288707416919492,0.6582639386652351,-1.1111104945914787,0.4293334217289715,-0.6835492195644833,-1.7664141001176559,-0.5143886323202368,-0.022121048894137508,0.5539533646627641,-0.7452306767270811,-1.5986411601526238,0.28470096886498664
1080,101.35,61.23,55.53,4.95,22.42,91.08,174.65,blackgram,121,weather update day 121,rainfall,increase,0.3,101.35,61.23,55.53,4.95,22.42,91.08,227.04,failure,R1,blackgram,0.6,1,1,0,0,1,1,1.4632476692904195,0.7299770290691084,0.4206945184285747,-1.8320238656767094,-0.707743162779904,1.7842429447741273,0.2711081231688874,1.3903680908998728,0.7204935159792364,0.4206945184285747,-1.4705953040678341,-0.633915647090051,1.6415397879414746,0.5448210733731152,1.0470423911052171,0.12670643556109107
1081,61.32,75.83,34.19,9.5,23.76,46.78,17.5,mungbean,36,weather update day 36,humidity,increase,0.36,61.32,75.83,34.19,11.96,23.76,63.62,17.5,partial,R6,mungbean,-0.7,0,1,5,1,11,11,-0.28606561734364866,1.6833448623428275,-0.7742081420879785,3.2309269296794234,-0.44187239768351444,-1.2180966465719607,-1.8622218295029014,-0.26284281614401117,1.6673306494174958,-0.7742081420879785,4.568151334626455,-0.3990145692727088,-0.060176632755584984,-1.2080966603406202,-0.9256163971133484,0.44269550216888187
1082,96.56,58.34,56.21,8.23,22.78,78.92,153.42,mungbean,95,weather update day 95,soil_moisture,unknown,0.34,96.56,58.34,56.21,8.23,22.78,78.92,153.42,failure,R5,mungbean,0.8,2,2,4,0,11,11,1.2539243956712045,0.5412624374142425,0.4587701421001424,1.817751652733866,-0.6363151960375905,0.960124447465585,-0.017091653447225314,1.1925444525101603,0.5330716450452253,0.4587701421001424,1.3549523385737163,-0.5708078948406159,0.8879756336925221,-0.07105085349528802,0.4436408794148324,0.33736581329961846
1083,80.3,53.86,69.5,7.03,20.48,57.6,67.15,chickpea,39,weather update day 39,humidity,unknown,0.0,80.3,53.86,69.5,7.03,20.48,57.6,67.15,failure,R2,chickpea,3.4,0,2,1,0,2,2,0.5433614668510706,0.24872217076586822,1.2029246106224005,0.4824679264860945,-1.0926605391134832,-0.4847938389339319,-1.188217170577325,0.5210178637384,0.24253531916827978,1.2029246106224005,0.3212153961438808,-0.9739963119897855,-0.43324046569791175,-0.7927470112097288,-0.855993145764458,-1.453238897477863
1084,76.68,47.67,13.66,5.81,23.93,93.32,183.39,lentil,65,weather update day 65,humidity,unknown,0.13,76.68,47.67,13.66,5.81,23.93,93.32,183.39,failure,R6,lentil,-4.0,0,2,5,0,8,8,0.3851672600657768,-0.15547967087552347,-1.923756015583987,-0.8750705285324738,-0.4081425244996445,1.936054246909911,0.3897546633302071,0.3715144042455485,-0.15889768466616008,-1.923756015583987,-0.7297504953264525,-0.36921368626603135,1.7803542374083867,0.17966473531544336,-0.25259163407407315,-0.7685959198276494
1085,51.574,35.8,36.48,5.85,31.46,69.43,49.96,mungbean,31,weather update day 31,rainfall,decrease,0.27,75.73,35.8,36.48,5.85,31.46,69.43,49.83,failure,R6,mungbean,4.4,1,0,5,0,11,11,-0.7119663740644989,-0.93058077916039,-0.6459828800175518,-0.8305610709908814,1.0858924465270823,0.31695960047067845,-1.421573466386603,0.33228007095322537,-0.9286892445231559,-0.6459828800175518,-0.695292597245458,0.9507901316179891,0.2998733455492195,-0.9376383691744224,-1.0416551493614994,-0.03128809774280417
1086,60.4,84.48,25.18,5.44,34.27,54.44,93.32,banana,35,weather update day 35,unknown,increase,0.0,60.4,84.48,25.18,5.44,34.27,54.44,93.32,partial,R1,banana,6.9,4,1,0,1,0,0,-0.32626966989681744,2.248182653974175,-1.2787101557362512,-1.2867830107922025,1.6434274091545862,-0.6989562115897705,-0.8329563060439449,-0.3008381704902609,2.228299225050437,-1.2787101557362512,-1.048486052575651,1.4433811977871922,-0.629067992624449,-0.5738205194120366,-0.9488241475629786,-1.453238897477863
1087,63.22,67.5,46.18,4.83,18.47,71.28,145.99,watermelon,84,weather update day 84,rainfall,increase,0.29,63.22,67.5,46.18,4.83,18.47,71.28,188.32,unknown,R1,watermelon,3.5,1,1,0,3,14,14,-0.20303550880993076,1.1394028040435071,-0.10284530705548212,-1.9655522383014865,-1.491466686758068,0.44233947053817835,-0.11795478770335859,-0.18437414955936524,1.1271146684900506,-0.10284530705548212,-1.5739689983108176,-1.326347928715799,0.41451920783216023,0.22090690591393874,0.18835562446890033,0.07404159112645924
1088,72.87,37.8,62.8,6.61,20.38,66.22,99.03,blackgram,46,weather update day 46,humidity,increase,0.0,72.87,37.8,62.8,6.61,20.38,66.22,99.03,success,R4,blackgram,0.5,0,1,3,2,1,1,0.2186700424271107,-0.7999824458352229,0.8277677303290121,0.015118622299374584,-1.1125016409863484,0.09940858267788008,-0.7554423764877506,0.21416407809423188,-0.7989855276138054,0.8277677303290121,-0.04059253370656158,-0.9915262431701845,0.10094728180422409,-0.5260532183740226,-0.6935388926170466,-1.453238897477863
1089,69.76,35.33,21.05,7.08,29.47,88.77,102.6,cotton,35,weather update day 35,rainfall,increase,0.27,69.76,35.33,21.05,7.08,29.47,88.77,130.3,failure,UNKNOWN,cotton,1.5,1,1,6,0,5,5,0.08276286477455132,-0.9612713874918041,-1.5099635759768024,0.5381047484130848,0.6910545192570705,1.6276875394465997,-0.7069792016163648,0.08572326068462711,-0.9591696179968533,-1.5099635759768024,0.36428776874512375,0.6019445011280551,1.4983873869287212,-0.2644624121640936,-0.9488241475629786,-0.03128809774280417
1090,85.52,43.62,54.79,4.33,29.63,103.85,149.54,jute,12,weather update day 12,rainfall,increase,0.56,85.52,43.62,54.79,4.33,29.63,103.85,233.28,success,R2,jute,-2.5,1,1,1,2,7,7,0.7714757650331798,-0.41994129585898693,0.37925928090363314,-2.521920457571391,0.7228002822536543,2.649702912753575,-0.06976311521220482,0.7366002003551643,-0.4215477114075952,0.37925928090363314,-2.0046927243232493,0.629992391016693,2.4329060913756133,0.5970221168892635,-1.4826024079044728,1.4959923908615183
1091,64.84,56.91,23.71,5.68,26.64,46.26,266.71,cotton,59,weather update day 59,humidity,increase,0.0,64.84,56.91,23.71,5.68,26.64,46.26,266.71,success,R1,cotton,-0.5,0,1,0,2,5,5,-0.13224141627065525,0.4478846290867477,-1.361020695143905,-1.019726265542649,0.12955133625499432,-1.2533385559963393,1.5208335793761085,-0.1174692864714037,0.4403334874550392,-1.361020695143905,-0.8417386640896846,0.1058474487227729,-1.1359886161241557,0.8766825150855513,-0.39183813677185425,-1.453238897477863
1092,64.01,31.46,44.9,7.65,26.83,65.19,248.23,mango,137,weather update day 137,temperature,increase,0.24,64.01,31.46,44.9,7.65,33.26,65.19,248.23,unknown,R2,mango,-2.4,3,1,1,3,10,10,-0.16851246368275302,-1.2139791624760021,-0.1745170692607862,1.1723645183807765,0.16724942981343716,0.029602492856514978,1.2699653800418762,-0.1517477039794332,-1.2101463102164465,-0.1745170692607862,0.8553128163992958,1.2663288928651648,0.037117423343992,0.7220871169800354,1.4183663982993,-0.1892826310466997
1093,95.55,41.13,57.85,6.34,24.91,81.48,199.52,groundnut,105,weather update day 105,rainfall,unknown,0.34,95.55,41.13,57.85,6.34,24.91,81.48,199.52,unknown,R2,groundnut,2.4,1,2,1,3,6,6,1.2097873379769648,-0.5825362208488195,0.5505995874256883,-0.2853202161063745,-0.21369972614556842,1.1336230784779098,0.6087213329871972,1.1508321613256904,-0.5830288389597363,0.5505995874256883,-0.27318334575327496,-0.19742036069812427,1.046620718797565,0.31460108658394864,0.6757183839111341,0.33736581329961846
1094,98.2,47.82,42.1,7.14,20.45,82.21,158.57,blackgram,117,weather update day 117,soil_moisture,decrease,0.42,85.83,47.82,42.1,7.14,20.45,82.21,158.57,failure,UNKNOWN,blackgram,-1.7,2,0,6,0,1,1,1.32559248935294,-0.14568479587613606,-0.33129904908488855,0.6048689347254729,-1.0986128696753428,1.1830972974775174,0.052820209462477036,0.7494029827979224,-0.14916990589795887,-0.33129904908488855,0.4159746158666152,-0.9792552913439053,1.0918593563470491,-0.027968261490774565,0.9542113893066964,0.7586845687766727
1095,38.51,34.99,44.73,6.96,21.68,67.912,77.0,blackgram,148,weather update day 148,temperature,increase,0.25,38.51,34.99,44.73,6.96,27.1,61.39,77.0,unknown,R4,blackgram,4.6,3,1,3,3,1,1,-1.2828639203194943,-0.9834731041570822,-0.18403597517867823,0.4045763757883075,-0.8545673166391046,0.21408033411258895,-1.0545022483131372,-1.204879808141788,-0.9812192498714426,-0.18403597517867823,0.2609140745021401,0.18648513215260695,-0.1983713748588056,-0.7103463255311935,1.6736516532452321,-0.13661778661206786
1096,53.3,55.05,38.23,5.94,25.63,70.15,63.82,jute,124,weather update day 124,soil_moisture,unknown,0.5,53.3,55.05,38.23,5.94,25.63,70.15,63.82,success,UNKNOWN,jute,1.7,2,2,6,2,7,7,-0.6365400754701847,0.3264281790943424,-0.5479941426274877,-0.7304147915222977,-0.07084379266094142,0.3657560904428947,-1.2334223168859288,-0.5940631877276225,0.3197090307293432,-0.5479941426274877,-0.6177623265632196,-0.071204856199254,0.34449227573501273,-0.8206042988553657,1.1166656424541077,1.1800033242537271
1097,65.5,40.59,51.91,6.55,25.88,71.19,124.21,mungbean,133,weather update day 133,soil_moisture,decrease,0.34,58.82,40.59,51.91,6.55,25.88,71.19,124.21,failure,R2,mungbean,-1.5,2,0,1,0,11,11,-0.10339937856946917,-0.6177977708466146,0.21799781594169898,-0.05164556401301454,-0.021241037978779184,0.4362399092916511,-0.4136208797758472,-0.3660910616501244,-0.6180488425252609,0.21799781594169898,-0.09227938082805379,-0.027380028248257308,0.4089418415589358,-0.31540862290341154,1.3255353965007792,0.33736581329961846
1098,77.24,54.8,44.08,6.81,24.57,74.63,112.35,watermelon,111,weather update day 111,rainfall,increase,0.3,77.24,54.8,44.08,6.81,24.57,74.63,146.06,success,R5,watermelon,-0.5,1,1,4,2,14,14,0.4096392920546616,0.31010338742869653,-0.2204317919235591,0.2376659100073357,-0.28115947251330903,0.6693786947144622,-0.5746217912533363,0.39464201123891735,0.30349606611567437,-0.2204317919235591,0.1316969566984104,-0.2570221267114797,0.6221211746688369,-0.13262131507843714,0.8149648866089153,0.12670643556109107
1099,81.74,50.1,57.76,5.85,33.79,79.89,69.3,watermelon,101,weather update day 101,rainfall,decrease,0.0,81.74,50.1,57.76,5.85,33.79,79.89,69.3,partial,R2,watermelon,-3.2,1,0,1,1,14,14,0.6062895491082041,0.0031973041145543935,0.5455601666456276,-0.8305610709908814,1.548190120164834,1.0258641631225986,-1.159030664702401,0.580488853149921,-0.0013076686212991565,0.5455601666456276,-0.695292597245458,1.3592375281212778,0.9480872479706046,-0.7747610747418252,0.5828873821126135,-1.453238897477863
1100,69.3,36.39,58.06,6.18,19.88,51.61,254.04,jute,48,weather update day 48,soil_moisture,decrease,0.0,69.3,36.39,58.06,6.18,19.88,51.61,254.04,failure,R1,jute,1.2,2,0,0,0,7,7,0.06266083849796662,-0.8920542708294654,0.562358235912496,-0.4633580462727442,-1.211707150350673,-0.8907535263416763,1.3488368214992295,0.06672558351150196,-0.8904266480348974,0.562358235912496,-0.41101493807725314,-1.0791758990721778,-0.8044451765491641,0.7706909732026029,-0.6471233917177862,-1.453238897477863
1101,121.95,40.24,35.8,5.28,24.67,55.03,254.26,cotton,3,weather update day 3,humidity,increase,0.31,121.95,40.24,35.8,5.28,24.67,55.2,254.26,failure,R5,cotton,0.5,0,1,4,0,5,5,2.3634688460244146,-0.6406524791785189,-0.6840585036891196,-1.4648208409585721,-0.2613183706404439,-0.6589701989736485,1.35182334768178,2.2411336338702457,-0.6407469929843974,-0.6840585036891196,-1.1863176448996293,-0.2394921955310808,-0.5819702329838892,0.772531394608621,-1.6914721619511446,0.17937127999572294
1102,75.87,43.09,52.26,6.42,21.15,83.01,162.45,jute,36,weather update day 36,temperature,increase,0.36,75.87,43.09,52.26,6.42,28.76,83.01,162.45,success,R1,jute,-3.2,3,1,0,2,7,7,0.34977021379613904,-0.4545498541901558,0.23759556341971189,-0.19630130102318966,-0.9597251565652888,1.2373156196688697,0.10549167122745655,0.33806197270156774,-0.45591919638857276,0.23759556341971189,-0.20426754959128587,0.477481989747225,1.1414359454423757,0.004490079669907336,-0.9256163971133484,0.44269550216888187
1103,93.72,73.1,38.04,6.3,22.23,70.74,217.5,mungbean,38,weather update day 38,temperature,decrease,0.43,93.72,73.1,38.04,6.3,12.67,70.74,217.5,partial,R4,lentil,-8.1,3,0,3,1,11,8,1.1298162334418576,1.5050781373539743,-0.5586329198298374,-0.3298296736479669,-0.7454412563383476,0.40574210305901565,0.8528019728156334,1.0752544456152155,1.4902850758362318,-0.5586329198298374,-0.3076412438342695,-2.343083937178922,0.38105501019281485,0.4650137087666963,-0.8792008962140881,0.8113494132113045
1104,59.05,35.93,35.39,5.99,19.37,76.29,117.17,watermelon,2,weather update day 2,soil_moisture,increase,0.39,65.96,35.93,35.39,5.99,19.37,76.29,117.17,failure,R1,watermelon,0.5,2,1,0,0,14,14,-0.38526474701288027,-0.9220918874942539,-0.7070158650205057,-0.6747779695953074,-1.3128967699022833,0.7818817132615173,-0.5091897176174596,-0.0712140724846654,-0.920258502924048,-0.7070158650205057,-0.5746899539619766,-1.1685785480922106,0.7249925970416387,-0.374302107895989,-1.7146799124007748,0.6006900354727774
1105,85.98,37.25,33.32,7.39,16.61,62.77,176.39,mungbean,110,weather update day 110,humidity,decrease,0.33,85.98,37.25,33.32,7.39,16.61,42.05,176.39,success,R6,mungbean,-5.3,0,0,5,2,11,11,0.7915777913097646,-0.8358969874996437,-0.8229225429618959,0.8830530443604253,-1.8605111815933548,-0.13440793177232288,0.2947288302490584,0.7555978775282894,-0.8346540497638766,-0.8229225429618959,0.631336478872831,-1.6524046486712145,-1.3968854162383082,0.12110587239668727,0.7917571361592851,0.28470096886498664
1106,46.04,47.55,63.92,7.38,29.82,62.93,110.04,lentil,47,weather update day 47,soil_moisture,decrease,0.0,46.04,47.55,63.92,7.38,29.82,62.93,110.04,failure,R3,lentil,-3.2,2,0,2,0,8,8,-0.9538024901832332,-0.16331557087503382,0.8904805222586534,0.8719256799750275,0.7604983758120979,-0.1235642673340528,-0.6059803161701153,-0.893896092677375,-0.1666799076807214,0.8904805222586534,0.6227220043525825,0.6632992602594507,-0.10293644085030339,-0.4339484925546648,-0.6703311421674164,-1.453238897477863
1107,57.93,58.6,17.98,7.29,21.61,50.23,143.17,lentil,83,weather update day 83,soil_moisture,decrease,0.51,57.85,58.6,17.98,7.29,21.61,50.23,143.17,failure,R6,lentil,1.3,2,0,5,0,8,8,-0.43420881099065073,0.5582402207465141,-1.6818638181410863,0.7717794005064447,-0.8684560879501101,-0.9842801321217577,-0.1562366233160502,-0.4061513809064962,0.5499331282434408,-1.6818638181410863,0.5451917336703449,-0.7759080896512807,-0.8899647927386013,-0.15679775991203798,0.16514787401927017,1.232668168688359
1108,83.29,51.36,44.75,6.25,24.79,67.53,137.46,lentil,102,weather update day 102,humidity,increase,0.33,83.29,51.36,44.75,6.25,24.79,89.81,137.46,success,R6,lentil,-1.9,0,1,5,2,8,8,0.6740246376488692,0.08547425410940947,-0.18291610389422017,-0.38546649557495716,-0.2375090483930065,0.18819108526621828,-0.2337505528722441,0.6445027653637118,0.08040567303159157,-0.18291610389422017,-0.35071361643551247,-0.21845627811460283,1.5628369527526451,-0.2045650609500517,0.6060951325622437,0.28470096886498664
1109,0.0,61.6,59.15,6.75,36.0,55.14,131.46,jute,79,weather update day 79,temperature,increase,0.08,-18.33,61.6,59.15,6.75,36.03,55.14,131.46,partial,UNKNOWN,jute,4.9,3,1,6,1,7,7,-2.965753120126588,0.7541377207342647,0.62339122091545,0.17090172369494755,1.9866784715551482,-0.6515151796723377,-0.3152012669418002,-3.552331917968777,0.7444887036074666,0.62339122091545,0.08001010957691895,1.7519079865622087,-0.5856884771660388,-0.2547583720232712,0.07231687222074942,-1.0319201420008084
1110,26.78,68.46,69.97,6.15,24.15,63.91,153.12,mango,147,weather update day 147,unknown,decrease,0.07,26.78,68.46,69.97,6.15,24.15,63.91,153.12,success,R6,mango,0.4,4,0,5,2,10,10,-1.795465590372395,1.202090004039587,1.2292415858071606,-0.49674013942893774,-0.36449210037934193,-0.05714682264964746,-0.021164189150702884,-1.689320576056471,1.1893724526065386,1.2292415858071606,-0.43685836163799846,-0.33064783766915445,-0.04220511920852942,-0.07356051904894884,1.650443902795602,-1.0845849864354402
1111,20.04,54.69,85.65,6.47,16.05,54.88,138.98,mungbean,87,weather update day 87,temperature,decrease,0.49,20.04,54.69,85.65,6.47,8.19,54.88,138.98,success,R4,mungbean,-5.7,3,0,3,2,11,11,-2.090003975381479,0.3029204790958124,2.107220672822135,-0.14066447909619936,-1.9716213520813979,-0.6691361343845269,-0.2131163719746235,-1.967677845940952,0.29636236168566016,2.107220672822135,-0.16119517699004288,-3.1284248540607833,-0.6018008686220195,-0.19184942214483625,0.2579788758177909,1.1273384798190953
1112,96.97,60.68,51.33,5.34,29.72,85.8,184.29,maize,77,weather update day 77,soil_moisture,increase,0.55,96.97,60.68,51.33,5.34,29.72,85.8,184.29,failure,R2,maize,-0.1,2,1,1,0,9,9,1.2718414190916383,0.6940624874046877,0.18552154869242068,-1.398056654646184,0.7406572739392328,1.4264020183112074,0.4019722704406406,1.2094771647731628,0.6848249938291652,0.18552154869242068,-1.1346307977781378,0.6457693290790518,1.314334299912324,0.18719373197642633,0.025901371321489057,1.4433275464268864
1113,73.79,49.26,28.63,5.78,26.16,48.6,171.4,lentil,41,weather update day 41,temperature,decrease,0.05,73.79,49.26,28.63,5.78,26.15,48.6,171.4,failure,R1,lentil,-3.2,3,0,0,0,8,8,0.25887409498027947,-0.05165399588201597,-1.0855323591672676,-0.9084526216886674,0.034314047265242745,-1.094749963586636,0.2269889863812112,0.2521594324404816,-0.055783229723226614,-1.0855323591672676,-0.7555939188871978,0.01995078593881904,-0.9909770930203274,0.0793617686874599,-0.8095776448651976,-1.1899146753047039
1114,62.91,41.82,56.05,7.45,26.29,83.72,191.4,cotton,147,weather update day 147,humidity,increase,0.0,62.91,41.82,56.05,7.45,26.29,83.72,191.4,failure,R5,cotton,-0.6,0,1,4,0,5,5,-0.21658252651806378,-0.5374797958516371,0.4498111718244792,0.9498172306728144,0.06010747969996691,1.2854343806136936,0.4984913666130647,-0.19717693200212336,-0.5382810566260106,0.4498111718244792,0.6830233259943231,0.04449268959137728,1.185435168264477,0.24667280559819155,1.650443902795602,-1.453238897477863
1115,96.75,19.2,59.38,6.07,31.24,49.37,306.89,coffee,8,weather update day 8,humidity,decrease,0.53,96.75,19.2,59.38,6.07,31.24,23.2,306.89,success,UNKNOWN,coffee,1.2,0,0,6,2,4,4,1.2622274065245762,-2.014546945759276,0.6362697406867157,-0.5857590545121226,1.042242022406779,-1.0425648284774605,2.0662818612619023,1.2003913191686248,-2.0052300948707655,0.6362697406867157,-0.5057741577999876,0.9122242830211116,-2.565033796796923,1.2128103882392112,-1.5754334097029936,1.3379978575576228
1116,98.68,39.56,57.53,7.58,23.5,72.98,88.19,banana,26,weather update day 26,humidity,increase,0.54,98.68,39.56,57.53,7.58,23.5,73.37,88.19,failure,R6,banana,7.3,0,1,5,0,0,0,1.3465685167719847,-0.6850559125090756,0.5326816468743621,1.0944729676829894,-0.49345926255296346,0.5575534051948005,-0.9025966665734153,1.2800989646993446,-0.6848462567335766,0.5326816468743621,0.7950114947575552,-0.4445923903417456,0.5440380468436992,-0.6167358003796392,-1.1576939016096504,1.3906627019922546
1117,58.07,57.93,57.84,7.43,30.83,72.37,82.34,watermelon,63,weather update day 63,humidity,unknown,0.22,58.07,57.93,57.84,7.43,30.83,72.37,82.34,failure,R4,watermelon,7.3,0,2,3,0,14,14,-0.4280908029934294,0.5144897790825831,0.5500396517834594,0.9275625019020177,0.9608935047280329,0.5162119345238949,-0.9820111127912323,-0.3970655353019583,0.5064823830788082,0.5500396517834594,0.6657943769538255,0.840351565181477,0.4820673104745419,-0.6656742786760281,-0.29900713497333353,-0.29461231991596326
1118,70.42,39.08,44.71,7.6,22.77,53.01,121.04,maize,110,weather update day 110,rainfall,increase,0.0,70.42,39.08,44.71,7.6,22.77,53.01,121.04,success,R4,maize,-2.9,1,1,3,2,9,9,0.11160490247573741,-0.716399512507116,-0.18515584646313588,1.1167276964537851,-0.6382993062248773,-0.7958714625068113,-0.45665400704259584,0.11298079749824086,-0.715975148791821,-0.18515584646313588,0.812240443798052,-0.572560887958656,-0.717686145632344,-0.3419274222537624,0.7917571361592851,-1.453238897477863
1119,38.14,61.36,66.43,7.01,26.43,49.99,233.49,watermelon,62,weather update day 62,rainfall,increase,0.11,38.14,61.36,66.43,7.01,26.43,49.99,259.17,unknown,UNKNOWN,watermelon,-0.4,1,1,6,3,14,14,-1.2990329414550077,0.7384659207352444,1.031024368458117,0.4602131977152978,0.08788502232197787,-1.0005456287791628,1.0698681258110003,-1.2201605484766926,0.7289242575783443,1.031024368458117,0.30398644710338313,0.06903459324393553,-0.9048377694671987,0.8136062541702058,-0.32221488542296367,-0.8739256086969132
1120,67.82,65.51,36.25,7.47,26.32,84.66,113.73,groundnut,116,weather update day 116,humidity,increase,0.0,67.82,65.51,36.25,7.47,26.32,84.66,113.73,partial,UNKNOWN,groundnut,-0.1,0,1,6,1,6,6,-0.0020152460440875366,1.0094574623849664,-0.6588613997888172,0.9720719594436101,0.0660598102618266,1.3491409091885316,-0.5558881270173383,0.005602622171882793,0.9980594701652472,-0.6588613997888172,0.70025227503482,0.04975166894549708,1.2436876604514846,-0.40307960624463485,0.9310036388570662,-1.453238897477863
1121,87.35,64.97,49.65,5.96,27.38,73.49,165.71,groundnut,66,weather update day 66,temperature,decrease,0.17,87.35,64.97,49.65,5.96,27.33,73.49,165.71,unknown,R4,groundnut,3.7,3,0,3,3,6,6,0.8514468695682871,0.9741959123871708,0.0914523607979592,-0.708160062751502,0.2763754901141942,0.5921175855917864,0.14974655920524893,0.812177916065639,0.9630394665997222,0.0914523607979592,-0.6005333775227227,0.22680397386752335,0.5514745352079975,0.031761778686356754,-0.22938388362444295,-0.5579365420891222
1122,67.33,80.86,44.19,5.88,28.26,34.92,154.76,maize,13,weather update day 13,soil_moisture,increase,0.15,67.36,80.86,44.19,5.88,28.26,34.92,154.76,success,UNKNOWN,maize,2.5,2,1,6,2,9,9,-0.023428274034361943,2.0117996706556225,-0.21427249985904082,-0.7971789778346868,0.4509771865954058,-2.021883273058746,0.001099006028308916,-0.013395055001241774,1.9935354974445123,-0.21427249985904082,-0.6694491736847118,0.3898323338452316,-1.8387367665503993,-0.05984101402226896,-1.4593946574548426,-0.6632662309583859
1123,80.8,30.76,30.6,9.5,22.56,64.06,116.18,groundnut,115,weather update day 115,humidity,decrease,0.15,80.8,30.76,30.6,11.36,22.56,63.96,116.18,failure,R4,groundnut,-1.2,0,0,3,0,6,6,0.5652114954125753,-1.2596885791398105,-0.9752250376481668,3.2309269296794234,-0.6799656201578937,-0.04698088723876868,-0.5226290854389362,0.5416675128396226,-1.2555426111347192,-0.9752250376481668,4.0512828634115365,-0.6093737434374934,-0.03910658239007129,-0.38258400422307015,0.9077958884074361,-0.6632662309583859
1124,85.72,43.22,60.01,7.79,28.3,61.25,92.79,rice,37,weather update day 37,soil_moisture,increase,0.0,85.72,43.22,60.01,7.79,28.3,61.25,92.79,success,R3,rice,-0.8,2,1,2,2,12,12,0.7802157764577818,-0.4460609625240202,0.6715456861471386,1.3281476197763495,0.4589136273445516,-0.23742274393589088,-0.8401511191200889,0.7448600599956534,-0.44748845478946525,0.6715456861471386,0.9759154596827764,0.3968443063173909,-0.20704727795048763,-0.5782542618901708,-0.9024086466637182,-1.453238897477863
1125,89.15,48.41,70.2,6.49,24.06,84.59,120.51,cotton,101,weather update day 101,humidity,decrease,0.0,89.15,48.41,70.2,6.49,24.06,84.59,120.51,failure,R5,cotton,-4.2,0,0,4,0,5,5,0.9301069723897046,-0.10715828754521203,1.2421201055784263,-0.11840975032540267,-0.3823490920649203,1.3443968059967888,-0.46384882011873996,0.886516652830041,-0.1109073094097007,1.2421201055784263,-0.14396622794954522,-0.34642477573151326,1.239349708905644,-0.34636116473189676,0.5828873821126135,-1.453238897477863
1126,58.6,54.94,20.69,7.1,23.92,48.05,123.0,sugarcane,139,weather update day 139,soil_moisture,increase,0.43,66.16,54.94,20.69,7.1,23.92,48.05,123.0,failure,R1,sugarcane,3.8,2,1,0,0,13,13,-0.4049297727182343,0.31924527076145826,-1.530121259097044,0.5603594771838805,-0.41012663468693056,-1.1320250600931905,-0.43004677377987427,-0.06295421284417622,0.312575326299329,-1.530121259097044,0.38151671778562063,-0.37096667938407085,-1.0250609980233643,-0.3255309406365107,1.4647818991985604,0.8113494132113045
1127,33.38,97.51,88.24,5.97,14.77,51.82,139.14,mungbean,76,weather update day 76,rainfall,unknown,0.46,33.38,97.51,88.24,5.97,14.77,51.82,139.14,failure,R5,mungbean,-5.3,1,2,4,0,11,11,-1.5070452133605325,3.0990307955876384,2.2522440041594294,-0.6970326983661042,-2.2255874560540687,-0.8765212167664465,-0.2109443529327687,-1.416745207920332,3.0733189407148562,2.2522440041594294,-0.5919189030024743,-1.9749553823905501,-0.791431321911641,-0.19051093384955042,0.0026936208718588727,0.9693439465152001
1128,41.28,53.97,56.93,6.29,17.21,65.32,72.32,coffee,97,weather update day 97,unknown,decrease,0.0,41.28,53.97,56.93,6.29,17.21,65.32,72.32,success,R4,coffee,1.3,4,0,3,2,4,4,-1.161814762088758,0.2559050790987524,0.49908550834062587,-0.34095703803336475,-1.741464570356165,0.03841297021260928,-1.118033805287391,-1.0904807521210145,0.24966902359829402,0.49908550834062587,-0.31625571835451793,-1.5472250615888221,0.04517361907198217,-0.7494971081683047,0.4900563803140927,-1.453238897477863
1129,78.21,68.22,45.39,6.82,26.08,50.2,14.65,groundnut,58,weather update day 58,temperature,decrease,0.45,78.21,68.22,45.39,6.82,25.96,50.2,14.65,success,R5,groundnut,1.3,3,0,4,2,6,6,0.4520283474639807,1.1864182040405673,-0.14708022279156813,0.24879327439273455,0.01844116576695046,-0.986313319203933,-1.9009109186859403,0.4347023304952892,1.1738080065774168,-0.14708022279156813,0.1403114312186596,-0.013356083303938046,-0.8918239148296757,-1.2319384831003994,-0.41504588722148444,0.9166791020805682
1130,51.75,45.82,41.03,6.3,24.34,69.19,47.39,sugarcane,56,weather update day 56,rainfall,decrease,0.27,51.75,45.82,41.03,6.3,24.34,69.19,34.59,success,R6,sugarcane,3.4,1,0,5,2,13,13,-0.7042751640108491,-0.27628312920130305,-0.3912121628033849,-0.3298296736479669,-0.3267940068208984,0.3006941038132724,-1.4564615222463964,-0.6580770999414125,-0.27887362280730943,-0.3912121628033849,-0.3076412438342695,-0.29734096842639673,0.28500036882062124,-1.0651293793004,-0.4614613881207448,-0.03128809774280417
1131,13.96,56.51,22.32,6.9,26.64,74.54,120.05,jute,128,weather update day 128,rainfall,unknown,0.49,13.96,56.51,22.32,6.9,26.64,74.54,120.05,success,R2,jute,-5.6,1,2,1,2,7,7,-2.3557003226893762,0.4217649624217144,-1.4388517494137274,0.3378121894759194,0.12955133625499432,0.663279133467936,-0.4700933748640727,-2.218777579011819,0.4143927440731692,-1.4388517494137274,0.2092272273806487,0.1058474487227729,0.6165438083956133,-0.3502093185808437,1.2094966442526285,1.1273384798190953
1132,33.51,38.58,44.73,6.64,30.4,62.72,131.04,coffee,132,weather update day 132,temperature,increase,0.27,33.51,38.58,44.73,6.64,38.6,62.72,131.04,success,UNKNOWN,coffee,5.8,3,1,6,2,4,4,-1.5013642059345416,-0.7490490958384077,-0.18403597517867823,0.04850071545556816,0.875576766674714,-0.13779657690928263,-0.3209028169266693,-1.4113762991540144,-0.7484010780191586,-0.18403597517867823,-0.014749110145816244,2.2024272178984545,-0.11595029548782647,-0.2582719037983967,1.3023276460511493,-0.03128809774280417
1133,44.81,43.94,29.1,6.13,25.22,58.91,64.3,jute,84,weather update day 84,temperature,unknown,0.58,44.81,43.94,29.1,6.13,25.22,58.91,64.3,failure,UNKNOWN,jute,-0.6,3,2,6,0,7,7,-1.0075535604445347,-0.3990455625269602,-1.0592153839825076,-0.5189948681997344,-0.15219231033968753,-0.3960113363455942,-1.2269062597603642,-0.9446942294663826,-0.4007951167020991,-1.0592153839825076,-0.4540873106784961,-0.1430775740388886,-0.352058801054316,-0.8165888339695081,0.18835562446890033,1.6013220797307814
1134,89.04,66.52,40.62,5.9,31.73,57.03,96.34,cotton,57,weather update day 57,rainfall,increase,0.49,89.04,66.52,40.62,5.9,31.73,57.03,96.81,partial,UNKNOWN,cotton,-2.1,1,1,6,1,5,5,0.9252999661061736,1.075409620714175,-0.4141695241347716,-0.7749242490638901,1.1394634215838173,-0.5234243934952698,-0.7919594466289349,0.881973730027772,1.0635598472044687,-0.4141695241347716,-0.6522202246442141,0.9981209458050654,-0.4685637854283314,-0.5446247434711138,-0.43825363767111464,1.1273384798190953
1135,97.62,50.53,82.94,6.57,26.81,50.53,124.59,blackgram,80,weather update day 80,rainfall,decrease,0.41,97.62,50.53,82.94,6.57,26.81,50.53,124.08,failure,R2,blackgram,-4.7,1,0,1,0,1,1,1.3002464562215945,0.031275945779465276,1.9554781137780926,-0.029390835242217833,0.16328120943886426,-0.9639482613000007,-0.4084623345514419,1.2363217086047524,0.026578630514211197,1.9554781137780926,-0.07505043178755612,0.13564833172945032,-0.8713735718278539,-0.31649614464333126,0.0955246226703796,0.7060197243420409
1136,88.19,27.81,29.62,6.43,24.83,64.02,197.77,watermelon,77,weather update day 77,soil_moisture,decrease,0.24,81.84,27.81,29.62,6.43,24.83,64.02,197.77,success,UNKNOWN,watermelon,0.9,2,0,6,2,14,14,0.8881549175516152,-1.452321120794432,-1.0300987305866027,-0.1851739366377918,-0.2295726076438607,-0.04969180334833667,0.58496487471691,0.5846187829701659,-1.4468555935760115,-1.0300987305866027,-0.1956530750710374,-0.21144430564244351,-0.03538833820792215,0.2999613708542596,0.025901371321489057,-0.1892826310466997
1137,87.96,33.87,71.66,6.61,26.65,62.35,145.32,chickpea,103,weather update day 103,rainfall,unknown,0.0,87.96,33.87,71.66,6.61,26.65,62.35,145.32,failure,R1,chickpea,4.1,1,2,0,0,2,2,0.8781039044133229,-1.0566081708191761,1.3238707093438509,0.015118622299374584,0.1315354464422804,-0.16287255092278252,-0.1270501174411259,0.8373704879691306,-1.0538533313406793,1.3238707093438509,-0.04059253370656158,0.10760044184081241,-0.13887946794441453,-0.13881182344413429,0.6293028830118739,-1.453238897477863
1138,68.45,85.62,35.71,6.21,24.02,63.86,130.28,groundnut,129,weather update day 129,rainfall,unknown,0.1,68.45,85.62,35.71,6.21,24.02,63.86,130.28,success,R3,groundnut,-4.2,1,2,2,2,6,6,0.02551578994340884,2.3226237039695206,-0.6890979244691797,-0.4299759531165496,-0.3902855328140661,-0.06053546778660674,-0.33121990737547957,0.03162118003942371,2.302230343688767,-0.6890979244691797,-0.38517151451650705,-0.35343674820367255,-0.04530365602698711,-0.2646297232010044,1.2327043947022587,-0.9265904531315449
1139,74.4,30.11,77.19,6.0,30.67,60.12,200.25,lentil,100,weather update day 100,unknown,unknown,0.49,74.4,30.11,77.19,6.0,30.67,60.12,200.25,success,R2,lentil,3.9,4,2,1,2,8,8,0.2855311298253152,-1.3021330374704898,1.6335151194964534,-0.6636506052099096,0.9291477417314498,-0.314006124031175,0.6186311698656598,0.2773520043439732,-1.2976963191302582,1.6335151194964534,-0.5660754794417282,0.8123036752928398,-0.27707421004763555,0.32070793943119025,0.5596796316629833,1.1273384798190953
1140,48.15,68.01,51.77,6.62,28.83,45.94,56.79,sugarcane,148,weather update day 148,rainfall,increase,0.09,48.15,68.01,51.77,6.62,28.83,45.94,61.9,failure,R3,sugarcane,-0.5,1,1,2,0,13,13,-0.8615953696536832,1.172705379041425,0.21015871695049423,0.026245986684772443,0.5640714672707351,-1.27502588487288,-1.3288554035374254,-0.8067545734702155,1.1601891163019353,0.21015871695049423,-0.031978059186313135,0.48975294157350346,-1.155819251762286,-0.8366661583987959,1.6736516532452321,-0.9792552975661767
1141,79.93,47.93,59.66,7.72,24.83,61.49,244.75,mango,53,weather update day 53,rainfall,unknown,0.58,79.93,47.93,59.66,7.72,24.83,61.49,244.75,failure,R6,mango,2.3,1,2,5,0,10,10,0.5271924457155576,-0.1385018875432519,0.6519479386691257,1.2502560690785625,-0.2295726076438607,-0.22115724727848532,1.2227239658815336,0.5057371234034956,-0.14203620146794463,0.6519479386691257,0.9156141380410358,-0.21144430564244351,-0.19217430122188978,0.6929749965575681,-0.5310846394696354,1.6013220797307814
1142,85.25,52.83,62.18,5.36,25.53,79.29400000000001,202.2,watermelon,79,weather update day 79,soil_moisture,unknown,0.48,85.25,37.78,62.18,5.36,25.53,52.69,202.2,success,R5,watermelon,3.3,2,2,4,2,14,14,0.7596767496099674,0.18146402910340714,0.7930517205108181,-1.3758019258753873,-0.09068489453380589,0.9854715130900424,0.6451026519382653,0.7254493898405042,-0.8002825647828986,0.7930517205108181,-1.1174018487376403,-0.0887347873796523,-0.7375167812704744,0.3370207655299865,0.07231687222074942,1.0746736353844635
1143,83.72,46.07,40.16,6.47,26.2,78.42,185.47,maize,4,weather update day 4,humidity,increase,0.4,83.72,46.07,40.16,6.47,26.2,109.79,185.47,failure,R3,maize,-0.5,0,1,2,0,9,9,0.6928156622117629,-0.25995833753565717,-0.43992656367730276,-0.14066447909619936,0.042250488014388535,0.9262379960959903,0.41799091087432005,0.6622614635907629,-0.2626606581936406,-0.43992656367730276,-0.16119517699004288,0.0287157515290185,2.801012265408408,0.19706508315415955,-1.6682644115015144,0.6533548799074093
1144,77.6,59.16,58.08,7.36,30.17,71.89,145.79,cotton,143,weather update day 143,soil_moisture,unknown,0.43,77.6,59.16,58.08,7.36,30.17,71.89,145.79,success,R5,cotton,-5.0,2,2,4,2,5,5,0.42537131261894495,0.5948077540775606,0.5634781071969536,0.8496709512042318,0.8299422323671253,0.4836809412090838,-0.12066981150567735,0.4095097585917976,0.5862501689780586,0.5634781071969536,0.6054930553120855,0.7246540193908463,0.4523213570173461,-0.13488001407673209,1.5576129009970812,0.8113494132113045
1145,64.25,35.88,69.79,7.0,23.71,59.63,126.36,sugarcane,20,weather update day 20,humidity,increase,0.21,64.25,35.88,69.79,7.0,23.71,72.16,126.36,success,R6,sugarcane,-1.2,0,1,5,2,13,13,-0.15802444997323098,-0.9253568458273829,1.21916274424704,0.44908583332989993,-0.451792948619947,-0.34721484637337746,-0.3844343739009229,-0.14183587241084655,-0.9235010958467816,1.21916274424704,0.2953719725831347,-0.40777953486290824,0.46905345583701835,-0.29742268643550784,-1.2969404043074313,-0.34727716435059514
1146,44.46,26.77,70.43,6.4,29.75,54.24,249.42,chickpea,42,weather update day 42,rainfall,unknown,0.0,44.46,26.77,70.43,6.4,29.75,54.24,249.42,success,R6,chickpea,-4.6,1,2,5,2,2,2,-1.022848580437588,-1.5202322541235187,1.254998625349692,-0.21855602979398536,0.7466096045010924,-0.712510792137608,1.2861197716656714,-0.9591489838372385,-1.5143015263688737,1.254998625349692,-0.22149649863178275,0.6510283084331716,-0.6414621398982803,0.7320421236762239,-0.7863698944155674,-1.453238897477863
1147,55.48,71.73,47.5,7.04,32.22,69.08,128.9,mango,35,weather update day 35,rainfall,increase,0.32,55.48,71.73,47.5,7.04,32.22,69.08,170.14,success,R3,mango,-1.4,1,1,2,2,10,10,-0.541273950942024,1.4156182790262357,-0.028933802281262324,0.49359529087149234,1.236684820760855,0.29323908451196157,-0.34995357161147744,-0.5040307176462917,1.4014380297533273,-0.028933802281262324,0.3298298706641292,1.0840176085890187,0.27818358782001396,0.06882117336208364,-0.9488241475629786,0.2320361244303548
1148,76.51,66.49,7.53,5.6,23.1,64.95,141.3,banana,21,weather update day 21,humidity,decrease,0.35,76.51,66.49,7.53,5.6,23.1,42.22,141.3,failure,UNKNOWN,banana,-0.4,0,0,6,0,0,0,0.37773825035486513,1.0734506457142974,-2.266996564270326,-1.1087451806258337,-0.5728236700444228,0.013336996199109882,-0.1816220958677282,0.36449352355113274,1.0616142914508282,-2.266996564270326,-0.9106544602516736,-0.51471211506334,-1.3863503910555512,-0.17244134186319118,-1.2737326538578013,0.39003065773425005
1149,38.74,60.88,41.7,7.12,20.93,51.11,165.1,blackgram,137,weather update day 137,soil_moisture,decrease,0.17,36.77,60.88,41.7,7.12,20.93,51.11,165.1,unknown,R1,blackgram,-3.3,2,0,0,3,1,1,-1.272812907181202,0.7071223207372046,-0.353696474774046,0.5826142059546772,-1.0033755806855913,-0.9246399777112709,0.1414657366081772,-1.2767405870140425,0.6977953655201005,-0.353696474774046,0.3987456668261183,-0.8951116216779916,-0.8354305447337428,0.026658792060579327,1.4183663982993,-0.5579365420891222
1150,32.18,52.69,17.21,5.97,22.39,57.37,500.0,rice,54,weather update day 54,rainfall,decrease,0.44,32.18,52.69,17.21,5.97,22.39,57.37,601.09,failure,R4,rice,7.3,1,0,3,0,12,12,-1.5594852819081442,0.17232214577064542,-1.7249788625927145,-0.6970326983661042,-0.7136954933417636,-0.5003816065639457,4.687773093590564,-1.4663043657632664,0.1666586447763096,-1.7249788625927145,-0.5919189030024743,-0.6391746264441708,-0.44749373506281814,3.673955741196074,-0.5078768890200052,0.8640142576459364
1151,90.86,18.35,42.24,5.69,27.55,64.49,228.54,groundnut,146,weather update day 146,soil_moisture,increase,0.15,90.91,18.35,42.24,5.69,27.55,64.49,228.54,success,R1,groundnut,-4.0,2,1,0,2,6,6,1.0048340700700504,-2.0700512374224718,-0.3234599500936834,-1.00859890115725,0.3101053632980649,-0.017838539060917757,1.0026712867036165,0.9592034176663443,-2.0603541745572396,-0.3234599500936834,-0.8331241895694353,0.2653698224644009,-0.006262092114418289,0.5573694011414201,1.6272361523459717,-0.6632662309583859
1152,46.41,56.97,76.86,6.87,22.52,79.92,291.94,lentil,5,weather update day 5,humidity,decrease,0.34,46.41,56.97,76.86,6.87,22.52,52.75,291.94,failure,R1,lentil,0.7,0,0,0,0,8,8,-0.9376334690477197,0.45180257908650284,1.6150372433028986,0.3044300963197248,-0.6879020609070395,1.0278973502047744,1.863333832038592,-0.8786153523424703,0.44422459896231986,1.6150372433028986,0.18338380381990257,-0.6163857159096527,-0.7337985370883248,1.0877453881484394,-1.6450566610518842,0.33736581329961846
1153,64.71,38.39,37.15,6.5,20.7,57.5,119.03,coconut,39,weather update day 39,temperature,increase,0.42,64.71,38.39,37.15,6.5,29.4,57.5,119.03,failure,R4,coconut,9.0,3,1,3,0,3,3,-0.1379224236966469,-0.7614559375042984,-0.6084671919882129,-0.10728238594000482,-1.0490101149931805,-0.49157112920785095,-0.4839399962558972,-0.12283819523772198,-0.7607229311255468,-0.6084671919882129,-0.13535175342929678,0.589673549301776,-0.43943753933482754,-0.35874218146329095,-0.855993145764458,0.7586845687766727
1154,57.14,43.182,28.05,5.17,21.86,55.06,45.15,chickpea,124,weather update day 124,soil_moisture,decrease,0.28,57.14,75.52,28.05,5.17,21.86,55.06,45.15,failure,R6,chickpea,-0.4,2,0,5,0,2,2,-0.46873185611782814,-0.4485423308571982,-1.118008626416546,-1.5872218491979515,-0.8188533332679478,-0.6569370118914728,-1.4868697888323639,-0.4354738826302324,1.647226573296546,-1.118008626416546,-1.2810768646223645,-0.7320832617002839,-0.5906461360755713,-0.9767891518115336,1.1166656424541077,0.021376746691827677
1155,61.79,77.28,69.19,6.61,14.48,59.58,312.18,cotton,144,weather update day 144,humidity,decrease,0.43,61.79,77.28,69.19,6.61,14.48,59.33,312.18,success,R1,cotton,-0.7,0,0,0,2,5,5,-0.26552659049583427,1.778028654003574,1.1855666057133032,0.015118622299374584,-2.283126651485377,-0.3506034915103372,2.1380942408332277,-0.24343214598886195,1.761365844176775,1.1855666057133032,-0.04059253370656158,-2.025792182813706,-0.32603109177926975,1.2570641575021,1.5808206514467114,0.8113494132113045
1156,46.99,50.0,59.22,5.55,20.45,61.31,127.72,mungbean,51,weather update day 51,soil_moisture,unknown,0.2,46.99,50.0,59.22,5.55,20.45,61.31,127.72,success,UNKNOWN,mungbean,-0.0,2,2,6,2,11,11,-0.9122874359163741,-0.003332612551704049,0.6273107704110525,-1.164382002552824,-1.0986128696753428,-0.23335636977153937,-0.36597221204515684,-0.8546617593850518,-0.007792854466766777,0.6273107704110525,-0.9537268328529167,-0.9792552913439053,-0.20332903376833805,-0.2860455359255781,-0.5775001403688957,-0.39994200878522684
1157,70.43,55.67,68.21,6.91,25.24,71.25,168.06,mango,26,weather update day 26,rainfall,increase,0.13,70.43,55.67,68.21,6.91,25.24,71.25,168.28,unknown,R4,mango,5.2,1,1,3,3,10,10,0.11204190304696773,0.3669136624251445,1.1306929127748673,0.34893955386131725,-0.14822408996511463,0.4403062834560026,0.18164808888249162,0.11339379048026552,0.3599171829712422,1.1306929127748673,0.21784170190089713,-0.13957158780280893,0.4126600857410854,0.05326124692938571,-1.1576939016096504,-0.7685959198276494
1158,47.98,39.33,37.44,6.34,22.2,65.5,112.69,coffee,149,weather update day 149,rainfall,decrease,0.12,47.98,39.33,37.44,6.34,22.2,65.5,99.17,failure,R2,coffee,2.4,1,0,1,0,4,4,-0.8690243793645949,-0.70007472084147,-0.5922290583635738,-0.2853202161063745,-0.7513935869002072,0.05061209270566383,-0.5700062507893948,-0.8137754541646313,-0.6997621841781522,-0.5922290583635738,-0.27318334575327496,-0.6724814956869285,0.05632835161843091,-0.5248820411156475,1.6968594036948623,-0.8212607642622813
1159,67.1,49.978,66.41,6.35,23.13,60.78,184.76,watermelon,38,weather update day 38,rainfall,increase,0.08,67.1,50.65,66.41,6.35,23.13,60.78,184.91,success,UNKNOWN,watermelon,4.2,1,1,6,2,14,14,-0.03347928717265429,-0.004769194218280786,1.0299044971736586,-0.2741928517209766,-0.5668713394825637,-0.2692760082233098,0.4083525763760891,-0.024132872533877758,0.034360853528772065,1.0299044971736586,-0.2645688712330265,-0.5094531357092209,-0.2361735240439915,0.19238037412065903,-0.8792008962140881,-1.0319201420008084
1160,73.84,64.72,18.09,5.5,29.65,88.09,175.04,banana,86,weather update day 86,rainfall,increase,0.36,73.84,64.72,18.09,5.5,29.65,88.09,238.05,unknown,R4,banana,-2.8,1,1,3,3,0,0,0.26105909783642983,0.9578711207215249,-1.675704526076568,-1.2200188244798142,0.7267685026282272,1.5816019655839515,0.27640241958340833,0.25422439735060376,0.9468265019860533,-1.675704526076568,-0.9967992054541597,0.6334983772527727,1.4562472861976947,0.6369257991924732,0.2347711253681607,0.44269550216888187
1161,92.71,77.85,46.35,6.48,27.81,57.03,78.95,coffee,78,weather update day 78,rainfall,increase,0.26,92.71,77.85,46.35,6.48,27.81,57.03,99.47,success,UNKNOWN,coffee,-0.7,1,1,6,2,4,4,1.0856791757476176,1.815249179001246,-0.09332640113759007,-0.12953711471080054,0.36169222816751323,-0.5234243934952698,-1.0280307662405315,1.0335421544307457,1.7983314034959395,-0.09332640113759007,-0.15258070246979366,0.31094764353343707,-0.4685637854283314,-0.5223723755619866,0.04910912177111924,-0.08395294217743601
1162,57.21,34.11,63.54,6.75,33.99,68.04,193.93,wheat,45,weather update day 45,temperature,increase,0.29,57.21,34.11,63.54,6.75,34.09,68.04,193.93,success,R2,wheat,3.5,3,1,1,2,15,15,-0.4656728521192175,-1.0409363708201558,0.8692029678539536,0.17090172369494755,1.5878723239105643,0.2227552656632052,0.5328364177123942,-0.4325829317560612,-1.038288885311557,0.8692029678539536,0.08001010957691895,1.4118273216624746,0.21373402199609084,0.2678376517673991,-0.7167466430666768,0.07404159112645924
1163,72.75,38.65,65.65,6.82,21.81,59.91400000000001,58.99,rice,88,weather update day 88,soil_moisture,decrease,0.23,72.75,38.65,65.65,6.82,21.81,57.16,58.99,failure,R1,rice,-3.8,2,0,0,0,12,12,0.21342603557234935,-0.7444781541720268,0.9873493883642598,0.24879327439273455,-0.8287738842043805,-0.3279673419954473,-1.2989901417119212,0.20920816230993827,-0.7438614479273313,0.9873493883642598,0.1403114312186596,-0.7408482272904834,-0.4605075897003412,-0.8610099142693073,0.2811866262674211,-0.24194747548133141
1164,100.79,66.59,88.07,6.51,25.72,59.26,110.5,sugarcane,85,weather update day 85,unknown,increase,0.08,100.79,66.59,88.07,6.51,25.72,59.26,110.5,success,R6,sugarcane,-1.2,4,1,5,2,13,13,1.4387756373015346,1.0799805623805563,2.242725098241537,-0.09615502155460695,-0.05298680097536304,-0.37229082038687783,-0.5997357614247827,1.367240483906504,1.0680994772962964,2.242725098241537,-0.12673727890904832,-0.05542791813689522,-0.3303690433251108,-0.430100338705718,0.21156337491853053,-1.0319201420008084
1165,22.42,72.06,49.72,7.74,33.49,76.02,153.55,cotton,126,weather update day 126,rainfall,decrease,0.06,22.42,72.06,49.72,7.74,33.49,76.02,153.46,unknown,R1,cotton,-1.2,1,0,0,3,5,5,-1.9859978394287163,1.437167004024888,0.09537191029356176,1.2725107978493593,1.4886668145462398,0.7635830295219355,-0.015326887975717941,-1.8693855162191322,1.42283914304337,0.09537191029356176,0.9328430870815334,1.3066477345800824,0.7082604982219655,-0.07071623142146638,1.163081143353368,-1.137249830870072
1166,71.86,41.99,59.47,6.45,26.85,58.99,30.41,mango,20,weather update day 20,soil_moisture,increase,0.58,71.99,41.99,59.47,6.45,26.85,58.99,30.41,success,R6,mango,-6.2,2,1,5,2,10,10,0.17453298473287093,-0.5263789375189978,0.641309161466776,-0.1629192078669951,0.17121765018801077,-0.3905895041264587,-1.68696704306324,0.17782069567607967,-0.5272562406887157,0.641309161466776,-0.17842412603053975,0.14266030420161027,-0.34710114214478305,-1.100097386014743,-1.2969404043074313,1.6013220797307814
1167,115.43,43.93,56.85,6.96,26.98,63.52,176.16,maize,95,weather update day 95,humidity,decrease,0.6,115.43,43.93,56.85,6.96,26.98,63.14,176.16,unknown,R1,maize,-7.6,0,0,0,3,9,9,2.0785444735823932,-0.3996985541935859,0.49460602320279445,0.4045763757883075,0.19701108262273492,-0.08357825471793087,0.2916065528763922,1.971862209590303,-0.4014436352866458,0.49460602320279445,0.2609140745021401,0.16544921473612836,-0.0899225862127803,0.11918179547221394,0.4436408794148324,1.706651768600045
1168,45.62,51.77,65.69,7.03,30.17,58.58,134.07,rice,40,weather update day 40,temperature,increase,0.42,45.62,51.77,65.69,7.03,42.84,58.58,134.07,failure,R3,rice,5.3,3,1,2,0,12,12,-0.9721565141748971,0.11224691244106895,0.9895891309331751,0.4824679264860945,0.8299422323671253,-0.41837639424952655,-0.2797702063215435,-0.9112417979224021,0.10699493499800868,0.9895891309331751,0.3212153961438808,2.945696299947359,-0.3725091440561378,-0.23292428170642082,-0.8327853953148278,0.7586845687766727
1169,65.94,38.42,65.1,7.52,18.79,77.4,100.6,jute,47,weather update day 47,rainfall,decrease,0.24,65.94,38.42,65.1,7.52,18.79,77.4,100.36,success,R1,jute,-0.8,1,0,0,2,7,7,-0.08417135343534511,-0.7594969625044209,0.9565529280416676,1.0277087813706003,-1.4279751607649,0.8571096353020174,-0.7341294396395502,-0.07204005844871414,-0.7587773753719065,0.9565529280416676,0.743324647636063,-1.2702521489385235,0.7937801144114032,-0.514927034419459,-0.6703311421674164,-0.1892826310466997
1170,74.9,69.13,37.01,6.19,13.03,63.6,184.78,chickpea,19,weather update day 19,unknown,decrease,0.08,74.9,69.13,37.01,6.19,13.03,63.6,184.78,partial,R4,chickpea,0.9,4,0,3,1,2,2,0.30738115838681995,1.245840445703518,-0.616306290979418,-0.45223068188734533,-2.570822628641918,-0.07815642249879583,0.4086240787563211,0.29800165344519586,1.232823197771171,-0.616306290979418,-0.40240046355700393,-2.279976184929487,-0.06141604748296789,0.19129285238073931,-1.3201481547570615,-1.0319201420008084
1171,71.99,42.45,20.09,6.55,20.69,72.1,94.83,mango,82,weather update day 82,humidity,decrease,0.44,71.99,42.45,20.09,6.55,20.69,40.38,94.83,success,R2,mango,4.6,0,0,1,2,10,10,0.18021399215886194,-0.4963413208542093,-1.5637173976307803,-0.05164556401301454,-1.0509942251804667,0.49791325078431314,-0.81245787633644,0.17782069567607967,-0.497424385799565,-1.5637173976307803,-0.09227938082805379,-0.9371834565109481,-1.5003765459748004,-0.5611885361252763,0.14194012356963998,0.8640142576459364
1172,64.27,42.48,28.58,7.17,20.38,57.16,202.72,cotton,142,weather update day 142,rainfall,unknown,0.24,64.27,42.48,28.58,7.17,20.38,57.16,202.72,failure,R1,cotton,-1.7,1,2,0,0,5,5,-0.15715044883077098,-0.49438234585433216,-1.0883320373784124,0.6382510278816674,-1.1125016409863484,-0.5146139161391755,0.6521617138242937,-0.14100988644679782,-0.4954788300459251,-1.0883320373784124,0.4418180394273613,-0.9915262431701845,-0.4605075897003412,0.3413708524896656,1.534405150547451,-0.1892826310466997
1173,57.23,30.33,61.92,7.21,21.6,56.9,146.2,banana,47,weather update day 47,humidity,unknown,0.0,57.23,30.33,61.92,7.21,21.6,56.9,146.2,unknown,R5,banana,6.8,0,2,4,3,0,0,-0.4647988509767575,-1.2877672208047215,0.7784933938128659,0.6827604854232598,-0.8704401981373961,-0.5322348708513647,-0.1151040127109244,-0.4317569457920125,-1.2834289102702297,0.7784933938128659,0.47627593750835584,-0.7776610827693202,-0.47661998115632204,-0.13145013782006212,-0.6703311421674164,-1.453238897477863
1174,79.34,39.19,77.89,6.38,22.35,93.98,225.99,cotton,77,weather update day 77,rainfall,decrease,0.54,79.34,39.19,77.89,6.38,22.35,93.98,103.96,success,R2,cotton,0.3,1,0,1,2,5,5,0.5014094120129818,-0.7092166041742318,1.6727106144524793,-0.24081075856478207,-0.7216319340909094,1.9807843627177768,0.9680547332240553,0.4813705374640528,-0.7088414443618067,1.6727106144524793,-0.2387254476722804,-0.6461865989163301,1.8212549234120312,-0.4848110477755273,0.025901371321489057,1.3906627019922546
1175,80.32,57.13,37.67,5.96,29.71,68.65,199.21,mungbean,146,weather update day 146,rainfall,increase,0.5,80.32,57.13,37.67,5.96,29.71,68.65,200.21,failure,R1,mungbean,-5.1,1,1,0,0,11,11,0.5442354679935306,0.46225044575251645,-0.5793505385923079,-0.708160062751502,0.7386731637519466,0.2640967363341107,0.6045130460936035,0.5218438497024487,0.45460089631506817,-0.5793505385923079,-0.6005333775227227,0.6440163359610123,0.25153617118127675,0.32037331735736885,1.6272361523459717,1.1800033242537271
1176,60.15,35.19,71.88,8.01,29.09,70.76,141.48,lentil,16,weather update day 16,rainfall,increase,0.0,60.15,35.19,71.88,8.01,29.09,70.76,141.48,failure,R3,lentil,-2.7,1,1,2,0,8,8,-0.3371946841775698,-0.9704132708245657,1.3361892934728874,1.5729496362551072,0.6156583321401841,0.40709756111380013,-0.1791785744456418,-0.31116299504087225,-0.9682488781805079,1.3361892934728874,1.165433899128246,0.5353307626425403,0.38229442492019866,-0.17093554253099477,-1.389771406105952,-1.453238897477863
1177,110.7,55.37,42.98,6.71,22.13,59.21,293.52,coconut,133,weather update day 133,rainfall,decrease,0.06,110.7,55.37,42.98,6.71,22.13,59.21,293.34,partial,R3,coconut,-2.3,1,0,2,1,3,3,1.871843203390558,0.3473239124263692,-0.28202471256874234,0.12639226615335514,-0.7652823582112127,-0.37567946552383713,1.8847825200769082,1.7765165290927365,0.3404616254348393,-0.28202471256874234,0.0455522114959244,-0.6847524475132076,-0.3334675801435685,1.0994571607321906,1.3255353965007792,-1.137249830870072
1178,61.34,25.29,72.68,7.82,37.25,82.21,126.27,maize,34,weather update day 34,soil_moisture,increase,0.3,61.39,25.29,72.68,7.82,37.25,82.21,126.27,failure,R6,maize,-1.2,2,1,5,0,9,9,-0.2851916162011883,-1.6168750207841422,1.380984144851203,1.361529712932544,2.2346922449659594,1.1830972974775174,-0.3856561346119663,-0.25995186526984,-1.610282276881793,1.380984144851203,1.0017588832435225,1.9657731469630721,1.0918593563470491,-0.29817558610160616,-0.9720318980126088,0.12670643556109107
1179,76.29,77.57,26.98,6.92,29.15,36.85,174.63,mungbean,35,weather update day 35,soil_moisture,decrease,0.22,76.24,77.57,26.98,6.92,29.15,36.85,174.63,unknown,R4,mungbean,2.6,2,0,3,3,11,11,0.36812423778780307,1.7969654123357226,-1.1779217401350424,0.3600669182467151,0.6275629932639027,-1.891081570772111,0.2708366207886554,0.3533427130364721,1.7801728831286303,-1.1779217401350424,0.22645617642114557,0.5458487213507793,-1.7191332453579258,0.10638250114854296,-0.9488241475629786,-0.29461231991596326
1180,59.61,52.3,51.2,6.54,26.48,53.77,195.02,maize,143,weather update day 143,temperature,decrease,0.16,59.61,52.3,51.2,6.54,26.43,53.77,195.02,success,R1,maize,1.8,3,0,0,2,9,9,-0.36079271502399485,0.14685547077223782,0.17824238534344478,-0.06277292839841239,0.09780557325841047,-0.744364056425027,0.5476332974350302,-0.3334646160701926,0.1413664199789862,0.17824238534344478,-0.10089385534830222,0.06903459324393553,-0.670588385991784,0.276956103279034,1.5576129009970812,-0.6106013865237541
1181,58.86,73.72,29.74,6.55,31.54,92.62,108.31,mango,83,weather update day 83,soil_moisture,decrease,0.38,52.15,73.72,29.74,6.55,31.54,92.62,108.31,failure,R4,mango,2.9,2,0,3,0,10,10,-0.3935677578662519,1.5455636206847765,-1.0233795028798556,-0.05164556401301454,1.1017653280253739,1.8886132149924793,-0.6294652720601707,-0.6415573806604344,1.530493228078131,-1.0233795028798556,-0.09227938082805379,0.9648140765623078,1.7369747219499774,-0.4484208972474431,0.16514787401927017,0.5480251910381456
1182,67.86,67.33,41.27,6.81,28.24,50.42,173.25,coconut,127,weather update day 127,temperature,increase,0.22,67.86,67.33,41.27,6.81,28.31,50.42,173.25,partial,R2,coconut,6.6,3,1,1,1,3,3,-0.0002672437591668853,1.1283019457108678,-0.3777737073898903,0.2376659100073357,0.4470089662208322,-0.9714032806013114,0.2521029565526576,0.007254594099980863,1.1160898525527558,-0.3777737073898903,0.1316969566984104,0.39859729943543043,-0.8781903528284611,0.09483803960170252,1.1862888938029983,-0.29461231991596326
1183,70.28,26.35,54.36,6.3,32.85,86.44,237.87,rice,146,weather update day 146,rainfall,increase,0.54,70.28,26.35,54.36,6.3,32.85,86.44,366.32,success,R1,rice,-4.3,1,1,0,2,12,12,0.10548689447851606,-1.5476579041218037,0.3551820482877889,-0.3298296736479669,1.3616837625599043,1.4697766760642885,1.1293271470817763,0.10719889574989849,-1.541539306919837,0.3551820482877889,-0.3076412438342695,1.1944561750255307,1.3539955711885847,1.7099751344194505,1.6272361523459717,1.3906627019922546
1184,81.94,46.52,48.53,6.28,25.47,90.57,293.45,watermelon,126,weather update day 126,rainfall,increase,0.43,81.94,46.52,48.53,6.28,25.47,90.57,419.63,failure,R5,watermelon,-1.4,1,1,4,0,14,14,0.6150295605328061,-0.23057371253749442,0.028739568868318317,-0.3520844024187626,-0.10258955565752528,1.7496787643771403,1.8838322617460967,0.5887487127904102,-0.23347732188903655,0.028739568868318317,-0.3248701928747664,-0.0992527460878919,1.6099347123932042,2.155942703305006,1.163081143353368,0.8113494132113045
1185,86.23,36.65,27.68,7.42,24.26,89.99,201.4,jute,55,weather update day 55,soil_moisture,decrease,0.28,86.23,36.65,27.68,7.42,24.26,89.99,201.4,failure,R1,jute,-1.3,2,0,0,0,7,7,0.8025028055905169,-0.8750764874971938,-1.1387262451790168,0.9164351375166199,-0.34266688831918996,1.7103704807884106,0.6342425567289914,0.7659227020789007,-0.8735651648366819,-1.1387262451790168,0.657179902433577,-0.3113649133707154,1.573991685299093,0.33032832405355733,-0.48466913857037497,0.021376746691827677
1186,75.12,64.74,77.98,7.31,16.8,45.81,112.51,chickpea,54,weather update day 54,rainfall,unknown,0.0,75.12,64.74,77.98,7.31,16.8,45.81,112.51,success,R3,chickpea,0.1,1,2,2,2,2,2,0.31699517095388197,0.9591771040547764,1.6777500352325398,0.7940341292772405,-1.8228130880349112,-1.2838363622289743,-0.5724497722114813,0.30708749904973376,0.9481235391551466,1.6777500352325398,0.5624206827108418,-1.6190977794284567,-1.1638754474902764,-0.41328557949618944,-0.5078768890200052,-1.453238897477863
1187,58.09,55.72,71.42,5.06,27.34,39.79,281.13,coffee,59,weather update day 59,unknown,decrease,0.2,58.09,55.72,71.42,5.06,27.34,39.79,281.13,failure,R1,coffee,1.6,4,0,0,0,4,4,-0.42721680185096905,0.37017862075827346,1.3104322539303566,-1.709622857437331,0.2684390493650484,-1.6918292367188943,1.7165867955232752,-0.3962395493379093,0.36315977589397574,1.3104322539303566,-1.3758360843450996,0.2285569669855635,-1.5369392804326034,0.997313772698189,-0.39183813677185425,-0.39994200878522684
1188,0.0,48.42,22.95,6.58,23.28,68.16,500.0,lentil,63,weather update day 63,rainfall,increase,0.05,-18.13,48.42,22.95,6.58,23.28,68.16,1136.86,success,R3,lentil,2.6,1,1,2,2,8,8,-2.965753120126588,-0.10650529587858587,-1.4035758039533042,-0.018263470856819976,-0.537109686673266,0.23088801399190725,4.687773093590564,-3.544072058328288,-0.11025879082515361,-1.4035758039533042,-0.06643595726730768,-0.4831582389386225,0.22117051036038912,8.155967453479208,-0.29900713497333353,-1.1899146753047039
1189,48.57,37.12,43.88,6.54,30.12,46.59,190.7,groundnut,71,weather update day 71,rainfall,decrease,0.16,48.57,37.12,43.88,6.54,30.12,46.59,160.19,success,R5,groundnut,-0.5,1,0,4,2,6,6,-0.8432413456620191,-0.8443858791657797,-0.2316305047681376,-0.06277292839841239,0.8200216814306928,-1.2309734980924065,0.48898878330494955,-0.7894088682251884,-0.8430847913629845,-0.2316305047681376,-0.10089385534830222,0.7158890538006468,-1.1155382731223336,-0.014416067501005263,-0.11334513137629204,-0.6106013865237541
1190,57.23,46.37,66.18,5.43,20.91,40.92,100.45,coconut,76,weather update day 76,rainfall,increase,0.31,57.23,46.37,66.18,5.43,20.91,40.92,131.59,partial,R1,coconut,-4.4,1,1,0,1,3,3,-0.4647988509767575,-0.2403685875368823,1.0170259774023935,-1.2979103751776013,-1.007343801060164,-1.6152458566236103,-0.7361657074912891,-0.4317569457920125,-0.24320510065723822,1.0170259774023935,-1.0571005270959002,-0.8986176079140713,-1.4669123483354556,-0.25367085028335146,0.0026936208718588727,0.17937127999572294
1191,62.17,49.52,48.27,6.21,27.67,67.22,500.0,coconut,46,weather update day 46,temperature,unknown,0.49,62.17,49.52,48.27,6.21,27.67,67.22,1049.26,failure,R6,coconut,-1.9,3,2,5,0,3,3,-0.24892056878909055,-0.03467621254974392,0.01418124217036605,-0.4299759531165496,0.33391468554550296,0.16718148541706943,4.687773093590564,-0.22773841267193265,-0.03892174652501071,0.01418124217036605,-0.38517151451650705,0.2864057398808795,0.1629180181733814,7.423145111810204,-0.6935388926170466,1.1273384798190953
1192,91.2,59.26,60.3,5.41,32.06,68.92,127.84,rice,113,weather update day 113,rainfall,decrease,0.16,91.2,59.26,60.3,5.41,32.06,68.92,107.39,success,R4,rice,0.8,1,0,3,2,12,12,1.019692089491874,0.601337670743819,0.6877838197717777,-1.320165103948397,1.2049390577642718,0.2823954200736915,-0.36434319776376567,0.9711802141450537,0.5927353548235262,0.6877838197717777,-1.0743294761363973,1.0559697187003814,0.268268270000949,-0.4561172049453368,0.8613803875081757,-0.6106013865237541
1193,81.31,50.54,52.79,6.02,21.87,76.39,136.56,rice,145,weather update day 145,rainfall,increase,0.07,81.31,50.54,52.79,6.02,21.87,76.39,136.66,partial,R5,rice,-0.2,1,1,4,1,12,12,0.5874985245453104,0.03192893744609098,0.26727215245784564,-0.6413958764391139,-0.816869223080661,0.7886590035354358,-0.2459681599826776,0.5627301549228699,0.02722714909875782,0.26727215245784564,-0.5488465304012313,-0.7303302685822438,0.731189670678554,-0.21125750242648106,1.6040284018963415,-1.0845849864354402
1194,107.57,42.35,45.61,9.05,24.88,79.3,184.59,cotton,139,weather update day 139,rainfall,unknown,0.46,107.57,42.35,45.61,9.05,24.88,79.3,184.59,failure,R3,cotton,7.0,1,2,2,0,5,5,1.7350620245955382,-0.5028712375204677,-0.13476163866253157,2.73019553233651,-0.21965205670742813,0.9858781505064766,0.40604480614411853,1.6472497257190823,-0.5039095716450326,-0.13476163866253157,2.0613392492341043,-0.20267934005224406,0.9115245135128015,0.1897033975300874,1.4647818991985604,0.9693439465152001
1195,85.75,50.51,38.38,6.57,18.04,74.19,202.09,banana,36,weather update day 36,soil_moisture,increase,0.28,85.75,50.51,38.38,6.57,18.04,74.19,202.09,success,R3,banana,-2.0,2,1,2,2,0,0,0.7815267781714722,0.029969962446213406,-0.5395951079940533,-0.029390835242217833,-1.5767834248113868,0.639558617509219,0.6436093888469904,0.7460990389417268,0.025281593345117488,-0.5395951079940533,-0.07505043178755612,-1.4017266327915134,0.5948540506664077,0.3361005548269776,-0.9256163971133484,0.021376746691827677
1196,76.62,62.5,12.11,6.8,32.14,46.86,250.35,lentil,30,weather update day 30,soil_moisture,increase,0.56,89.49,62.5,12.11,6.8,32.14,46.86,250.35,partial,R1,lentil,1.3,2,1,0,1,8,8,0.3825452566383961,0.8129069707305897,-2.010546040129473,0.22653854562193784,1.2208119392625634,-1.2126748143528256,1.2987446323464527,0.900558414218872,0.8028553762166742,-2.010546040129473,0.12308248217816194,1.0699936636447,-1.0988061743026614,0.739822086892573,-1.0648628998111296,1.4959923908615183
1197,71.66,54.34,44.36,6.6,28.5,54.1,51.95,mungbean,141,weather update day 141,rainfall,increase,0.38,71.66,54.34,44.36,6.6,28.5,54.1,52.15,success,UNKNOWN,mungbean,-6.2,1,1,6,2,11,11,0.1657929733082689,0.28006577076390854,-0.20475359394114878,0.003991257913975739,0.4985958310902812,-0.7219989985210946,-1.3945589795535336,0.16419192726927279,0.2736642112265242,-0.20475359394114878,-0.04920700822681079,0.43190416867818815,-0.6501380429899623,-0.9182302888927776,1.5111974000978208,0.5480251910381456
1198,76.01,61.51,53.39,7.09,29.8,60.5,181.52,rice,8,weather update day 8,humidity,decrease,0.34,76.01,61.51,53.39,7.09,29.8,60.3,181.52,unknown,UNKNOWN,rice,-5.2,0,0,6,3,12,12,0.3558882217933604,0.7482607957346319,0.30086829099158197,0.5492321127984826,0.756530155437525,-0.2882524209902829,0.36436919077852914,0.34384387444991005,0.7386520363465456,0.30086829099158197,0.3729022432653722,0.6597932740233711,-0.2659194775011873,0.16402115336429013,-1.5754334097029936,0.33736581329961846
1199,65.01,32.55,40.56,6.53,33.31,60.64,214.35,rice,143,weather update day 143,humidity,decrease,0.06,65.01,32.55,40.56,6.53,33.31,60.61,214.35,success,R1,rice,4.3,0,0,0,2,12,12,-0.12481240655974357,-1.1428030708137862,-0.4175291379881449,-0.07390029278381026,1.452952831175083,-0.27876421460679635,0.8100403479291164,-0.11044840577698793,-1.1394577845008507,-0.4175291379881449,-0.10950832986855068,1.2750938584553648,-0.24670854922674834,0.438662220453256,1.5576129009970812,-1.137249830870072
1200,55.43,37.3,11.77,6.61,23.39,54.01,95.19,cotton,39,weather update day 39,soil_moisture,increase,0.53,64.24,37.3,11.77,6.61,23.39,54.01,95.19,success,UNKNOWN,cotton,-0.1,2,1,6,2,5,5,-0.5434589537981743,-0.8326320291665147,-2.0295838519652563,0.015118622299374584,-0.5152844746131148,-0.728098559767622,-0.8075708334922665,-0.1422488653928712,-0.831411456841143,-2.0295838519652563,-0.04059253370656158,-0.46387531464018406,-0.6557154092631866,-0.5581769374608831,-0.855993145764458,1.3379978575576228
1201,111.2,37.36,54.81,6.01,24.12,39.66,221.81,coconut,143,weather update day 143,humidity,increase,0.37,111.2,37.36,54.81,6.01,24.12,39.81,221.81,unknown,R4,coconut,-0.8,0,1,3,3,3,3,1.893693231952063,-0.8287140791667595,0.3803791521880912,-0.6525232408245117,-0.37044443094120094,-1.7006397140749892,0.9113107357555978,1.7971661781939592,-0.8275203453338624,0.3803791521880912,-0.5574610049214798,-0.33590681702327363,-1.53569986570522,0.501069237220959,1.5576129009970812,0.49536034660351375
1202,52.25,61.58,54.41,7.51,22.66,54.01,215.76,watermelon,26,weather update day 26,soil_moisture,decrease,0.09,52.25,61.58,54.41,7.51,22.66,54.01,215.76,success,R2,watermelon,1.3,2,0,1,2,14,14,-0.6824251354493444,0.7528317374010127,0.3579817264989334,1.0165814169852025,-0.6601245182850285,-0.728098559767622,0.829181265735462,-0.6374274508401898,0.7431916664383729,0.3579817264989334,0.7347101731158145,-0.5918438122570945,-0.6557154092631866,0.45045764855546255,-1.1576939016096504,-0.9792552975661767
1203,110.83,70.28,22.4,5.84,22.04,56.74,87.43,cotton,90,weather update day 90,temperature,decrease,0.12,110.83,70.28,22.4,5.84,19.4,56.74,87.43,failure,R1,cotton,-2.6,3,0,0,0,5,5,1.8775242108165493,1.3209344873654894,-1.4343722642758958,-0.8416884353762792,-0.7831393498967911,-0.5430785352896347,-0.9129137570222255,1.7818854378590543,1.307402834994048,-1.4343722642758958,-0.7039070717657064,-1.1633195687380915,-0.48653529897538694,-0.6230936197822469,0.32760212716668147,-0.8212607642622813
1204,68.09,75.95,7.58,6.66,35.59,59.7,136.47,maize,107,weather update day 107,humidity,decrease,0.2,68.09,75.95,7.58,6.66,35.59,47.76,136.47,unknown,R1,maize,0.9,0,0,0,3,9,9,0.009783769379125463,1.6911807623423378,-2.2641968860591817,0.07075544422636486,1.9053299538764028,-0.3424707431816342,-0.24718992069372098,0.01675343268654344,1.675112872432057,-2.2641968860591817,0.0024798388946814113,1.6747762893684548,-1.0430325115704198,-0.212846957277133,0.7221338848103945,-0.39994200878522684
1205,67.31,47.61,30.55,6.94,35.23,68.33,159.63,jute,42,weather update day 42,unknown,increase,0.0,67.31,47.61,30.55,6.94,35.23,68.33,159.63,success,R2,jute,-2.8,4,1,1,2,7,7,-0.024302275176821958,-0.15939762087527864,-0.9780247158593116,0.3823216470175118,1.833901987134088,0.24240940745756956,0.0672098356147653,-0.01546001991136392,-0.16278879617344075,-0.9780247158593116,0.24368512546164323,1.6116685371190185,0.23170553554314596,-0.01910077653450577,-0.7863698944155674,-1.453238897477863
1206,86.956,69.5,37.92,6.81,19.0,65.91,138.98,blackgram,43,weather update day 43,rainfall,decrease,0.49,118.58,69.5,37.92,6.81,19.0,65.91,138.3,unknown,R1,blackgram,-2.5,1,0,0,3,1,1,0.8342290470618218,1.2700011373686741,-0.5653521475365845,0.2376659100073357,-1.3863088468318836,0.07839898282873123,-0.2131163719746235,2.101954998928005,1.2568183853994013,-0.5653521475365845,0.1316969566984104,-1.233439293459686,0.08173635352978519,-0.19753799739980094,-0.7631621439659372,1.1273384798190953
1207,81.59,54.89,51.5,6.22,27.69,60.57,160.11,watermelon,60,weather update day 60,soil_moisture,decrease,0.22,81.54,54.89,51.5,6.22,27.69,60.57,160.11,failure,R3,watermelon,4.0,2,0,2,0,14,14,0.5997345405397531,0.3159803124283293,0.19504045461031275,-0.41884858873115177,0.33788290592007586,-0.28350831779853963,0.07372589274033003,0.5722289935094325,0.3093327333765954,0.19504045461031275,-0.3765570399962586,0.2899117261169591,-0.24918737868151458,-0.015085311648648056,-0.36863038632222406,-0.29461231991596326
1208,58.16,80.88,18.47,5.73,25.22,35.24,-4.26,coconut,2,weather update day 2,temperature,decrease,0.26,58.16,80.88,18.47,5.73,25.16,35.24,-4.26,failure,R1,coconut,-5.9,3,0,0,0,3,3,-0.4241577978523587,2.013105653988874,-1.6544269716718685,-0.9640894436156576,-0.15219231033968753,-2.0001959441822055,-2.1576164191951577,-0.39334859846373843,1.9948325346136055,-1.6544269716718685,-0.7986662914884408,-0.15359553274712756,-1.818906130912269,-1.390131068499496,-1.7146799124007748,-0.08395294217743601
1209,94.36,65.52,44.99,6.18,25.88,67.2,131.99,coffee,21,weather update day 21,soil_moisture,increase,0.51,94.5,65.52,44.99,6.18,25.88,67.2,131.99,success,R1,coffee,3.0,2,1,0,2,4,4,1.1577842700005836,1.0101104540515915,-0.16947764848072555,-0.4633580462727442,-0.021241037978779184,0.1658260273622859,-0.308006453865656,1.107467898213123,0.9987079887497934,-0.16947764848072555,-0.41101493807725314,-0.027380028248257308,0.1616786034459985,-0.2503246295451368,-1.2737326538578013,1.232668168688359
1210,0.0,38.72,53.75,7.57,16.62,66.73,140.39,watermelon,41,weather update day 41,humidity,decrease,0.5,-18.26,38.72,53.75,7.57,16.62,66.39,140.39,failure,UNKNOWN,watermelon,2.0,0,0,6,0,14,14,-2.965753120126588,-0.739907212505646,0.3210259741118237,1.0833456032975917,-1.858527071406068,0.133972763074867,-0.19397545416827786,-3.5494409670946063,-0.739321817835504,0.3210259741118237,0.7863970202373067,-1.6506516555531743,0.11148230698698094,-0.1800539940426297,-0.8095776448651976,1.1800033242537271
1211,39.98,55.92,51.19,6.64,29.59,86.76,145.77,coffee,135,weather update day 135,humidity,increase,0.25,39.98,55.92,51.19,6.64,29.59,86.98,145.77,failure,R5,coffee,0.2,0,1,4,0,4,4,-1.2186248363486705,0.3832384540907904,0.17768244970121555,0.04850071545556816,0.7148638415045085,1.4914640049408296,-0.12094131388590895,-1.1441698397841935,0.376130147584911,0.17768244970121555,-0.014749110145816244,0.6229804185445337,1.38745976882793,-0.13504732511364267,1.3719508974000396,-0.13661778661206786
1212,65.89,48.27,29.23,4.61,30.35,51.05,125.95,cotton,84,weather update day 84,temperature,unknown,0.36,65.89,48.27,29.23,4.61,30.35,51.05,125.95,success,UNKNOWN,cotton,4.8,3,2,6,2,5,5,-0.08635635629149546,-0.1163001708779733,-1.0519362206335314,-2.210354254780244,0.865656215738282,-0.9287063518756224,-0.39000017269567583,-0.07410502335883627,-0.11998656959335481,-1.0519362206335314,-1.7634874377562872,0.7562078955155639,-0.8391487889158923,-0.3008525626921778,0.18835562446890033,0.44269550216888187
1213,43.35,48.64,81.94,6.39,26.33,53.07,146.3,coconut,75,weather update day 75,soil_moisture,unknown,0.0,43.35,48.64,81.94,6.39,26.33,53.07,146.3,success,R1,coconut,3.7,2,2,0,2,3,3,-1.0713556438441285,-0.09213947921281757,1.8994845495551989,-0.22968339417938421,0.0680439204491127,-0.7918050883424598,-0.11374650080976483,-1.0049912048419527,-0.09599138196512512,1.8994845495551989,-0.23011097315203197,0.051504662063536606,-0.7139679014501944,-0.13061358263550826,-0.020514129577771312,-1.453238897477863
1214,80.05,75.81,93.28,5.17,23.91,57.77,247.59,wheat,131,weather update day 131,humidity,decrease,0.33,80.05,75.81,93.28,5.17,23.91,38.71,247.59,failure,R5,wheat,-7.4,0,0,4,0,15,15,0.5324364525703182,1.6820388790095762,2.5344515678428143,-1.5872218491979515,-0.4121107448742174,-0.47327244546826963,1.261277303874457,0.5106930391877886,1.6660336122484023,2.5344515678428143,-1.2810768646223645,-0.372719672502111,-1.6038676757112933,0.7167331637988921,1.279119895601519,0.28470096886498664
1215,62.56,39.67,41.83,7.03,29.96,87.67,59.53,mungbean,84,weather update day 84,humidity,unknown,0.35,62.56,39.67,41.83,7.03,29.96,87.67,59.53,success,R3,mungbean,-1.3,0,2,2,2,11,11,-0.23187754651111686,-0.6778730041761915,-0.34641731142507004,0.4824679264860945,0.7882759184341088,1.5531373464334917,-1.2916595774456612,-0.21163168637297897,-0.6777125523035623,-0.34641731142507004,0.3212153961438808,0.687841163912009,1.4302195769226485,-0.8564925162727176,0.18835562446890033,0.39003065773425005
1216,59.534000000000006,49.8,67.74,6.95,23.13,67.74,172.36,rice,52,weather update day 52,temperature,unknown,0.34,113.59,49.8,67.74,6.95,23.13,67.74,172.36,failure,R1,rice,-3.9,3,2,0,0,12,12,-0.36411391936534326,-0.016392445884220935,1.1043759375901072,0.39344901140290967,-0.5668713394825637,0.2024233948414476,0.24002110063234028,1.8958715008978033,-0.020763226157702017,1.1043759375901072,0.25229959998189166,-0.5094531357092209,0.19514280108534296,0.08739269845917508,-0.5542923899192655,0.33736581329961846
1217,61.06,24.06,49.92,6.42,23.5,68.7,228.91,blackgram,47,weather update day 47,soil_moisture,increase,0.27,61.11,24.06,49.92,6.42,23.5,68.7,228.91,failure,R4,blackgram,3.9,2,1,3,0,1,1,-0.297427632195631,-1.69719299577912,0.10657062313814068,-0.19630130102318966,-0.49345926255296346,0.2674853814710699,1.0076940807379058,-0.2715156687665247,-1.6900500627810437,0.10657062313814068,-0.20426754959128587,-0.4445923903417456,0.2546347079997345,0.5604646553242687,-0.6703311421674164,-0.03128809774280417
1218,114.13,51.19,-21.06,7.49,23.3,52.98,126.09,sugarcane,75,weather update day 75,humidity,decrease,0.13,114.13,51.19,-21.06,7.49,23.3,52.91,126.09,success,R1,sugarcane,-1.3,0,0,0,2,13,13,2.0217343993224803,0.07437339577677017,-3.8678525654028584,0.9943266882144068,-0.5331414662986931,-0.797904649588987,-0.3880996560340529,1.9181731219271234,0.06938085709429666,-3.8678525654028584,0.7174812240753177,-0.4796522527025428,-0.7238832192692598,-0.2996813854338027,-0.020514129577771312,-0.7685959198276494
1219,101.5,61.38,50.55,7.84,30.38,54.0,268.8,mango,48,weather update day 48,soil_moisture,decrease,0.31,101.4,61.38,50.55,7.84,30.38,54.0,268.8,failure,R2,mango,1.9,2,0,1,0,10,10,1.469802677858871,0.7397719040684964,0.1418465685985635,1.3837844417033398,0.8716085463001411,-0.7287762887950137,1.5492055781103378,1.3924330558099955,0.7302212947474381,0.1418465685985635,1.0189878322840193,0.7614668748696831,-0.6563351166268782,0.894166518442723,-0.6471233917177862,0.17937127999572294
1220,73.06,38.45,47.6,7.03,28.27,53.45,55.48,wheat,39,weather update day 39,rainfall,decrease,0.26,73.06,38.45,47.6,7.03,28.27,53.45,55.34,success,R1,wheat,-1.2,1,0,0,2,15,15,0.2269730532804824,-0.7575379875045433,-0.023334445858972867,0.4824679264860945,0.45296129678269187,-0.7660513853015676,-1.3466388094426118,0.2220109447526964,-0.7568318196182661,-0.023334445858972867,0.3212153961438808,0.39158532696327114,-0.6904190216299144,-0.8915441785055158,-0.855993145764458,-0.08395294217743601
1221,85.47,64.11,53.63,7.18,25.71,63.46,122.47,wheat,73,weather update day 73,humidity,increase,0.0,85.47,64.11,53.63,7.18,25.71,63.46,122.47,success,R6,wheat,1.3,0,1,5,2,15,15,0.7692907621770295,0.918038629057349,0.3143067464050766,0.6493783922670653,-0.05497091116264914,-0.08764462888228237,-0.4372415868560184,0.7345352354450421,0.9072668683287014,0.3143067464050766,0.45043251394760975,-0.057180911254934734,-0.07009195057464994,-0.3299646831146451,-0.06692963047703168,-1.453238897477863
1222,83.46,47.53,54.7,6.03,24.28,94.47,101.51,lentil,13,weather update day 13,humidity,increase,0.08,83.46,47.53,54.7,6.03,24.28,94.55,101.51,failure,R2,lentil,0.5,0,1,1,0,8,8,0.6814536473597803,-0.16462155420828523,0.37421986012357294,-0.630268512053715,-0.33869866794461706,2.013993085059979,-0.7217760813390007,0.6515236460581268,-0.16797694484981465,0.37421986012357294,-0.5402320558809821,-0.30785892713463575,1.8565782431424505,-0.5053066497970918,-1.4593946574548426,-1.0319201420008084
1223,98.08,35.91,39.55,5.62,29.83,41.37,160.62,banana,81,weather update day 81,temperature,decrease,0.0,98.08,35.91,39.55,5.62,29.83,41.37,160.62,partial,R1,banana,-3.7,3,0,0,1,0,0,1.3203484824981786,-0.9233978708275058,-0.47408263785326793,-1.0864904518550371,0.762482485999384,-1.5847480503909752,0.08064920343624217,1.255319385777877,-0.9215555400931418,-0.47408263785326793,-0.893425511211176,0.6650522533774902,-1.4390255169693351,-0.010818880207424476,0.1187323731200098,-1.453238897477863
1224,46.23,54.68,70.85,7.06,41.71,65.5,52.16,watermelon,15,weather update day 15,soil_moisture,decrease,0.47,39.71,54.68,70.85,7.06,41.71,65.5,52.16,failure,R3,watermelon,0.5,2,0,2,0,14,14,-0.9454994793298614,0.3022674874291867,1.2785159223233067,0.515850019642288,3.1196053884957338,0.05061209270566383,-1.3917082045610993,-1.1553206502988536,0.29571384310111354,1.2785159223233067,0.3470588197046261,2.747608077608853,0.05632835161843091,-0.9181466333743222,-1.4129791565555823,1.0220087909498317
1225,48.87,34.12,31.43,6.11,24.08,69.33,96.53,rice,35,weather update day 35,temperature,increase,0.47,48.87,34.12,31.43,6.11,24.19,69.33,96.53,unknown,R2,rice,1.0,3,1,1,3,12,12,-0.8301313285251165,-1.0402833791535302,-0.9287503793431652,-0.5412495969705301,-0.3783808716903474,0.3101823101967589,-0.7893801740167323,-0.777019078764455,-1.0376403667270104,-0.9287503793431652,-0.471316259718993,-0.3236358651969945,0.2936762719123033,-0.546967097987864,-0.9488241475629786,1.0220087909498317
1226,90.4,80.32,78.58,5.58,17.95,69.9,68.75,wheat,11,weather update day 11,rainfall,increase,0.28,90.4,80.32,78.58,5.58,17.95,69.9,68.95,unknown,UNKNOWN,wheat,-5.8,1,1,6,3,15,15,0.9847320437934665,1.9765381206578272,1.7113461737662758,-1.1309999093966294,-1.5946404164969652,0.34881286475809736,-1.1664969801587768,0.9381407755830976,1.9585154938789873,1.7113461737662758,-0.9278834092921705,-1.4175035708538721,0.3289995916427234,-0.777689017887763,-1.505810158354103,0.021376746691827677
1227,82.35,50.23,82.24,6.34,24.98,75.24,141.21,groundnut,73,weather update day 73,rainfall,increase,0.0,82.35,50.23,82.24,6.34,24.98,75.24,141.21,success,R2,groundnut,0.8,1,1,1,2,6,6,0.6329465839532399,0.011686195780689952,1.9162826188220667,-0.2853202161063745,-0.19981095483456296,0.7107201653853678,-0.18284385657877159,0.6056814250534127,0.007123072977808335,1.9162826188220667,-0.27318334575327496,-0.18514940887184514,0.6599233238540227,-0.1731942415292895,-0.06692963047703168,-1.453238897477863
1228,90.95,7.21,42.44,7.74,28.59,84.0,27.95,cotton,99,weather update day 99,temperature,increase,0.0,90.95,7.21,42.44,7.74,28.59,84.0,27.95,failure,R2,cotton,-3.7,3,1,1,0,5,5,1.0087670752111215,-2.797483954043652,-0.3122612372491049,1.2725107978493593,0.5164528227758596,1.3044107933806668,-1.7203618358317578,0.9608553895944424,-2.782803877742322,-0.3122612372491049,0.9328430870815334,0.44768110674054695,1.202786974447841,-1.120676643554763,0.5364718812133531,-1.453238897477863
1229,54.42,48.03,53.53,6.16,28.7,60.56,177.5,maize,41,weather update day 41,soil_moisture,decrease,0.12,54.4,48.03,53.53,6.16,28.7,60.56,177.5,success,UNKNOWN,maize,1.0,2,0,6,2,9,9,-0.5875960114924138,-0.13197197087699347,0.30870738998278713,-0.4856127750435399,0.5382780348360109,-0.2841860468259314,0.3097972123519264,-0.5486339597049326,-0.135551015622477,0.30870738998278713,-0.42824388711775,0.46696403103898537,-0.24980708604520604,0.13039163494523298,-0.8095776448651976,-0.8212607642622813
1230,58.66,54.18,61.02,9.5,30.6,43.1,152.93,mungbean,112,weather update day 112,soil_moisture,decrease,0.0,58.66,54.18,61.02,13.15,30.6,43.1,152.93,success,R1,mungbean,4.0,2,0,0,2,11,11,-0.402307769290854,0.26961790409789493,0.7280991860122615,3.2309269296794234,0.9152589704204442,-1.4675009286521774,-0.02374346176290546,-0.37269894936251574,0.26328791387377587,0.7280991860122615,5.593273802536042,0.8000327234665606,-1.3318161430506927,-0.07514997389960078,0.8381726370585455,-1.453238897477863
1231,38.53,55.58,27.93,6.28,24.14,69.21,116.83,banana,136,weather update day 136,temperature,increase,0.56,38.53,55.58,27.93,6.28,37.66,69.21,116.83,unknown,UNKNOWN,banana,2.3,3,1,6,3,0,0,-1.281989919177034,0.36103673742551173,-1.1247278541232932,-0.3520844024187626,-0.36647621056662805,0.30204956186805587,-0.5138052580814011,-1.204053822177739,0.3540805157103212,-1.1247278541232932,-0.3248701928747664,2.0376458648027063,0.2862397835480041,-0.37714639552347146,1.3951586478496698,1.4959923908615183
1232,108.08,74.39,87.94,6.37,27.48,42.25,238.62,cotton,120,weather update day 120,temperature,increase,0.15,108.08,74.39,87.94,6.37,27.52,42.25,238.62,failure,R5,cotton,-3.5,3,1,4,0,5,5,1.7573490537282732,1.5893140623487074,2.2354459348925615,-0.2519381229501799,0.2962165919870594,-1.5251078959804885,1.1395084863404707,1.6683123678023297,1.5739439732427634,2.2354459348925615,-0.24733992219252884,0.26011084311028104,-1.3844912689644764,0.6416941637444289,1.023834640655587,-0.6632662309583859
1233,59.01,62.89,41.03,6.46,26.13,36.2,149.17,rice,68,weather update day 68,humidity,unknown,0.17,59.01,62.89,41.03,6.46,26.13,36.2,149.17,success,R1,rice,-2.1,0,2,0,2,12,12,-0.3870127492978006,0.8383736457289973,-0.3912121628033849,-0.15179184348159724,0.02836171670338305,-1.9351339575525839,-0.07478590924649417,-0.3582441949916599,0.8281476010139976,-0.3912121628033849,-0.16980965151029132,0.01644479970273938,-1.759414223997878,-0.10660444883881849,-0.1829683827251826,-0.5579365420891222
1234,73.81,39.71,27.96,7.72,31.15,80.05,500.0,blackgram,37,weather update day 37,soil_moisture,increase,0.54,85.77,39.71,27.96,7.72,31.15,80.05,879.28,success,R1,blackgram,-3.7,2,1,0,2,1,1,0.25974809612273947,-0.6752610375096881,-1.1230480471966064,1.2502560690785625,1.0243850307212006,1.0367078275608685,4.687773093590564,0.7469250249057756,-0.6751184779653754,-1.1230480471966064,0.9156141380410358,0.8964473449587528,0.9580025657896696,6.001168609105895,-0.9024086466637182,1.3906627019922546
1235,82.8,39.12,52.33,4.56,39.58,60.95,221.64,mungbean,4,weather update day 4,humidity,increase,0.49,82.8,39.12,52.33,4.56,39.58,61.25,221.64,partial,R5,mungbean,-1.0,0,1,4,1,11,11,0.6526116096585942,-0.7137875458406127,0.24151511291531447,-2.2659910767072358,2.696989918603711,-0.2577546147576475,0.9090029655236269,0.6242661092445132,-0.713381074453634,0.24151511291531447,-1.806559810357531,2.374220543466361,-0.20704727795048763,0.49964709340721764,-1.6682644115015144,1.1273384798190953
1236,74.31,52.9,79.53,6.14,31.58,68.5,53.97,groundnut,21,weather update day 21,temperature,increase,0.23,74.31,52.9,79.53,6.14,31.66,68.5,53.97,success,R3,groundnut,-2.5,3,1,2,2,6,6,0.2815981246842442,0.186034970769788,1.764540059778025,-0.5078675038143365,1.1097017687745196,0.2539308009232319,-1.3671372391501166,0.273635067505753,0.18027753505179145,1.764540059778025,-0.4454728361582477,0.9858499939787864,0.24224056072590283,-0.903004984533901,-1.2737326538578013,-0.24194747548133141
1237,56.59,37.63,29.79,6.36,27.16,56.84,243.89,groundnut,41,weather update day 41,rainfall,decrease,0.56,56.59,37.63,29.79,6.36,27.16,56.84,107.31,success,R4,groundnut,0.8,1,0,3,2,6,6,-0.49276688753548326,-0.8110833041678618,-1.020579824668711,-0.2630654873355778,0.23272506599389167,-0.5363012450157156,1.2110493635315638,-0.4581884966415772,-0.8100103435510998,-1.020579824668711,-0.2559543967127773,0.19700309086084594,-0.48033822533847115,-0.4567864490929797,-0.8095776448651976,1.4959923908615183
1238,93.93,76.8,43.27,4.74,22.56,101.49,500.0,wheat,94,weather update day 94,humidity,decrease,0.52,93.93,76.8,43.27,4.74,22.56,48.71,880.91,success,R3,wheat,5.3,0,0,2,2,15,15,1.1389932454376899,1.7466850540055334,-0.2657865789441028,-2.0656985177700693,-0.6799656201578937,2.4897588622890883,4.687773093590564,1.0839272982377295,1.7302369521185306,-0.2657865789441028,-1.6514992689930552,-0.6093737434374934,-0.9841603120197202,6.01480445861412,0.4204331289652022,1.285333013122991
1239,49.93,45.03,73.5,7.12,25.21,69.62,113.98,cotton,131,weather update day 131,rainfall,decrease,0.42,49.93,45.03,73.5,7.12,25.21,69.62,66.11,partial,R1,cotton,1.4,1,0,0,1,5,5,-0.7838092679747264,-0.32786947086474394,1.4268988675139755,0.5826142059546772,-0.1541764205269736,0.32983645199112427,-0.5524943472644401,-0.7332418226698628,-0.33010659098650286,1.4268988675139755,0.3987456668261183,-0.1448305671569281,0.3116477854593593,-0.8014471851290869,1.279119895601519,0.7586845687766727
1240,93.65,46.86,12.54,6.41,29.24,49.79,229.97,blackgram,30,weather update day 30,rainfall,increase,0.14,93.65,46.86,12.54,6.41,29.24,49.79,262.17,failure,R5,blackgram,-3.4,1,1,4,0,1,1,1.126757229443247,-0.20837199587221628,-1.9864688075136283,-0.2074286654085875,0.6454199849494812,-1.0141002093270008,1.022083706890194,1.0723634947410448,-0.2114276900144472,-1.9864688075136283,-0.2128820241115343,0.561625659413138,-0.9172319167410304,0.8387029097068155,-1.0648628998111296,-0.7159310753930176
1241,0.0,46.91,58.89,7.39,31.26,68.36,133.18,banana,116,weather update day 116,soil_moisture,unknown,0.3,-7.61,46.91,58.89,7.39,31.26,68.36,133.18,partial,R5,banana,-5.5,2,2,4,1,0,0,-2.965753120126588,-0.20510703753908727,0.6088328942174976,0.8830530443604253,1.0462102427813527,0.24444259453974532,-0.2918520622418608,-3.109603441238564,-0.20818509709171362,0.6088328942174976,0.631336478872831,0.9157302692571918,0.23356465763422077,-0.24036962284894828,0.9310036388570662,0.12670643556109107
1242,41.22,69.99,55.17,6.44,24.36,56.77,225.41,groundnut,113,weather update day 113,soil_moisture,increase,0.16,43.2,69.99,55.17,6.44,24.36,56.77,225.41,failure,R3,groundnut,-0.1,2,1,2,0,6,6,-1.1644367655161387,1.3019977290333398,0.40053683530833295,-0.17404657225239295,-0.3228257864463255,-0.541045348207459,0.9601811641973313,-1.0111860995723194,1.2885957960421919,0.40053683530833295,-0.18703860055078822,-0.2938349821903171,-0.4846761768843122,0.5311852238648906,0.8613803875081757,-0.6106013865237541
1243,76.79,61.0,52.63,7.53,34.87,67.99,159.46,cotton,74,weather update day 74,temperature,increase,0.09,76.79,61.0,52.63,7.53,34.9,67.99,159.46,success,R3,cotton,1.0,3,1,2,2,5,5,0.3899742663493078,0.7149582207367144,0.25831318218218285,1.0388361457559991,1.7624740203917744,0.21936662052624495,0.06490206538279471,0.3760573270478174,0.7055775885346613,0.25831318218218285,0.7519391221563122,1.553819764223703,0.21063548517763228,-0.020522920348246883,-0.043721880027401495,-0.9792552975661767
1244,82.12,38.92,19.06,6.8,24.17,57.94,108.43,watermelon,37,weather update day 37,soil_moisture,unknown,0.29,82.12,38.92,19.06,6.8,24.17,57.94,108.43,success,R6,watermelon,0.4,2,2,5,2,14,14,0.6228955708149481,-0.7268473791731291,-1.621390768780361,0.22653854562193784,-0.3605238800047683,-0.4617510520026078,-0.6278362577787794,0.5961825864668506,-0.7263514461445688,-1.621390768780361,0.12308248217816194,-0.32714185143307417,-0.41217041533239845,-0.4474170310259787,-0.9024086466637182,0.07404159112645924
1245,54.21,67.6,65.5,5.61,30.51,57.99,209.83,groundnut,92,weather update day 92,rainfall,increase,0.0,54.21,67.6,65.5,5.61,30.51,57.99,209.83,success,R1,groundnut,-1.0,1,1,0,2,6,6,-0.5967730234882458,1.1459327207097652,0.9789503537308254,-1.0976178162404349,0.8974019787348659,-0.45836240686564805,0.7486808099967177,-0.556480826363397,1.133599854335518,0.9789503537308254,-0.9020399857314244,0.7842557854042018,-0.40907187851394033,0.4008499261114308,0.3740176280659418,-1.453238897477863
1246,45.529999999999994,52.66,50.96,6.41,19.06,74.55,200.05,mungbean,45,weather update day 45,temperature,decrease,0.59,62.4,52.66,50.96,6.41,18.95,74.55,200.05,partial,R5,mungbean,4.9,3,0,4,1,11,11,-0.9760895193159682,0.17036317077076782,0.16480392992995016,-0.2074286654085875,-1.374404185708165,0.6639568624953273,0.6159161460633413,-0.21823957408537037,0.16471308902266926,0.16480392992995016,-0.2128820241115343,-1.2422042590498854,0.6171635157593044,0.319034829062083,-0.7167466430666768,1.6539869241654133
1247,100.66,68.19,36.75,5.92,29.34,68.9,125.88,banana,83,weather update day 83,temperature,increase,0.17,100.66,68.19,36.75,5.92,29.39,68.9,125.88,failure,R1,banana,2.2,3,1,0,0,0,0,1.433094629875543,1.1844592290406897,-0.6308646176773703,-0.7526695202930944,0.6652610868223463,0.281039962018908,-0.3909504310264874,1.3618715751401858,1.1718624508237765,-0.6308646176773703,-0.6349912756037173,0.5879205561837365,0.2670288552735661,-0.3014381513213654,0.16514787401927017,-0.5579365420891222
1248,70.51,28.84,17.25,7.31,30.81,67.59,253.0,maize,35,weather update day 35,soil_moisture,increase,0.18,70.55,28.84,17.25,7.31,30.81,67.59,253.0,success,R1,maize,1.3,2,1,0,2,9,9,0.1155379076168084,-1.3850629791319709,-1.7227391200237987,0.7940341292772405,0.95692528435346,0.1922574594305698,1.3347186977271732,0.11834970626455855,-1.3800581793676958,-1.7227391200237987,0.5624206827108418,0.8368455789453974,0.18584719062996988,0.761990799283245,-0.9488241475629786,-0.5052716976544905
1249,55.19,62.97,50.73,6.74,22.09,75.61,275.08,chickpea,83,weather update day 83,temperature,decrease,0.11,55.19,62.97,50.73,6.74,22.06,75.61,275.08,failure,R5,chickpea,-3.0,3,0,4,0,2,2,-0.5539469675076967,0.8435975790620038,0.15192541015868435,0.1597743593095497,-0.7732187989603585,0.7357961393988681,1.6344573255031394,-0.5160075141250008,0.8333357496903716,0.15192541015868435,0.0713956350566705,-0.6970233993394868,0.6828524963106112,0.9467021840326926,0.16514787401927017,-0.8739256086969132
1250,73.93,60.64,46.38,7.65,22.62,92.01,147.59,chickpea,63,weather update day 63,temperature,decrease,0.0,73.93,60.64,46.38,7.65,22.62,92.01,147.59,partial,R2,chickpea,-4.3,3,0,1,1,2,2,0.2649921029775008,0.6914505207381844,-0.0916465942109032,1.1723645183807765,-0.6680609590341743,1.8472717443215738,-0.09623459728481039,0.257941334188824,0.6822309194909782,-0.0916465942109032,0.8553128163992958,-0.5988557847292538,1.6991725727647915,-0.11982202075476615,-0.29900713497333353,-1.453238897477863
1251,73.83,53.58,19.53,7.14,23.18,64.5,121.61,cotton,64,weather update day 64,unknown,increase,0.58,73.83,53.58,19.53,7.14,23.18,64.5,121.61,failure,R2,cotton,0.4,4,1,1,0,5,5,0.26062209726519947,0.23043840410034477,-1.5950737935956008,0.6048689347254729,-0.5569507885461312,-0.017160810033525518,-0.4489161892059881,0.2538114043685791,0.2243767988009706,-1.5950737935956008,0.4159746158666152,-0.5006881701190214,-0.0056423847507264,-0.3371590577018066,-0.27579938452370334,1.6013220797307814
1252,70.25,46.81,72.19,6.2,29.6,66.05,208.02,mungbean,51,weather update day 51,rainfall,decrease,0.18,70.25,46.81,72.19,6.2,29.6,66.05,207.64,success,R4,mungbean,-4.1,1,0,3,2,11,11,0.10417589276482572,-0.21163695420534526,1.3535472983819845,-0.4411033175019475,0.7168479516917954,0.08788718921221778,0.724109844585735,0.10595991680382509,-0.21467028293718077,1.3535472983819845,-0.3937859890367555,0.6247334116625738,0.09041225662146725,0.38252936756970546,-0.5775001403688957,-0.5052716976544905
1253,0.0,51.17,60.49,7.06,33.11,67.51,50.36,sugarcane,140,weather update day 140,humidity,increase,0.21,-8.78,51.17,60.49,7.06,33.11,81.69,50.36,failure,R1,sugarcane,2.6,0,1,0,0,13,13,-2.965753120126588,0.07306741244351875,0.6984225969741278,0.515850019642288,1.4132706274293527,0.18683562721143476,-1.4161434187819661,-3.157923620135425,0.06808381992520342,0.6984225969741278,0.3470588197046261,1.240033996094567,1.0596345734350876,-0.9332046266962881,1.4879896496481906,-0.34727716435059514
1254,39.75,36.51,48.12,6.05,34.52,46.58,95.44,lentil,110,weather update day 110,rainfall,increase,0.15,39.75,36.51,48.12,6.05,34.52,46.58,95.59,partial,R6,lentil,0.9,1,1,5,1,8,8,-1.2286758494869625,-0.8842183708299556,0.005782207536931667,-0.6080137832829193,1.6930301638367484,-1.2316512271197988,-0.8041770537393684,-1.1536686783707557,-0.8826444250203365,0.005782207536931667,-0.5230031068404852,1.487206025738189,-1.1161579804860253,-0.5548307167226685,0.7917571361592851,-0.6632662309583859
1255,93.27,64.28,74.24,6.6,23.34,74.32,127.63,jute,137,weather update day 137,rainfall,decrease,0.27,93.27,64.28,74.24,6.6,23.34,74.32,93.17,failure,R5,jute,2.5,1,0,4,0,7,7,1.1101512077365032,0.9291394873899884,1.4683341050389167,0.003991257913975739,-0.5252050255495473,0.6483690948653134,-0.36719397275620025,1.0566697614241152,0.9182916842659963,1.4683341050389167,-0.04920700822681079,-0.4726402802303835,0.6029102463943979,-0.575075352188867,1.4183663982993,-0.03128809774280417
1256,89.69,46.79,47.11,7.04,20.39,70.74,159.99,wheat,117,weather update day 117,rainfall,increase,0.51,89.69,46.79,47.11,7.04,20.39,70.74,160.8,failure,R4,wheat,1.5,1,1,3,0,15,15,0.9537050032361294,-0.21294293753859714,-0.05077129232819092,0.49359529087149234,-1.1105175307990616,0.40574210305901565,0.07209687845893885,0.9088182738593611,-0.21596732010627448,-0.05077129232819092,0.3298298706641292,-0.9897732500521443,0.38105501019281485,-0.009313080875227834,0.9542113893066964,1.232668168688359
1257,57.62,69.78,69.78,6.69,25.35,59.31,147.36,sugarcane,138,weather update day 138,unknown,decrease,0.17,57.62,69.78,69.78,6.69,25.35,59.31,147.36,failure,R3,sugarcane,-2.6,4,0,2,0,13,13,-0.4477558286987838,1.2882849040341977,1.2186028086048108,0.10413753738255942,-0.12639887790496265,-0.3689021752499181,-0.09935687465747656,-0.4156502194930588,1.2749769057667104,1.2186028086048108,0.028323262455427514,-0.12028866350436987,-0.3272705065066527,-0.12174609767923948,1.4415741487489302,-0.5579365420891222
1258,58.54,41.34,38.67,7.41,16.69,62.57,244.35,chickpea,116,weather update day 116,temperature,decrease,0.5,58.54,41.34,38.67,7.41,16.61,62.57,244.35,success,UNKNOWN,chickpea,2.1,3,0,6,2,2,2,-0.407551776145615,-0.5688233958496769,-0.5233569743694142,0.905307773131222,-1.8446383000950626,-0.14796251232016094,1.2172939182768965,-0.37765486514680907,-0.5694099486842545,-0.5233569743694142,0.6485654279133286,-1.6524046486712145,-0.12524590594319998,0.6896287758193534,0.9310036388570662,1.1800033242537271
1259,67.79,60.61,6.5,7.83,20.22,103.12,277.15,groundnut,71,weather update day 71,temperature,increase,0.52,67.79,60.61,6.5,7.83,30.73,103.12,277.15,success,R1,groundnut,-0.8,3,1,0,2,6,6,-0.003326247757777249,0.6894915457383068,-2.3246699354199065,1.3726570773179418,-1.1442474039829322,2.600228693753967,1.662557821857136,0.004363643225809975,0.680285363737338,-2.3246699354199065,1.010373357763771,0.8228216340010787,2.387667453826129,0.9640188763529532,-0.11334513137629204,1.285333013122991
1260,78.62,53.65,41.81,7.74,20.42,47.43,206.53,blackgram,64,weather update day 64,soil_moisture,unknown,0.53,78.62,53.65,41.81,7.74,20.42,47.43,206.53,partial,R1,blackgram,2.6,2,2,0,1,1,1,0.469945370884415,0.23500934576672564,-0.3475371827095277,1.2725107978493593,-1.104565200237202,-1.1740442597914877,0.7038829172584617,0.4516350427582922,0.22891642889279792,-0.3475371827095277,0.9328430870815334,-0.9845142706980246,-1.0634828545722417,0.37324360502116,-0.27579938452370334,1.3379978575576228
1261,78.52,50.29,36.45,6.89,35.02,62.14,193.19,jute,39,weather update day 39,humidity,decrease,0.0,78.52,50.29,36.45,6.89,35.02,62.14,193.19,failure,UNKNOWN,jute,-3.9,0,0,6,0,7,7,0.46557536517211373,0.01560414578044511,-0.6476626869442382,0.32668482509052055,1.792235673201073,-0.17710486049801233,0.5227908296438154,0.44750511293804734,0.011014184485089,-0.6476626869442382,0.20061275286039948,1.5748556816401824,-0.1518933225819376,0.261647143401702,-0.855993145764458,-1.453238897477863
1262,69.4,40.22,34.96,7.71,29.48,53.61,157.14,mango,79,weather update day 79,humidity,increase,0.36,69.4,40.22,34.96,7.71,29.48,53.8,157.14,success,R1,mango,-7.1,0,1,0,2,10,10,0.06703084421026795,-0.6419584625117707,-0.7310930976363501,1.2391287046931647,0.6930386294443572,-0.7552077208632976,0.033407789275899415,0.07085551333174685,-0.6420440301534911,-0.7310930976363501,0.9069996635207873,0.6036974942460952,-0.6687292639007097,-0.03993100062989193,0.07231687222074942,0.44269550216888187
1263,102.87,48.234,44.4,5.55,14.05,66.92,74.42,wheat,3,weather update day 3,humidity,decrease,0.36,102.87,54.84,44.4,5.55,14.05,66.68,74.42,failure,R2,wheat,-7.6,0,0,1,0,15,15,1.5296717561173943,-0.11865094087782639,-0.20251385137223307,-1.164382002552824,-2.3684433895386956,0.14684961459531282,-1.0895260553630464,1.45314302416759,0.3060901404538618,-0.20251385137223307,-0.9537268328529167,-2.1011708868894203,0.12945382053403695,-0.7319294492926779,-1.6914721619511446,0.44269550216888187
1264,86.97,59.72,50.52,6.96,27.23,67.11999999999999,173.46,chickpea,52,weather update day 52,temperature,decrease,0.0,86.97,59.72,50.52,6.96,27.23,62.87,173.46,success,R3,chickpea,4.3,3,0,2,2,2,2,0.8348408478615437,0.6313752874086075,0.14016676167187703,0.4045763757883075,0.24661383730489717,0.1604041951431499,0.25495373154509215,0.79648418274871,0.6225672097126769,0.14016676167187703,0.2609140745021401,0.20927404268712504,-0.10665468503245297,0.09659480548926527,-0.5542923899192655,-1.453238897477863
1265,65.23,47.41,70.3,9.5,19.93,92.25,151.5,mango,66,weather update day 66,humidity,increase,0.42,65.23,47.41,70.3,11.63,19.93,131.0,151.5,failure,R1,mango,-0.2,0,1,0,0,10,10,-0.11519839399268154,-0.17245745420779554,1.2477194620007153,3.2309269296794234,-1.2017865994142403,1.8635372409789788,-0.043155881949483076,-0.10136256017245002,-0.17575916786437598,1.2477194620007153,4.28387367545825,-1.0704109334819785,4.115411583798235,-0.08711271303871815,-0.22938388362444295,0.7586845687766727
1266,79.22,51.29,20.82,7.08,21.78,57.3,147.39,maize,129,weather update day 129,temperature,increase,0.16,79.22,51.29,20.82,7.08,21.82,57.3,147.39,success,R5,maize,-0.8,3,1,4,2,9,9,0.49616540515822044,0.0809033124430286,-1.522842095748068,0.5381047484130848,-0.8347262147662394,-0.505125709755689,-0.09894962108712915,0.4764146216797591,0.07586604293976427,-1.522842095748068,0.36428776874512375,-0.7390952341724433,-0.4518316866086592,-0.12149513112387361,1.2327043947022587,-0.6106013865237541
1267,47.760000000000005,33.18,51.42,6.45,25.97,50.71,40.41,banana,63,weather update day 63,temperature,increase,0.38,90.17,33.18,51.42,6.45,26.07,50.71,40.41,success,R2,banana,-2.2,3,1,1,2,0,0,-0.8786383919316566,-1.1016645958163584,0.19056096947248133,-0.1629192078669951,-0.003384046293200809,-0.9517491388069466,-1.5512158529473132,0.928641936996535,-1.098601113674405,0.19056096947248133,-0.17842412603053975,0.005926840994500398,-0.8602188392814056,-1.0164418675593772,-0.29900713497333353,0.5480251910381456
1268,93.69,46.78,75.98,7.04,34.55,48.99,140.72,mungbean,82,weather update day 82,rainfall,increase,0.06,93.69,46.78,75.98,7.04,34.55,48.99,140.8,failure,R1,mungbean,-0.2,1,1,0,0,11,11,1.1285052317281672,-0.21359592920522283,1.5657629067867522,0.49359529087149234,1.6989824943986067,-1.068318531518352,-0.1894956648944521,1.0740154666691422,-0.2166158386908211,1.5657629067867522,0.3298298706641292,1.4924650050923074,-0.9668085058363561,-0.1766241177859595,0.14194012356963998,-1.137249830870072
1269,60.75,33.31,63.61,7.27,28.09,36.7,286.4,maize,22,weather update day 22,soil_moisture,increase,0.18,60.78,33.31,63.61,7.27,28.09,36.7,286.4,unknown,R1,maize,0.4,2,1,0,3,9,9,-0.31097464990376406,-1.0931757041502226,0.8731225173495561,0.749524671735648,0.41724731341153515,-1.9012475061829892,1.7881276727143682,-0.2851444371733316,-1.090170372075297,0.8731225173495561,0.5279627846298472,0.36003145083855354,-1.7284288558132994,1.0414002309241666,-1.2505249034081711,-0.5052716976544905
1270,57.52,78.71,44.57,6.67,30.35,72.44,159.03,blackgram,114,weather update day 114,rainfall,decrease,0.22,57.52,78.71,44.57,6.67,30.35,72.44,124.04,unknown,R1,blackgram,1.8,1,0,0,3,1,1,-0.45212583441108445,1.8714064623310678,-0.19299494545434104,0.08188280861176273,0.865656215738282,0.5209560377156377,0.05906476420780977,-0.4197801493133031,1.85410400176696,-0.19299494545434104,0.011094313414929856,0.7562078955155639,0.4864052620203825,-0.31683076671715266,0.8845881379578059,-0.29461231991596326
1271,41.75,63.26,23.17,7.22,22.14,41.19,150.06,lentil,21,weather update day 21,rainfall,unknown,0.05,41.75,63.26,23.17,7.22,22.14,41.19,150.06,success,R5,lentil,3.5,1,2,4,2,8,8,-1.1412757352409437,0.862534337394153,-1.3912572198242674,0.6938878498086577,-0.7632982480239259,-1.5969471728840294,-0.0627040533261765,-1.0710700819658652,0.8521427886422274,-1.3912572198242674,0.4848904120286043,-0.6829994543951675,-1.4501802495157834,-0.0991591076962908,-1.2737326538578013,-1.1899146753047039
1272,63.37,51.21,48.73,7.11,25.4,59.75,139.15,coconut,25,weather update day 25,temperature,increase,0.12,63.37,51.21,48.73,7.11,28.44,59.75,139.15,unknown,R1,coconut,-1.2,3,1,0,3,3,3,-0.19648050024147942,0.07567937911002204,0.03993828171289683,0.5714868415692793,-0.11647832696853076,-0.33908209804467493,-0.2108086017426525,-0.1781792548289985,0.07067789426339037,0.03993828171289683,0.39013119230586984,0.4213862099699492,-0.3000033825042236,-0.19042727833109488,-1.1809016520592805,-0.8212607642622813
1273,76.56,63.86,29.75,6.57,21.37,68.83,96.28,wheat,26,weather update day 26,temperature,increase,0.33,76.56,63.86,29.75,6.57,21.44,68.83,96.28,success,UNKNOWN,wheat,-1.2,3,1,6,2,15,15,0.37992325321101544,0.9017138373917032,-1.0228195672376266,-0.029390835242217833,-0.9160747324449855,0.27629585882716423,-0.7927739537696304,0.3665584884612549,0.8910539037150326,-1.0228195672376266,-0.07505043178755612,-0.805708972657958,0.26269090372772463,-0.5490584859492482,-1.1576939016096504,0.28470096886498664
1274,79.15,62.9,31.48,5.98,22.26,57.03,139.67,mungbean,136,weather update day 136,rainfall,decrease,0.22,79.15,62.9,31.48,5.98,22.26,57.03,108.94,success,R1,mungbean,-2.0,1,0,0,2,11,11,0.4931064011596101,0.839026637395623,-0.9259507011320204,-0.6859053339807053,-0.7394889257764878,-0.5234243934952698,-0.20374953985662458,0.47352367080558827,0.8287961195985443,-0.9259507011320204,-0.5833044284822251,-0.6619635369786889,-0.4685637854283314,-0.4431505995847551,1.3951586478496698,-0.29461231991596326
1275,90.32,43.95,21.27,4.86,32.3,74.25,155.28,lentil,119,weather update day 119,soil_moisture,increase,0.48,90.32,43.95,21.27,4.86,32.3,74.25,155.28,failure,R5,lentil,-1.3,2,1,4,0,8,8,0.9812360392236251,-0.398392570860334,-1.497644991847766,-1.932170145145292,1.2525577022591465,0.6436249916735706,0.008158067914337245,0.9348368317269015,-0.40014659811755204,-1.497644991847766,-1.5481255747500715,1.0980415535333372,0.5985722948485573,-0.05549092706258985,1.0006268902059567,1.0746736353844635
1276,71.33,72.44,47.78,7.59,27.89,59.34,169.22,rice,71,weather update day 71,rainfall,increase,0.22,71.33,72.44,47.78,7.59,27.89,59.34,206.44,success,R1,rice,-0.6,1,1,0,2,12,12,0.15137195445767587,1.4619806873566694,-0.013255604298852006,1.1056003320683874,0.3775651096658055,-0.3668689881677423,0.19739522693593908,0.1505631588624659,1.4474828492561465,-0.013255604298852006,0.8036259692778036,0.3249715884777563,-0.3254113844155779,0.3724907053550617,-0.11334513137629204,-0.29461231991596326
1277,104.15,63.75,57.86,7.08,33.2,81.13,184.01,wheat,81,weather update day 81,humidity,increase,0.39,104.15,63.75,57.86,7.08,33.2,112.78,184.01,unknown,R2,wheat,3.2,0,1,1,3,15,15,1.5856078292348463,0.894530929058819,0.551159523067917,0.5381047484130848,1.4311276191149318,1.109902562519193,0.3981712371173946,1.5060061258667201,0.8839201992850183,0.551159523067917,0.36428776874512375,1.2558109341569264,2.9863047671521885,0.18485137745967606,0.1187323731200098,0.6006900354727774
1278,81.59,54.89,51.5,6.22,27.69,60.57,160.11,watermelon,60,weather update day 60,soil_moisture,decrease,0.22,81.54,54.89,51.5,6.22,27.69,60.57,160.11,failure,R3,watermelon,4.0,2,0,2,0,14,14,0.5997345405397531,0.3159803124283293,0.19504045461031275,-0.41884858873115177,0.33788290592007586,-0.28350831779853963,0.07372589274033003,0.5722289935094325,0.3093327333765954,0.19504045461031275,-0.3765570399962586,0.2899117261169591,-0.24918737868151458,-0.015085311648648056,-0.36863038632222406,-0.29461231991596326
1279,78.07,49.64,31.73,6.76,20.1,82.82,122.12,banana,148,weather update day 148,soil_moisture,increase,0.17,78.07,49.64,31.73,6.76,20.1,82.82,122.12,success,UNKNOWN,banana,0.6,2,1,6,2,0,0,0.44591033946675934,-0.02684031255023407,-0.911952310076297,0.1820290880803454,-1.1680567262303696,1.2244387681484228,-0.44199287851007574,0.42892042874694686,-0.03113952351044984,-0.911952310076297,0.08862458409716739,-1.0406100504753004,1.129661505532235,-0.3328926262605829,1.6736516532452321,-0.5579365420891222
1280,104.2,47.47,44.71,5.62,18.59,63.68,129.5,lentil,23,weather update day 23,rainfall,increase,0.59,104.2,47.47,44.71,5.62,18.59,63.68,130.27,unknown,R1,lentil,-0.0,1,1,0,3,8,8,1.5877928320909966,-0.16853950420804037,-0.18515584646313588,-1.0864904518550371,-1.4676573645106297,-0.0727345902796608,-0.3418085002045219,1.5080710907768422,-0.17186805635709532,-0.18515584646313588,-0.893425511211176,-1.3053120112993206,-0.05645838857343541,-0.2647133787194597,-1.227317152958541,1.6539869241654133
1281,7.23,47.95,27.45,6.55,17.87,66.24,125.11,cotton,104,weather update day 104,soil_moisture,increase,0.0,7.23,47.95,27.45,6.55,17.87,66.24,125.11,partial,R1,cotton,4.5,2,1,0,1,5,5,-2.6498017071272297,-0.13719590421000002,-1.1516047649502823,-0.05164556401301454,-1.6105132979952568,0.1007640407326636,-0.40140327266541376,-2.496721855914276,-0.14073916429885092,-1.1516047649502823,-0.09227938082805379,-1.4315275157981908,0.102186696531607,-0.30787962624242854,0.6525106334615041,-1.453238897477863
1282,80.38,35.34,57.83,5.87,36.1,65.9,188.99,jute,15,weather update day 15,soil_moisture,decrease,0.23,80.38,35.34,57.83,5.87,36.1,65.9,188.99,failure,R3,jute,-2.4,2,0,2,0,7,7,0.5468574714209112,-0.9606183958251779,0.5494797161412301,-0.8083063422200847,2.0065195734280135,0.07772125380133996,0.46577532979512637,0.5243218075945956,-0.9585210994123062,0.5494797161412301,-0.6780636482049603,1.7641789383884878,0.08111664616609418,0.2265118256504484,-1.4129791565555823,-0.24194747548133141
1283,59.07,59.33,69.2,5.96,21.71,67.23,264.54,blackgram,112,weather update day 112,rainfall,unknown,0.48,59.07,59.33,69.2,5.96,21.71,67.23,264.54,failure,R3,blackgram,-4.6,1,2,2,0,1,1,-0.38439074587041994,0.6059086124101999,1.1861265413555324,-0.708160062751502,-0.8486149860772448,0.16785921444446167,1.491375571120953,-0.35576623709951305,0.5972749849153535,1.1861265413555324,-0.6005333775227227,-0.7583781584708817,0.1635377255370733,0.8585292675807373,0.8381726370585455,1.0746736353844635
1284,64.76,86.62,40.83,6.01,35.05,42.89,39.16,lentil,41,weather update day 41,temperature,unknown,0.0,64.76,86.62,40.83,6.01,35.05,42.89,39.16,failure,R1,lentil,0.4,3,2,0,0,8,8,-0.13573742084049595,2.387922870632104,-0.40241087564796385,-0.6525232408245117,1.7981880037629312,-1.4817332382274073,-1.5681847517118042,-0.12077323032759925,2.3670822021434423,-0.40241087564796385,-0.5574610049214798,1.5801146609943009,-1.3448299976882157,-1.026898807366298,-0.8095776448651976,-1.453238897477863
1285,38.28,40.06,55.47,5.97,23.04,76.45,116.7,maize,14,weather update day 14,humidity,increase,0.52,38.28,40.06,55.47,5.97,23.04,76.85,116.7,failure,UNKNOWN,maize,4.0,0,1,6,0,9,9,-1.2929149334577863,-0.6524063291777839,0.4173349045752009,-0.6970326983661042,-0.5847283311681422,0.7927253776997873,-0.515570023552908,-1.2143786467283502,-0.6524203275062389,0.4173349045752009,-0.5919189030024743,-0.5252300737715797,0.759696209408366,-0.3782339172633912,-1.4361869070052125,1.285333013122991
1286,70.37,55.21,38.28,5.88,26.98,50.32,174.5,blackgram,122,weather update day 122,temperature,decrease,0.16,70.37,55.21,38.28,5.88,22.66,50.32,174.5,failure,R3,blackgram,-6.4,3,0,2,0,1,1,0.10941989961958706,0.336876045760356,-0.5451944644163428,-0.7971789778346868,0.19701108262273492,-0.9781805708752305,0.2690718553171484,0.11091583258811871,0.3300853280820915,-0.5451944644163428,-0.6694491736847118,-0.5918438122570945,-0.8843874264653769,0.10529497940862324,1.0702501415548473,-0.6106013865237541
1287,58.2,54.97,33.43,5.68,15.68,83.33,126.01,banana,55,weather update day 55,temperature,decrease,0.13,58.2,54.97,33.43,5.68,13.64,83.33,126.01,success,R1,banana,-0.1,3,0,0,2,0,0,-0.422409795567438,0.3212042457613359,-0.8167632508973776,-1.019726265542649,-2.0450334290109984,1.2590029485454097,-0.38918566555498024,-0.39169662653564036,0.3145208820529693,-0.8167632508973776,-0.8417386640896846,-2.1730436047290547,1.1612665810805056,-0.3003506295814456,-0.48466913857037497,-0.7685959198276494
1288,76.01,55.60799999999999,53.84,7.67,25.91,67.85,204.94,groundnut,125,weather update day 125,humidity,unknown,0.53,76.01,16.45,53.84,7.67,25.91,67.85,204.94,failure,R6,groundnut,2.0,0,2,5,0,6,6,0.3558882217933604,0.36286511409206357,0.32606539489188435,1.1946192471515722,-0.015288707416919492,0.2098784141427584,0.6822984780300294,0.34384387444991005,-2.1835727056211223,0.32606539489188435,0.8725417654397928,-0.022121048894137508,0.20195958208595022,0.3599423775867568,1.139873392903738,1.3379978575576228
1289,110.97,32.98,30.85,6.76,21.92,79.0,215.65,wheat,122,weather update day 122,humidity,decrease,0.23,110.97,32.98,30.85,6.76,21.92,60.83,215.65,failure,R2,wheat,-1.6,0,0,1,0,15,15,1.8836422188137705,-1.1147244291488754,-0.9612266465924434,0.1820290880803454,-0.8069486721442285,0.9655462796847201,0.827688002644187,1.7876673396073965,-1.1115714853653402,-0.9612266465924434,0.08862458409716739,-0.7215653029920444,-0.23307498722553383,0.44953743785245365,1.0702501415548473,-0.24194747548133141
1290,71.7,34.09,30.16,6.24,25.89,63.39399999999999,138.98,sugarcane,93,weather update day 93,humidity,unknown,0.56,71.7,34.09,30.16,6.24,25.89,66.22,138.98,success,R3,sugarcane,7.0,0,2,2,2,13,13,0.16754097559318956,-1.0422423541534074,-0.9998622059062402,-0.39659385996035507,-0.019256927791492386,-0.09211764046306953,-0.2131163719746235,0.16584389919737086,-1.0395859224806503,-0.9998622059062402,-0.35932809095576096,-0.025627035130217166,0.10094728180422409,-0.19184942214483625,0.397225378515572,1.4959923908615183
1291,74.89,48.54,60.33,7.21,24.21,70.23,126.67,banana,61,weather update day 61,temperature,increase,0.35,74.89,48.54,60.33,7.21,32.68,70.23,126.67,failure,R1,banana,4.4,3,1,0,0,0,0,0.3069441578155896,-0.09866939587907601,0.6894636266984646,0.6827604854232598,-0.3525874392556225,0.3711779226620297,-0.3802260870073291,0.2975886604631712,-0.10247656781059275,0.6894636266984646,0.47627593750835584,1.1646552920188527,0.3494499346445452,-0.2948293653633915,-0.34542263587259386,0.39003065773425005
1292,43.88,51.94,22.72,7.23,28.95,73.36,70.69,cotton,37,weather update day 37,soil_moisture,decrease,0.49,43.88,51.94,22.72,7.23,28.95,73.36,70.69,success,R3,cotton,-0.4,2,0,2,2,5,5,-1.0481946135689333,0.12334777077370779,-1.41645432372457,0.7050152141940565,0.5878807895181731,0.5833071082356921,-1.1401612492762871,-0.9831025767946566,0.11801975093530312,-1.41645432372457,0.4935048865488535,0.510788858989982,0.5434183394800073,-0.7631329576765293,-0.9024086466637182,1.1273384798190953
1293,20.29,34.41,32.9,6.07,22.39,79.75,103.49,rice,7,weather update day 7,soil_moisture,increase,0.4,20.29,34.41,32.9,6.07,22.39,79.75,103.49,failure,R4,rice,-2.1,2,1,3,0,12,12,-2.0790789611007265,-1.021346620821381,-0.8464398399355114,-0.5857590545121226,-0.7136954933417636,1.016375956739112,-0.6948973456960474,-1.9573530213903407,-1.0188333277751547,-0.8464398399355114,-0.5057741577999876,-0.6391746264441708,0.9394113448789225,-0.4887428571429295,-1.5986411601526238,0.6533548799074093
1294,66.66,32.55,51.08,6.43,18.29,66.4,209.02,maize,3,weather update day 3,rainfall,unknown,0.47,66.66,32.55,51.08,6.43,18.29,66.4,209.02,failure,R5,maize,-0.7,1,2,4,0,9,9,-0.05270731230677835,-1.1428030708137862,0.17152315763669726,-0.1851739366377918,-1.5271806701292245,0.11160770517093463,0.7376849635973276,-0.042304563742953584,-1.1394577845008507,0.17152315763669726,-0.1956530750710374,-1.3579018048405167,0.11210201435067284,0.39407382911654615,-1.6914721619511446,1.0220087909498317
1295,57.489999999999995,40.95,69.42,8.47,28.07,64.38,95.26,groundnut,87,weather update day 87,temperature,decrease,0.28,77.17,40.95,69.42,8.47,27.99,64.38,95.26,partial,R4,groundnut,1.1,3,0,3,1,6,6,-0.4534368361247751,-0.5942900708480845,1.1984451254845692,2.0848083979834207,0.41327909303696225,-0.025293558362228546,-0.806620575161455,0.39175106036474644,-0.594702173481578,1.1984451254845692,1.5616997270596837,0.3425015196581546,-0.013078873115025558,-0.5575913488316955,0.2579788758177909,0.021376746691827677
1296,73.74,27.96,54.88,7.39,29.31,97.37,33.7,groundnut,128,weather update day 128,rainfall,decrease,0.0,73.74,27.96,54.88,7.39,29.31,97.37,33.7,failure,R6,groundnut,0.4,1,0,5,0,6,6,0.2566890921241285,-1.4425262457950443,0.3842987016836938,0.8830530443604253,0.6593087562604866,2.2105345030036285,-1.6423049015151,0.25009446753035885,-1.43712781480781,0.3842987016836938,0.631336478872831,0.5738966112394172,2.0313357197034745,-1.0725747204429275,1.2094966442526285,-1.453238897477863
1297,66.22,69.04,52.71,6.8,19.75,59.76,153.06,banana,127,weather update day 127,soil_moisture,decrease,0.59,66.1,69.04,52.71,6.8,19.75,59.76,153.06,success,UNKNOWN,banana,2.1,2,0,6,2,0,0,-0.07193533744090241,1.2399635207038862,0.2627926673200142,0.22653854562193784,-1.2375005827853969,-0.33840436901728316,-0.021978696291398474,-0.06543217073632303,1.226986530510251,0.2627926673200142,0.12308248217816194,-1.1019648096066958,-0.29938367514053216,-0.07406245215968106,1.1862888938029983,1.6539869241654133
1298,67.05,56.57,50.95,5.45,31.13,82.63,87.54,watermelon,9,weather update day 9,soil_moisture,increase,0.24,71.88,56.57,50.95,5.45,31.13,82.63,87.54,success,R1,watermelon,1.0,2,1,0,2,14,14,-0.03566429002880464,0.42568291242146955,0.16424399428772132,-1.2756556464068045,1.0204168103466278,1.211561916627977,-0.9114204939309504,0.1732777728738107,0.41828385558044984,0.16424399428772132,-1.0398715780554026,0.8929413587226731,1.1178870656220952,-0.6221734090792379,-1.5522256592533634,-0.1892826310466997
1299,91.64,43.39,40.29,6.43,26.93,84.54,77.39,mungbean,36,weather update day 36,unknown,increase,0.59,91.64,43.39,40.29,6.43,26.93,84.54,77.39,success,R5,mungbean,-2.4,4,1,4,2,11,11,1.0389201146259979,-0.4349601041913809,-0.43264740032832644,-0.1851739366377918,0.18709053168630235,1.3410081608598294,-1.0492079518986162,0.9893519053541295,-0.4364636388521704,-0.43264740032832644,-0.1956530750710374,0.1566842491459289,1.2362511720871865,-0.7070837603114343,-0.9256163971133484,1.6539869241654133
1300,65.44,71.58,31.98,5.28,28.18,74.3,114.85,sugarcane,145,weather update day 145,soil_moisture,increase,0.0,65.44,71.58,31.98,5.28,28.18,74.3,114.85,success,R2,sugarcane,-1.0,2,1,1,2,13,13,-0.10602138199684984,1.4058234040268478,-0.8979539190205735,-1.4648208409585721,0.4351043050971135,0.6470136368105299,-0.5406839937243546,-0.09268970754993677,1.3917102509851258,-0.8979539190205735,-1.1863176448996293,0.37580838890091234,0.6016708316670151,-0.3937101881776339,1.6040284018963415,-1.453238897477863
1301,0.0,41.49,14.25,6.03,30.31,74.56,190.21,wheat,24,weather update day 24,humidity,increase,0.32,-2.85,41.49,14.25,6.03,30.31,74.8,190.21,failure,R1,wheat,2.1,0,1,0,0,15,15,-2.965753120126588,-0.5590285208502895,-1.89071981269248,-0.630268512053715,0.8577197749891355,0.6646345915227194,0.4823369749892694,-2.913018781794924,-0.5596821699160534,-1.89071981269248,-0.5402320558809821,0.749195923043404,0.6326561998515937,0.236717798902003,-1.2041094025089107,0.2320361244303548
1302,75.88,44.23,47.75,6.2,31.97,52.42,205.42,mungbean,54,weather update day 54,temperature,increase,0.29,75.88,44.23,47.75,6.2,41.24,52.42,205.42,partial,R4,mungbean,1.2,3,1,3,1,11,11,0.35020721436736874,-0.380108804194811,-0.014935411225538884,-0.4411033175019475,1.1870820660786927,-0.8358574751229327,0.6888145351555938,0.3384749656835918,-0.38198807775024335,-0.014935411225538884,-0.3937859890367555,2.6652174010609797,-0.7542488800901466,0.36395784247261426,-0.5078768890200052,0.07404159112645924
1303,78.6,75.47,18.06,6.64,23.97,57.83,239.61,watermelon,94,weather update day 94,humidity,decrease,0.06,78.6,75.47,18.06,6.64,23.97,57.8,239.61,success,UNKNOWN,watermelon,-1.9,0,0,6,2,14,14,0.4690713697419544,1.6598371623442976,-1.6773843330032547,0.04850071545556816,-0.4002060837504987,-0.46920607130391856,1.1529478541619476,0.4508090567942429,1.6439839803738125,-1.6773843330032547,-0.014749110145816244,-0.362201713793872,-0.42084631842408055,0.6499760600715102,0.4204331289652022,-1.137249830870072
1304,82.2,47.83,48.6,7.37,25.43,65.23,114.02,coconut,51,weather update day 51,temperature,decrease,0.0,82.2,47.83,48.6,7.37,25.43,65.23,114.02,failure,R5,coconut,1.3,3,0,4,0,3,3,0.6263915753847888,-0.14503180420951034,0.032659118363920894,0.8607983155896296,-0.11052599640667107,0.03231340896608297,-0.5519513425039765,0.5994865303230462,-0.14852138731341225,0.032659118363920894,0.6141075298323341,-0.10626471856005122,0.03959625279875868,-0.40065359620942925,-0.5775001403688957,-1.453238897477863
1305,72.7,31.58,59.04,5.81,21.42,47.92,145.01,wheat,7,weather update day 7,rainfall,decrease,0.0,72.7,31.58,59.04,5.81,21.42,47.92,145.01,failure,R2,wheat,3.6,1,0,1,0,15,15,0.211241032716199,-1.2061432624764923,0.6172319288509317,-0.8750705285324738,-0.9061541815085529,-1.1408355374492847,-0.13125840433471966,0.20714319739981613,-1.2023640872018855,0.6172319288509317,-0.7297504953264525,-0.8092149588940377,-1.0331171937513544,-0.14140514451625064,-1.5986411601526238,-1.453238897477863
1306,87.05,31.56,74.14,6.51,23.02,60.51,198.54,rice,30,weather update day 30,temperature,decrease,0.13,87.05,31.56,74.14,6.51,20.03,60.51,198.54,failure,R1,rice,-2.7,3,0,0,0,12,12,0.8383368524313843,-1.2074492458097439,1.4627347486166276,-0.09615502155460695,-0.588696551542715,-0.28757469196289115,0.5954177163558362,0.7997881266049056,-1.2036611243709792,1.4627347486166276,-0.12673727890904832,-1.0528810023015793,-0.2529056228636642,0.3064028457753226,-1.0648628998111296,-0.7685959198276494
1307,35.98,43.9,25.86,6.36,29.24,79.81,217.31,banana,27,weather update day 27,humidity,unknown,0.53,35.98,43.9,25.86,6.36,29.24,79.81,217.31,partial,R1,banana,3.9,0,2,0,1,0,0,-1.3934250648407083,-0.4016575291934635,-1.2406345320646834,-0.2630654873355778,0.6454199849494812,1.0204423309034636,0.8502227002034308,-1.3093670325939746,-0.4033891910402861,-1.2406345320646834,-0.2559543967127773,0.561625659413138,0.9431295890610721,0.46342425391604436,-1.1344861511600202,1.3379978575576228
1308,25.7,57.15,58.79,5.26,23.73,55.65,198.6,sugarcane,13,weather update day 13,rainfall,increase,0.37,25.7,57.15,58.79,5.26,23.73,55.65,272.08,failure,UNKNOWN,sugarcane,-6.1,1,1,6,0,13,13,-1.8426616520652452,0.4635564290857679,0.6032335377952083,-1.4870755697293687,-0.4478247282453741,-0.6169509992753514,0.5962322234965318,-1.7339238181151118,0.4558979334841614,0.6032335377952083,-1.2035465939401269,-0.40427354862682857,-0.5540834016177686,0.9216055284960828,-1.4593946574548426,0.49536034660351375
1309,56.55,40.17,56.02,6.51,37.38,40.56,156.59,cotton,104,weather update day 104,soil_moisture,increase,0.53,56.55,40.17,56.02,6.51,37.38,40.56,156.59,success,R1,cotton,3.4,2,1,0,2,5,5,-0.49451488982040387,-0.6452234208448997,0.4481313648977927,-0.09615502155460695,2.2604856774006845,-1.6396441016097183,0.025941473819523678,-0.45984046856967525,-0.6452866230762246,0.4481313648977927,-0.12673727890904832,1.9885620574975909,-1.4892218134283521,-0.04453205414493691,0.6525106334615041,1.3379978575576228
1310,0.0,48.67,49.57,5.31,27.99,89.79,138.91,banana,7,weather update day 7,soil_moisture,decrease,0.06,-10.72,48.67,49.57,5.31,27.99,89.79,138.91,success,UNKNOWN,banana,2.0,2,0,6,2,0,0,-2.965753120126588,-0.09018050421294,0.08697287566012779,-1.4314387478023785,0.39740621153866995,1.6968159002405734,-0.21406663030543488,-3.2380442586481686,-0.09404582621148479,0.08697287566012779,-1.160474221338884,0.3425015196581546,1.5615975380252622,-0.19243501077402375,-1.5986411601526238,-1.137249830870072
1311,62.18,52.97,51.45,6.76,20.11,43.77,14.45,wheat,20,weather update day 20,rainfall,increase,0.29,62.18,52.97,51.45,6.76,20.11,43.77,18.64,failure,R6,wheat,0.2,1,1,5,0,15,15,-0.24848356821786055,0.19060591243616887,0.1922407763991682,0.1820290880803454,-1.1660726160430834,-1.4220930838169206,-1.9036259424882591,-0.22732541968990827,0.18481716514361873,0.1922407763991682,0.08862458409716739,-1.0388570573572609,-1.2902957496833571,-1.1985599312367083,-1.2969404043074313,0.07404159112645924
1312,74.3,19.67,31.02,7.62,25.91,39.9,85.65,sugarcane,81,weather update day 81,rainfall,unknown,0.2,74.3,19.67,31.02,7.62,25.91,39.9,85.65,partial,R5,sugarcane,-3.0,1,2,4,1,13,13,0.28116112411301386,-1.9838563374278615,-0.9517077406745515,1.138982425224582,-0.015288707416919492,-1.6843742174175835,-0.9370774688628606,0.2732220745237283,-1.974749721397068,-0.9517077406745515,0.8294693928385497,-0.022121048894137508,-1.5301224994319962,-0.6379843020673021,0.1187323731200098,-0.39994200878522684
1313,71.13,57.95,46.73,6.89,26.32,35.37,93.64,mango,134,weather update day 134,temperature,unknown,0.36,71.13,57.95,46.73,6.89,26.32,35.37,93.64,success,R4,mango,-0.4,3,2,3,2,10,10,0.14263194303307386,0.5157957624158349,-0.07204884673289069,0.32668482509052055,0.0660598102618266,-1.9913854668261113,-0.8286122679602351,0.14230329922197674,0.5077794202479019,-0.07204884673289069,0.20061275286039948,0.04975166894549708,-1.8108499351842788,-0.5711435428214647,1.3487431469504094,0.44269550216888187
1314,85.58,59.89,63.34,6.5,31.17,79.42,218.94,rice,61,weather update day 61,unknown,unknown,0.26,85.58,59.89,63.34,6.5,31.17,79.42,218.94,success,R4,rice,-1.9,4,2,3,2,12,12,0.7740977684605606,0.6424761457412468,0.858004255009375,-0.10728238594000482,1.0283532510957742,0.9940108988351797,0.8723501441923268,0.739078158247311,0.6335920256499717,0.858004255009375,-0.13535175342929678,0.8999533311948331,0.9189610018771007,0.47706010342426897,-0.34542263587259386,-0.08395294217743601
1315,63.0,46.96,42.74,6.18,32.2,65.01,208.29,chickpea,72,weather update day 72,soil_moisture,increase,0.27,63.05,46.96,42.74,6.18,32.2,65.01,208.29,success,R6,chickpea,2.0,2,1,5,2,2,2,-0.2126495213769928,-0.20184207920595781,-0.29546316798223654,-0.4633580462727442,1.2327166003862828,0.017403370363461394,0.7277751267188648,-0.191395030253781,-0.20494250416897958,-0.29546316798223654,-0.41101493807725314,1.0805116223529396,0.025962690797544142,0.3879669762693043,-0.09013738092666186,-0.03128809774280417
1316,68.78,38.96,49.5,7.21,21.13,64.92,212.3,wheat,147,weather update day 147,humidity,unknown,0.29,68.78,38.96,49.5,7.21,21.13,64.92,212.3,success,R1,wheat,1.5,0,2,0,2,15,15,0.03993680879400188,-0.7242354125066258,0.08305332616452521,0.6827604854232598,-0.9636933769398617,0.011303809116934124,0.7822113539553517,0.045249948446230585,-0.7237573718063819,0.08305332616452521,0.47627593750835584,-0.8600517593171944,0.020385324524319775,0.4215128391699062,1.650443902795602,0.07404159112645924
1317,50.41,49.83,31.07,6.17,28.4,67.18,213.51,chickpea,145,weather update day 145,rainfall,decrease,0.35,50.41,49.83,31.07,6.17,28.4,67.18,212.76,failure,UNKNOWN,chickpea,0.9,1,0,6,0,2,2,-0.7628332405556819,-0.014433470884343356,-0.9489080624634069,-0.47448541065814204,0.4787547292174161,0.1644705693075024,0.7986372479593785,-0.7134181595326893,-0.018817670404061685,-0.9489080624634069,-0.4196294125975016,0.41437423749778923,0.1604391887186156,0.42536099301885283,1.6040284018963415,0.39003065773425005
1318,57.44,6.62,82.82,5.64,28.8,46.2,98.22,coconut,51,weather update day 51,humidity,decrease,0.14,57.44,6.62,82.82,5.64,28.8,39.73,98.22,partial,R1,coconut,-4.9,0,0,0,1,3,3,-0.45562183898092545,-2.8360104623745763,1.948758886071345,-1.0642357230842414,0.558119136708876,-1.2574049301606904,-0.7664382228871407,-0.42308409316949896,-2.8210664742305807,1.948758886071345,-0.8761965621706791,0.4844939622193843,-1.5406575246147531,-0.5328293153689072,-0.5775001403688957,-0.7159310753930176
1319,68.35,81.5,57.88,6.76,25.6,54.45,168.68,mango,149,weather update day 149,rainfall,unknown,0.0,68.35,81.5,57.88,6.76,25.6,54.45,168.68,success,R2,mango,-4.1,1,2,1,2,10,10,0.021145784231107523,2.053591137319676,0.552279394352375,0.1820290880803454,-0.07679612322280041,-0.6982784825623782,0.19006466266967914,0.027491250219178837,2.0350406868555044,0.552279394352375,0.08862458409716739,-0.07646383555337317,-0.6284482852607571,0.05660746766760039,1.6968594036948623,-1.453238897477863
1320,77.5,50.136,57.5,5.82,27.95,57.76,199.17,groundnut,97,weather update day 97,temperature,increase,0.31,77.5,55.06,57.5,5.82,28.03,57.76,199.17,unknown,R2,groundnut,-2.6,3,1,1,3,6,6,0.4210013069066443,0.005548074114407489,0.5310018399476754,-0.863943164147075,0.38946977078952416,-0.47395017449566185,0.6039700413331395,0.4053798287715533,0.3203575493138903,0.5310018399476754,-0.7211360208062033,0.3495134921303146,-0.4233251478788468,0.3116731434380106,0.4900563803140927,0.17937127999572294
1321,58.51,63.08,57.17,6.35,32.96,52.275999999999996,151.97,groundnut,94,weather update day 94,temperature,increase,0.0,58.51,63.08,57.17,6.35,32.96,61.82,151.97,success,R3,groundnut,0.1,3,1,2,2,6,6,-0.4088627778593053,0.850780487394888,0.5125239637541205,-0.2741928517209766,1.3835089746200557,-0.8456167731173764,-0.036775576014034535,-0.3788938440928825,0.8404694541203858,0.5125239637541205,-0.2645688712330265,1.2137390993239692,-0.17172395822006797,-0.08318090367131596,0.4204331289652022,-1.453238897477863
1322,52.36,41.13,75.86,6.0,26.51,53.69,200.57,banana,86,weather update day 86,rainfall,decrease,0.58,52.36,41.13,75.86,6.0,26.51,53.69,199.4,failure,R3,banana,-1.6,1,0,2,0,0,0,-0.6776181291658134,-0.5825362208488195,1.5590436790800049,-0.6636506052099096,0.10375790382027016,-0.7497858886441625,0.6229752079493693,-0.6328845280379208,-0.5830288389597363,1.5590436790800049,-0.5660754794417282,0.08305853818825479,-0.675546044901317,0.3135972203624842,0.2347711253681607,1.6013220797307814
1323,75.0,31.21,18.4,8.12,21.0,67.01,91.88,chickpea,95,weather update day 95,soil_moisture,unknown,0.31,75.0,31.21,18.4,8.12,21.0,67.01,91.88,failure,R1,chickpea,-6.9,2,2,0,0,2,2,0.3117511640991206,-1.2303039541416478,-1.658346521167471,1.6953506444944857,-0.9894868093745858,0.1529491758418401,-0.8525044774206383,0.30213158326544015,-1.2263592748301153,-1.658346521167471,1.2601931188509805,-0.8828406698517125,0.14990416353585875,-0.5858669140696092,0.4436408794148324,0.17937127999572294
1324,88.25,26.03,38.71,7.25,22.0,70.27,207.05,maize,79,weather update day 79,temperature,increase,0.0,88.25,26.03,38.71,7.25,22.0,70.27,207.05,unknown,UNKNOWN,maize,-10.2,3,1,6,3,9,9,0.8907769209789959,-1.5685536374538305,-0.5211172318004985,0.7272699429648523,-0.7910757906459369,0.37388883877159673,0.7109419791444901,0.84934728444784,-1.5622919016253332,-0.5211172318004985,0.5107338355893504,-0.7075413580477258,0.351928764099311,0.3775936919808391,0.07231687222074942,-1.453238897477863
1325,97.6,63.15,43.21,6.35,26.59,77.3,174.16,cotton,47,weather update day 47,temperature,decrease,0.35,97.6,63.15,43.21,6.35,17.28,77.3,174.16,success,R2,cotton,-4.2,3,0,1,2,5,5,1.299372455079134,0.8553514290612688,-0.26914619279747654,-0.2741928517209766,0.11963078531856174,0.850332345028098,0.26445631485320686,1.235495722640703,0.8450090842122131,-0.26914619279747654,-0.2645688712330265,-1.534954109762543,0.7875830407744869,0.10245069178114079,-0.6703311421674164,0.39003065773425005
1326,89.56,27.3,73.15,7.28,15.73,100.3,500.0,banana,142,weather update day 142,rainfall,unknown,0.58,89.56,27.3,73.15,7.28,15.73,100.3,838.1,failure,R2,banana,-1.4,1,2,1,0,0,0,0.9480239958101383,-1.4856236957923494,1.407301120035963,0.7606520361210468,-2.0351128780745658,2.409109108029453,4.687773093590564,0.9034493650930434,-1.4799300413878957,1.407301120035963,0.5365772591500965,-1.8066680430587225,2.212909977265105,5.6566751841067,1.534405150547451,1.6013220797307814
1327,58.25,33.43,49.58,6.85,22.81,77.25,188.36,maize,95,weather update day 95,rainfall,decrease,0.4,58.25,33.43,49.58,6.85,22.81,77.25,187.6,partial,R3,maize,-1.9,1,0,2,1,9,9,-0.4202247927112877,-1.0853398041507125,0.08753281130235661,0.28217536754892814,-0.6303628654757315,0.8469436998911386,0.4572230048178231,-0.3896316616255182,-1.0823881490607363,0.08753281130235661,0.16615485477940492,-0.5655489154864967,0.7844845039560292,0.21488370858515243,0.4436408794148324,0.6533548799074093
1328,52.79,36.68,60.82,5.72,24.83,87.14,97.58,coconut,26,weather update day 26,temperature,increase,0.26,52.79,36.68,60.82,5.72,31.29,87.14,97.58,success,R4,coconut,6.6,3,1,3,2,3,3,-0.6588271046029194,-0.8731175124973163,0.7169004731676827,-0.9752168080010565,-0.2295726076438607,1.5172177079817213,-0.7751262990545601,-0.6151258298108694,-0.8716196090830416,0.7169004731676827,-0.80728076600869,0.920989248611311,1.397375086646995,-0.5381832685500507,-1.1576939016096504,-0.08395294217743601
1329,85.07,59.26,43.58,7.19,31.04,50.71,159.21,maize,86,weather update day 86,temperature,increase,0.0,85.07,59.26,43.58,7.19,31.04,50.71,159.21,failure,R1,maize,0.4,3,1,0,0,9,9,0.7518107393278255,0.601337670743819,-0.24842857403500598,0.6605057566524641,1.0025598186610494,-0.9517491388069466,0.06150828562989655,0.7180155161640638,0.5927353548235262,-0.24842857403500598,0.45904698846785896,0.8771644206603143,-0.8602188392814056,-0.02261430830963103,0.2347711253681607,-1.453238897477863
1330,67.9,59.19,47.54,6.33,26.29,55.94,129.41,rice,131,weather update day 131,soil_moisture,decrease,0.43,67.81,59.19,47.54,6.33,26.29,55.94,129.41,partial,R1,rice,-6.3,2,0,0,1,12,12,0.001480758525753766,0.5967667290774381,-0.026694059712346622,-0.29644758049177233,0.06010747969996691,-0.5972968574809865,-0.34303026091556527,0.005189629189858717,0.5881957247316989,-0.026694059712346622,-0.2817978202735234,0.04449268959137728,-0.5361118880707131,-0.27190775330662126,1.279119895601519,0.8113494132113045
1331,48.36,44.92,74.4,5.37,18.34,69.04,218.97,sugarcane,133,weather update day 133,humidity,decrease,0.56,48.36,44.92,74.4,5.37,18.34,30.38,218.97,partial,R3,sugarcane,-4.7,0,0,2,1,13,13,-0.8524183576578512,-0.3350523791976281,1.4772930753145803,-1.3646745614899893,-1.517260119192792,0.29052816840239454,0.8727573977626746,-0.798081720847702,-0.3372402954165171,1.4772930753145803,-1.1087873742173917,-1.3491368392503174,-2.120083909666374,0.47731106997963507,1.3255353965007792,1.4959923908615183
1332,63.58,49.96,61.43,6.21,27.51,40.11,75.52,lentil,126,weather update day 126,soil_moisture,decrease,0.0,63.58,49.96,61.43,6.21,27.51,40.11,75.52,success,R2,lentil,1.8,2,0,1,2,8,8,-0.18730348824564738,-0.0059445792182073335,0.7510565473436478,-0.4299759531165496,0.3021689225489191,-1.6701419078423538,-1.0745934244502944,-0.16950640220648494,-0.010386928804953732,0.7510565473436478,-0.38517151451650705,0.25835784999224154,-1.517108644794473,-0.7227273422625877,1.163081143353368,-1.453238897477863
1333,20.57,24.86,15.13,7.34,26.07,46.07,179.46,wheat,23,weather update day 23,rainfall,unknown,0.56,20.57,24.86,15.13,7.34,26.07,46.07,179.46,success,R6,wheat,3.0,1,2,5,2,15,15,-2.0668429451062837,-1.6449536624490533,-1.8414454761763333,0.827416222433435,0.016457055579664367,-1.266215407516785,0.33640444561464816,-1.945789217893656,-1.6381685760173035,-1.8414454761763333,0.5882641062715879,0.005926840994500398,-1.1477630560342955,0.14678811656248475,-1.227317152958541,1.4959923908615183
1334,59.55,28.23,40.69,5.74,28.26,47.28,145.63,watermelon,8,weather update day 8,rainfall,increase,0.39,59.55,28.23,40.69,5.74,28.26,47.28,202.43,success,R6,watermelon,1.4,1,1,5,2,14,14,-0.3634147184513755,-1.4248954707961468,-0.410249974639169,-0.9529620792302598,0.4509771865954058,-1.184210195202366,-0.12284183054753213,-0.33594257396233945,-1.4196178130250476,-0.410249974639169,-0.7900518169681924,0.3898323338452316,-1.072778465027615,0.33894484245446005,-1.5754334097029936,0.6006900354727774
1335,69.41,38.48,35.11,5.85,21.04,79.01,197.96,blackgram,137,weather update day 137,unknown,unknown,0.17,69.41,38.48,35.11,5.85,21.04,79.01,197.96,success,UNKNOWN,blackgram,2.8,4,2,6,2,1,1,0.06746784478149764,-0.7555790125046662,-0.722694063002916,-0.8305610709908814,-0.98155036862544,0.9662240087121122,0.5875441473291126,0.07126850631377092,-0.7548862638646262,-0.722694063002916,-0.695292597245458,-0.8758286973795532,0.8935529999657464,0.30155082570491154,1.4183663982993,-0.5579365420891222
1336,0.0,71.48,33.4,6.21,27.6,55.0,97.43,cotton,109,weather update day 109,temperature,decrease,0.1,-0.04,71.48,33.4,6.21,27.57,55.0,97.43,failure,R6,cotton,-2.6,3,0,5,0,5,5,-2.965753120126588,1.3992934873605898,-0.8184430578240645,-0.4299759531165496,0.32002591423449744,-0.6610033860558243,-0.7771625669062988,-2.7969677538460536,1.3852250651396585,-0.8184430578240645,-0.38517151451650705,0.2688758087004805,-0.5943643802577208,-0.5394381013268811,0.7685493857096549,-0.9265904531315449
1337,49.95,33.47,70.5,5.29,32.09,51.97,108.89,cotton,59,weather update day 59,rainfall,increase,0.37,49.95,33.47,70.5,5.29,32.09,51.97,149.18,failure,UNKNOWN,cotton,-1.3,1,1,6,0,5,5,-0.782935266832266,-1.0827278374842093,1.2589181748452942,-1.4536934765731742,1.2108913883261316,-0.8663552813555682,-0.6215917030334469,-0.7324158367058139,-1.0797940747225492,1.2589181748452942,-1.1777031703793808,1.0612286980545012,-0.7821357114562675,-0.10652079332036296,-0.39183813677185425,0.49536034660351375
1338,69.66,59.83,90.84,6.54,19.85,40.18,124.69,blackgram,71,weather update day 71,soil_moisture,increase,0.13,69.66,59.83,90.84,6.54,19.85,40.18,124.69,partial,R1,blackgram,-3.4,2,1,0,1,1,1,0.07839285906225,0.6385581957414916,2.3978272711389534,-0.06277292839841239,-1.2176594809125318,-1.6653978046506104,-0.4071048226502827,0.08159333086438224,0.6297009141426911,2.3978272711389534,-0.10089385534830222,-1.084434878426297,-1.512770693248632,-0.3113931580175539,-0.11334513137629204,-0.7685959198276494
1339,71.33,55.62,21.29,6.27,32.59,81.34,132.58,groundnut,146,weather update day 146,soil_moisture,decrease,0.0,71.33,55.62,21.29,6.27,32.59,81.34,132.58,success,R4,groundnut,2.1,2,0,3,2,6,6,0.15137195445767587,0.36364870409201505,-1.4965251205633079,-0.36321176680416145,1.3100968976904561,1.1241348720944233,-0.2999971336488163,0.1505631588624659,0.35667459004850816,-1.4965251205633079,-0.3334846673950156,1.1488783539564946,1.0379448157058828,-0.24538895395627017,1.6272361523459717,-1.453238897477863
1340,80.41,16.94,40.29,7.57,32.98,69.6,197.25,mango,1,weather update day 1,rainfall,increase,0.29,80.41,16.94,40.29,7.57,32.98,69.6,254.45,unknown,UNKNOWN,mango,-5.4,1,1,6,3,10,10,0.5481684731346016,-2.1621230624167147,-0.43264740032832644,1.0833456032975917,1.3874771949946278,0.3284809939363398,0.5779058128308817,0.525560786540669,-2.151795294978332,-0.43264740032832644,0.7863970202373067,1.2172450855600483,0.3104083707319755,0.774120849459273,-1.737887662850405,0.07404159112645924
1341,0.0,19.84,1.4,8.15,29.77,56.43,160.3,coconut,37,weather update day 37,temperature,increase,0.07,-16.09,19.84,1.4,8.15,29.79,56.43,160.3,success,R2,coconut,0.7,3,1,1,2,3,3,-2.965753120126588,-1.9727554790952224,-2.610237112956665,1.7287327376506811,0.7505778248756653,-0.5640881351387835,0.07630516535253261,-3.4598214899953,-1.9637249054597734,-2.610237112956665,1.2860365424117273,0.658040280905331,-0.5057462272498259,-0.013495856797996125,-0.9024086466637182,-1.0845849864354402
1342,44.77,37.02,49.1,6.9,30.81,37.63,139.69,blackgram,111,weather update day 111,unknown,increase,0.38,44.77,37.02,49.1,6.9,30.81,37.63,139.69,partial,R2,blackgram,-3.3,4,1,1,1,1,1,-1.009301562729455,-0.8509157958320377,0.06065590047536778,0.3378121894759194,0.95692528435346,-1.838218706635543,-0.2034780374763926,-0.9463462013944803,-0.8495699772084517,0.06065590047536778,0.2092272273806487,0.8368455789453974,-1.670796070989983,-0.1859098803345052,0.8149648866089153,0.5480251910381456
1343,72.41,58.33,43.67,5.82,28.76,58.46,188.67,blackgram,56,weather update day 56,humidity,increase,0.58,72.41,58.33,43.67,5.82,28.76,58.8,188.67,partial,R5,blackgram,-1.7,0,1,4,1,1,1,0.198568016150526,0.5406094457476164,-0.24338915325494534,-0.863943164147075,0.5501826959597302,-0.42650914257822914,0.46143129171141645,0.19516640092110674,0.5324231264606782,-0.24338915325494534,-0.7211360208062033,0.477481989747225,-0.3588755820549232,0.22383484905987652,-0.4614613881207448,1.6013220797307814
1344,96.25,26.27,34.01,6.59,27.85,96.99,158.45,rice,92,weather update day 92,humidity,decrease,0.26,96.25,26.27,34.01,6.59,27.85,96.73,158.45,failure,UNKNOWN,rice,-0.3,0,0,6,0,12,12,1.2403773779630716,-1.5528818374548106,-0.7842869836480993,-0.007136106471422119,0.3696286689166597,2.184780799962736,0.05119119518108585,1.1797416700674022,-1.5467274555962112,-0.7842869836480993,-0.057821482747059234,0.317959616005597,1.9916744484272138,-0.028972127712238994,0.3740176280659418,-0.08395294217743601
1345,60.61,58.14,39.66,6.13,27.21,36.3,46.5,mungbean,59,weather update day 59,temperature,increase,0.46,60.61,58.14,39.66,6.13,39.73,36.3,46.5,success,R3,mungbean,2.1,3,1,2,2,11,11,-0.3170926579009854,0.5282026040817257,-0.4679233457887496,-0.5189948681997344,0.24264561693032427,-1.9283566672786654,-1.4685433781667139,-0.29216531786774735,0.52010127335429,-0.4679233457887496,-0.4540873106784961,2.400515440236959,-1.7532171503609626,-0.9654956568200592,-0.39183813677185425,0.9693439465152001
1346,67.92,61.7,18.79,6.78,24.64,67.33,156.64,watermelon,46,weather update day 46,humidity,decrease,0.55,67.92,61.7,18.79,6.78,24.64,66.96,156.64,success,R1,watermelon,0.4,0,0,0,2,14,14,0.0023547596682137813,0.760667637400523,-1.6365090311205424,0.2042838168511421,-0.26727070120230356,0.17463650471838021,0.02662022977010308,0.009732551992127672,0.7509738894529342,-1.6365090311205424,0.10585353313766505,-0.2447511748852006,0.1468056267174002,-0.044113776552660224,-0.6935388926170466,1.4433275464268864
1347,41.99,53.1,73.51,7.05,26.77,90.68,138.9,blackgram,73,weather update day 73,rainfall,decrease,0.1,41.99,53.1,73.51,7.05,26.77,90.68,125.01,failure,UNKNOWN,blackgram,-1.6,1,0,6,0,1,1,-1.1307877215314213,0.19909480410230487,1.4274588031562048,0.5047226552568902,0.15534476868971847,1.757133783678452,-0.21420238149555068,-1.0611582503972783,0.19324790674272668,1.4274588031562048,0.33844434518437766,0.128636359257291,1.6167514933938123,-0.30871618142698215,-0.06692963047703168,-0.9265904531315449
1348,20.37,47.22,39.14,6.6,24.82,67.12,127.28,banana,149,weather update day 149,soil_moisture,unknown,0.26,20.37,47.22,39.14,6.6,24.82,67.12,127.28,success,R5,banana,1.2,2,2,4,2,0,0,-2.0755829565308854,-0.18486429587368625,-0.49703999918465414,0.003991257913975739,-0.2315567178311468,0.16040419514315088,-0.3719452644102576,-1.954049077534145,-0.18808102097076412,-0.49703999918465414,-0.04920700822681079,-0.21319729876048304,0.156720944536466,-0.28972637873761414,1.6968594036948623,-0.08395294217743601
1349,65.25,52.88,65.66,5.91,15.19,68.83,209.32,mango,135,weather update day 135,rainfall,unknown,0.0,65.25,52.88,65.66,5.91,15.19,68.83,209.32,success,R6,mango,-4.1,1,2,5,2,10,10,-0.11432439285022153,0.1847289874365366,0.9879093240064882,-0.7637968846784923,-2.1422548281880363,0.27629585882716423,0.7417574993008053,-0.10053657420840127,0.1789804978826982,0.9879093240064882,-0.6436057501239657,-1.9013296714328756,0.26269090372772463,0.396583494670207,1.3719508974000396,-1.453238897477863
1350,82.7,54.24,30.86,6.72,25.51,52.97,166.52,coffee,129,weather update day 129,rainfall,decrease,0.34,82.7,54.24,30.86,6.72,25.51,52.97,109.9,failure,UNKNOWN,coffee,-0.3,1,0,6,0,4,4,0.6482416039462935,0.27353585409765013,-0.9606667109502146,0.137519630538753,-0.09465311490837879,-0.7985823786163788,0.160742405604639,0.6201361794242689,0.26717902538105653,-0.9606667109502146,0.054166686016172846,-0.09224077361573196,-0.7201649750871102,-0.4351196698130399,1.2327043947022587,0.33736581329961846
1351,57.43,47.0,78.54,8.09,15.19,66.71,325.02,mango,1,weather update day 1,soil_moisture,decrease,0.0,57.43,47.0,78.54,8.09,15.19,66.71,325.02,success,R4,mango,1.4,2,0,3,2,10,10,-0.4560588395521554,-0.19923011253945455,1.7091064311973605,1.661968551338292,-2.1422548281880363,0.1326173050200825,2.3123987689420775,-0.4234970861515233,-0.20234842983079263,1.7091064311973605,1.234349695290235,-1.9013296714328756,0.13131294262511087,1.3644778431987894,-1.737887662850405,-1.453238897477863
1352,93.06,45.4,52.13,5.45,28.49,69.12,151.4,mungbean,132,weather update day 132,soil_moisture,decrease,0.0,93.06,45.4,52.13,5.45,28.49,69.12,151.4,failure,R1,mungbean,3.1,2,0,0,0,11,11,1.1009741957406713,-0.3037087791995882,0.23031640007073595,-1.2756556464068045,0.49661172090299444,0.2959500006215296,-0.04451339385064226,1.047996908801602,-0.3061114033582732,0.23031640007073595,-1.0398715780554026,0.43015117556014804,0.28066241727478064,-0.08794926822327176,1.3023276460511493,-1.453238897477863
1353,73.96,68.52,38.69,8.37,29.78,62.05,136.82,jute,129,weather update day 129,soil_moisture,unknown,0.06,73.96,68.52,38.69,8.37,29.78,62.05,136.82,success,R3,jute,-3.0,2,2,2,2,7,7,0.2663031046911905,1.206007954039342,-0.5222371030849565,1.9735347541294381,0.7525619350629521,-0.1832044217445396,-0.24243862903966362,0.2591803131348968,1.1932635641138192,-0.5222371030849565,1.475554981857196,0.6562872877872914,-0.15747068885516197,-0.20991901413119524,1.2327043947022587,-1.137249830870072
1354,43.33,23.55,67.64,9.5,29.49,69.37,182.63,cotton,142,weather update day 142,soil_moisture,increase,0.53,43.33,23.55,67.64,11.39,29.49,69.37,182.63,failure,R4,cotton,-0.9,2,1,3,0,5,5,-1.0722296449865887,-1.7304955707770375,1.098776581167818,3.2309269296794234,0.6950227396316434,0.31289322630632693,0.3794375728813968,-1.0058171908060016,-1.723124510592928,1.098776581167818,4.077126286972283,0.6054504873641348,0.29615510136706996,0.17330691591283562,1.534405150547451,1.3379978575576228
1355,77.82,52.94,68.19,6.1,32.62,72.94,148.39,rice,28,weather update day 28,humidity,increase,0.3,77.82,52.94,68.19,6.1,32.62,94.83,148.39,success,R1,rice,5.5,0,1,0,2,12,12,0.43498532518600697,0.1886469374362913,1.1295730414904095,-0.552376961355929,1.3160492282523144,0.5548424890852324,-0.08537450207553647,0.4185956041963355,0.1828716093899784,1.1295730414904095,-0.4799307342392422,1.154137333310613,1.8739300493258146,-0.11312957927833703,-1.11127840071039,0.12670643556109107
1356,56.81,54.99,72.07,6.3,35.5,65.75,98.86,mango,133,weather update day 133,rainfall,decrease,0.28,56.81,54.99,72.07,6.3,35.5,65.75,71.18,failure,R6,mango,3.1,1,0,5,0,10,10,-0.4831528749684212,0.3225102290945877,1.3468280706752371,-0.3298296736479669,1.8874729621908237,0.06755531839046117,-0.7577501467197214,-0.4491026510370393,0.31581791922206304,1.3468280706752371,-0.3076412438342695,1.6589993513060954,0.07182103571072024,-0.7590338372722164,1.3255353965007792,0.021376746691827677
1357,50.09,77.41,18.2,6.27,26.42,89.77,203.8,groundnut,69,weather update day 69,rainfall,unknown,0.19,50.09,77.41,18.2,6.27,26.42,89.77,203.8,partial,UNKNOWN,groundnut,-5.0,1,2,6,1,6,6,-0.7768172588350447,1.7865175456697093,-1.6695452340120496,-0.36321176680416145,0.08590091213469178,1.695460442185789,0.6668228423568139,-0.7266339349574715,1.7697965857758824,-1.6695452340120496,-0.3334846673950156,0.06728160012589601,1.5603581232978785,0.3504056484828452,-0.1597606322755524,-0.45260685321985866
1358,78.01,54.93,39.61,7.19,36.96,66.21,135.99,blackgram,121,weather update day 121,humidity,unknown,0.18,78.01,54.93,39.61,7.19,36.96,66.21,135.99,failure,R1,blackgram,-0.3,0,2,0,0,1,1,0.4432883360393793,0.31859227909483256,-0.47072302399989413,0.6605057566524641,2.1771530495346516,0.09873085365048784,-0.25370597781928533,0.42644247085480064,0.3119268077147824,-0.47072302399989413,0.45904698846785896,1.9149363465399163,0.10032757444053221,-0.21686242216299045,1.0470423911052171,-0.5052716976544905
1359,61.33,44.87,16.84,7.66,30.43,62.94,162.01,chickpea,79,weather update day 79,rainfall,increase,0.27,61.33,44.87,16.84,7.66,30.43,62.94,162.45,success,R6,chickpea,-6.5,1,1,5,2,2,2,-0.28562861677241863,-0.33831733753075754,-1.7456964813551852,1.1834918827661745,0.8815290972365736,-0.12288653830666105,0.0995186188623558,-0.2624298231619868,-0.34048288833925117,-1.7456964813551852,0.8639272909195442,0.7702318404598826,-0.10231673348661194,0.004490079669907336,0.07231687222074942,-0.03128809774280417
1360,54.3,59.72,45.82,6.84,21.56,58.44,193.34,watermelon,101,weather update day 101,rainfall,decrease,0.0,54.3,59.72,45.82,6.84,21.56,58.44,193.34,unknown,R6,watermelon,-1.1,1,0,5,3,14,14,-0.5928400183471751,0.6313752874086075,-0.12300299017572383,0.2710480031635302,-0.8783766388865426,-0.4278646006330131,0.5248270974955545,-0.5527638895251772,0.6225672097126769,-0.12300299017572383,0.15754038025915648,-0.7846730552414801,-0.3811850471478198,0.2629019761785325,0.5828873821126135,-1.453238897477863
1361,47.58,24.43,66.95,5.03,27.24,78.3,62.93,banana,149,weather update day 149,temperature,decrease,0.45,47.58,24.43,66.95,5.03,14.98,78.3,62.93,success,R5,banana,-6.4,3,0,4,2,0,0,-0.8865044022137986,-1.673032304113964,1.0601410218540215,-1.7430049505935246,0.24859794749218325,0.9181052477672873,-1.2455041728062461,-0.8302951734456093,-1.6660548751528137,1.0601410218540215,-1.401679507905845,-1.9381425269117127,0.8495537771436442,-0.8280496399978932,1.6968594036948623,0.9166791020805682
1362,39.75,38.05,59.87,6.16,27.02,57.57,120.76,wheat,26,weather update day 26,soil_moisture,increase,0.22,39.75,38.05,59.87,6.16,27.02,57.57,120.76,partial,R5,wheat,-3.1,2,1,4,1,15,15,-1.2286758494869625,-0.783657654169577,0.6637065871559334,-0.4856127750435399,0.2049475233718807,-0.48682702601610767,-0.4604550403658418,-1.1536686783707557,-0.7827725630001365,0.6637065871559334,-0.42824388711775,0.17246118720828768,-0.4350995877889865,-0.3442697767705126,-1.1576939016096504,-0.29461231991596326
1363,52.19,59.41,31.68,7.76,21.5,28.07,102.67,watermelon,74,weather update day 74,rainfall,unknown,0.51,52.19,59.41,31.68,7.76,21.5,28.07,102.67,failure,R6,watermelon,-0.8,1,2,5,0,14,14,-0.6850471388767251,0.6111325457432064,-0.9147519882874416,1.294765526620155,-0.8902813000102613,-2.4861276568221933,-0.7060289432855533,-0.6399054087323366,0.6024631335917274,-0.9147519882874416,0.9500720361220303,-0.7951910139497191,-2.263236310679127,-0.49560260965626945,-0.043721880027401495,1.232668168688359
1364,93.23,37.83,54.63,6.75,25.51,57.44,222.89,mango,48,weather update day 48,temperature,increase,0.57,93.23,37.83,54.63,6.75,40.06,57.44,222.89,failure,UNKNOWN,mango,2.6,3,1,6,0,10,10,1.108403205451583,-0.7980234708353453,0.37030031062797036,0.17090172369494755,-0.09465311490837879,-0.49563750337220247,0.9259718642881177,1.0550177894960175,-0.7970399718601651,0.37030031062797036,0.08001010957691895,2.4583642131322754,-0.4431557835169771,0.5101040332141383,-0.6471233917177862,1.5486572352961496
1365,75.37,53.76,33.09,7.05,22.8,62.66,191.21,coconut,56,weather update day 56,temperature,decrease,0.24,75.37,53.76,33.09,7.05,17.33,62.66,191.21,success,R5,coconut,-3.6,3,0,4,2,3,3,0.32792018523463434,0.24219225409960976,-0.8358010627331612,0.5047226552568902,-0.6323469756630176,-0.14186295107363414,0.4959120940008621,0.3174123236003451,0.23605013332281216,-0.8358010627331612,0.33844434518437766,-1.526189144172344,-0.11966853966997605,0.2450833507475396,-0.4614613881207448,-0.1892826310466997
1366,48.53,54.31,34.14,7.06,23.2,73.07,94.52,coffee,27,weather update day 27,unknown,increase,0.18,48.53,54.31,34.14,7.06,23.2,73.07,94.52,failure,R6,coffee,3.7,4,1,5,0,4,4,-0.8449893479469395,0.27810679576403097,-0.777007820299123,0.515850019642288,-0.5529825681715583,0.5636529664413267,-0.8166661632300337,-0.7910608401532861,0.2717186554728838,-0.777007820299123,0.3470588197046261,-0.4971821838829418,0.5254468259329513,-0.5637818571973926,-1.1344861511600202,-0.5052716976544905
1367,86.0,24.51,44.03,5.64,36.82,82.17,109.14,lentil,87,weather update day 87,rainfall,increase,0.45,86.0,24.51,44.03,5.64,36.82,82.17,158.26,failure,R6,lentil,-5.6,1,1,5,0,8,8,0.7924517924522246,-1.6678083707809572,-0.22323147013470362,-1.0642357230842414,2.1493755069126403,1.1803863813679503,-0.6181979232805487,0.7564238634923381,-1.6608667264764396,-0.22323147013470362,-0.8761965621706791,1.890394442887358,1.0893805268922834,-0.030561582562890925,0.2579788758177909,0.9166791020805682
1368,50.01,42.26,38.56,8.42,32.28,75.3,176.76,coffee,132,weather update day 132,humidity,unknown,0.21,50.01,42.26,38.56,8.42,32.28,75.3,176.76,success,R5,coffee,0.9,0,2,4,2,4,4,-0.7803132634048856,-0.5087481625201005,-0.5295162664339325,2.0291715760564295,1.2485894818845744,0.7147865395497193,0.29975162428334773,-0.7299378788136673,-0.5097462389059536,-0.5295162664339325,1.5186273544584399,1.0945355672972583,0.6636415680361724,0.12420112657953584,1.3023276460511493,-0.34727716435059514
1369,80.79,30.29,55.08,7.09,29.65,46.2,219.26,mango,6,weather update day 6,soil_moisture,decrease,0.3,80.72,30.29,55.08,7.09,29.65,46.2,219.26,failure,UNKNOWN,mango,1.3,2,0,6,0,10,10,0.5647744948413457,-1.290379187471225,0.3954974145282723,0.5492321127984826,0.7267685026282272,-1.2574049301606904,0.8766941822760363,0.5383635689834271,-1.2860229846084166,0.3954974145282723,0.3729022432653722,0.6334983772527727,-1.139706860306305,0.4797370800148406,-1.621848910602254,0.12670643556109107
1370,105.23,47.43,27.4,6.12,19.86,61.86,256.19,mango,91,weather update day 91,humidity,increase,0.45,105.23,47.43,27.4,6.12,19.86,89.7,256.19,failure,R1,mango,3.7,0,1,0,0,10,10,1.6328038909276965,-0.17115147087454366,-1.154404443161427,-0.5301222325851322,-1.2156753707252457,-0.19608127326498542,1.3780233273741538,1.550609367925361,-0.17446213069528227,-1.154404443161427,-0.46270178519874455,-1.0826818853082574,1.5560201717520379,0.7886769096705066,0.3508098776163116,0.9166791020805682
1371,71.2,46.938,13.67,6.8,34.88,59.35,75.34,mungbean,21,weather update day 21,soil_moisture,decrease,0.0,71.2,64.89,13.67,6.8,34.88,59.35,75.34,failure,R6,mungbean,-1.2,2,0,5,0,11,11,0.14569094703168484,-0.20327866087253457,-1.9231960799417582,0.22653854562193784,1.7644581305790619,-0.36619125914035056,-1.077036945872381,0.14519425009614823,0.9578513179233482,-1.9231960799417582,0.12308248217816194,1.5503137779876242,-0.32479167705188644,-0.7242331415947842,-1.2737326538578013,-1.453238897477863
1372,50.47,64.63,56.08,7.9,34.41,59.87,300.19,mango,97,weather update day 97,humidity,increase,0.16,50.47,64.63,56.08,7.9,34.41,59.96,300.19,partial,R1,mango,0.1,0,1,0,1,10,10,-0.7602112371283013,0.9519941957218923,0.45149097875116606,1.450548628015729,1.6712049517765957,-0.33094934971597234,1.9753285638842315,-0.7109402016405425,0.9409898347251323,0.45149097875116606,1.0706746794055115,1.4679231014397494,-0.2869895278667005,1.1567611908741162,0.4900563803140927,-0.6106013865237541
1373,61.16,62.66,15.84,8.81,29.97,60.56,134.45,sugarcane,28,weather update day 28,humidity,increase,0.16,61.16,62.66,15.84,8.81,29.97,60.65,134.45,unknown,UNKNOWN,sugarcane,-0.7,0,1,6,3,13,13,-0.29305762648333034,0.8233548373966028,-1.801690045578079,2.4631387870869554,0.790260028621395,-0.2841860468259314,-0.2746116610971383,-0.2694507038564026,0.813231673569422,-1.801690045578079,1.8545918607481369,0.6895941570300484,-0.24422971977198213,-0.22974537200511697,-1.11127840071039,-0.6106013865237541
1374,52.12,33.44,21.18,6.62,31.81,62.23,59.66,coconut,135,weather update day 135,soil_moisture,decrease,0.3,52.12,33.44,21.18,6.62,31.81,62.23,59.66,success,R5,coconut,2.5,2,0,4,2,3,3,-0.6881061428753358,-1.084686812484087,-1.5026844126278263,0.026245986684772443,1.1553363030821089,-0.17100529925148555,-1.2898948119741542,-0.6427963596065078,-1.0817396304761897,-1.5026844126278263,-0.031978059186313135,1.0121448907493842,-0.1463159563087137,-0.8554049945327978,1.3719508974000396,0.12670643556109107
1375,75.16,64.67,68.06,7.4,20.86,82.63,261.48,mungbean,137,weather update day 137,humidity,decrease,0.59,75.16,64.67,68.06,7.4,20.86,82.14,261.48,failure,UNKNOWN,mungbean,4.5,0,0,6,0,11,11,0.31874317323880197,0.954606162388396,1.1222938781414336,0.8941804087458242,-1.0172643519965967,1.211561916627977,1.4498357069454795,0.3087394709778312,0.9435839090633197,1.1222938781414336,0.6399509533930802,-0.9073825735042708,1.0875214048012085,0.8329306789333953,1.4183663982993,1.6539869241654133
1376,92.14,36.39,28.49,7.95,28.96,85.95,98.76,mango,126,weather update day 126,soil_moisture,decrease,0.52,92.14,36.39,28.49,7.95,28.96,85.95,98.76,success,R3,mango,-2.8,2,0,2,2,10,10,1.0607701431875027,-0.8920542708294654,-1.0933714581584728,1.5061854499427192,0.5898648997054599,1.4365679537220861,-0.7591076586208806,1.0100015544553522,-0.8904266480348974,-1.0933714581584728,1.1137470520067545,0.5125418521080222,1.323629910367698,-0.5283119173723174,1.163081143353368,1.285333013122991
1377,76.22,26.32,44.17,7.44,28.98,34.65,162.03,blackgram,29,weather update day 29,temperature,decrease,0.0,76.22,26.32,44.17,7.44,28.98,34.65,162.03,failure,R3,blackgram,-1.0,3,0,2,0,1,1,0.3650652337891921,-1.5496168791216813,-0.21539237114349846,0.9386898662874166,0.5938331200800328,-2.0401819567983277,0.09979012124258779,0.3525167270724233,-1.5434848626734774,-0.21539237114349846,0.6744088514740747,0.5160478383441018,-1.8554688653700722,0.0009765478947820765,-1.0880706502607598,-1.453238897477863
1378,72.9,44.26,49.86,6.07,16.24,60.81,171.45,blackgram,115,weather update day 115,rainfall,increase,0.0,72.9,44.26,49.86,6.07,16.24,60.81,171.45,partial,R2,blackgram,-1.8,1,1,1,1,1,1,0.21998104414080102,-0.37814982919493345,0.10321100928476692,-0.5857590545121226,-1.933923258522955,-0.26724282114113407,0.2276677423317906,0.2154030570403053,-0.38004252199660304,0.10321100928476692,-0.5057741577999876,-1.7172653940386897,-0.23431440195291672,0.07978004627973657,0.9077958884074361,-1.453238897477863
1379,60.59,25.63,51.45,5.79,41.46,43.03,77.22,blackgram,69,weather update day 69,temperature,increase,0.41,60.59,25.63,51.45,5.79,41.63,43.03,77.22,partial,R5,blackgram,2.7,3,1,4,1,1,1,-0.3179666590434454,-1.5946733041188639,0.1922407763991682,-0.8973252573032695,3.0700026338135715,-1.4722450318439206,-1.0515157221305869,-0.2929913038317961,-1.5882326450072035,0.1922407763991682,-0.7469794443669494,2.7335841326645345,-1.3361540945965338,-0.7085059041251754,-0.1597606322755524,0.7060197243420409
1380,78.16,48.13,-2.99,6.51,18.79,61.86,65.73,maize,124,weather update day 124,temperature,increase,0.52,78.16,48.13,-2.99,6.51,18.89,61.86,65.73,partial,R2,maize,-4.2,3,1,1,1,9,9,0.4498433446078303,-0.125442054210735,-2.8560488598951688,-0.09615502155460695,-1.4279751607649,-0.19608127326498542,-1.2074938395737866,0.4326373655851671,-0.1290658297770094,-2.8560488598951688,-0.12673727890904832,-1.2527222177581245,-0.16924512876530173,-0.8046260948303907,1.1166656424541077,1.285333013122991
1381,59.5,33.54,42.78,4.25,30.53,49.42,112.94,mango,112,weather update day 112,rainfall,increase,0.05,59.5,33.54,42.78,4.25,30.53,49.42,118.59,partial,R3,mango,2.0,1,1,2,1,10,10,-0.3655997213075259,-1.0781568958178285,-0.2932234254133208,-2.610939372654576,0.9013701991094388,-1.0391761833405007,-0.5666124710364966,-0.3380075388724616,-1.075254444630722,-0.2932234254133208,-2.073608520485238,0.7877617716402815,-0.9401610891976184,-0.362423024275327,0.8381726370585455,-1.1899146753047039
1382,84.64,46.8,59.78,6.12,37.75,25.04,190.38,jute,112,weather update day 112,rainfall,increase,0.54,84.64,46.8,59.78,6.12,37.75,25.04,191.4,failure,UNKNOWN,jute,-5.3,1,1,6,0,7,7,0.7330197147649318,-0.21228994587197142,0.6586671663758732,-0.5301222325851322,2.333897754330284,-2.6914795521219372,0.48464474522124,0.7002568179370126,-0.21531880152172786,0.6586671663758732,-0.46270178519874455,2.0534228028650654,-2.451007641877674,0.24667280559819155,0.8381726370585455,1.3906627019922546
1383,70.42,53.46,25.32,6.01,24.12,60.23,226.9,rice,45,weather update day 45,temperature,unknown,0.2,70.42,53.46,25.32,6.01,24.12,60.23,226.9,partial,R4,rice,1.7,3,2,3,1,12,12,0.11160490247573741,0.2226025041008349,-1.270871056745046,-0.6525232408245117,-0.37044443094120094,-0.30655110472986424,0.9804080915246046,0.11298079749824086,0.21659457578640975,-1.270871056745046,-0.5574610049214798,-0.33590681702327363,-0.27025742904702826,0.5436498961147402,-0.7167466430666768,-0.39994200878522684
1384,110.28,59.56,21.47,5.86,29.45,71.35,159.75,rice,58,weather update day 58,temperature,decrease,0.23,110.28,59.56,21.47,5.86,22.67,71.35,159.75,failure,R4,rice,4.5,3,0,3,0,12,12,1.8534891793988941,0.6209274207425943,-1.4864462790031872,-0.8194337066054825,0.6870862988824976,0.44708357372992114,0.06883884989615648,1.7591708238477095,0.6121909123599291,-1.4864462790031872,-0.6866781227252088,-0.5900908191390543,0.4188571593780008,-0.01809691031304134,-0.41504588722148444,-0.24194747548133141
1385,63.56,45.44799999999999,66.02,6.71,25.37,79.51,101.84,maize,90,weather update day 90,rainfall,decrease,0.42,63.56,51.63,66.02,6.71,25.37,79.51,59.07,success,R1,maize,0.6,1,0,0,2,9,9,-0.1881774893881074,-0.30057441919978456,1.00806700712673,0.12639226615335514,-0.12243065753038974,1.000110460081707,-0.7172962920651752,-0.1703323881705337,0.09791567481435409,1.00806700712673,0.0455522114959244,-0.11678267726829021,0.9245383681503251,-0.8603406701216645,0.32760212716668147,0.7586845687766727
1386,0.0,74.88,65.72,7.13,29.94,71.89,271.07,cotton,53,weather update day 53,humidity,increase,0.23,-15.05,74.88,65.72,7.13,29.94,72.06,271.07,success,R4,cotton,0.1,0,1,3,2,5,5,-2.965753120126588,1.621310654013373,0.991268937859862,0.593741570340075,0.7843076980595359,0.4836809412090838,1.5800210982666527,-3.4168702198647565,1.605721383885554,0.991268937859862,0.4073601413463667,0.6843351776759293,0.462856382200103,0.9131563211320909,-0.5310846394696354,-0.24194747548133141
1387,77.96,46.22,84.33,6.68,23.77,70.06,124.28,coffee,130,weather update day 130,rainfall,increase,0.31,77.96,46.22,84.33,6.68,23.77,70.06,162.81,partial,R1,coffee,-0.5,1,1,0,1,4,4,0.4411033331832283,-0.25016346253626975,2.0333091680479147,0.09301017299716058,-0.4398882874962283,0.3596565291963674,-0.41267062144503563,0.4243775059446779,-0.2529328794254394,2.0333091680479147,0.0197087879351783,-0.3972615761546693,0.33891490946178837,0.0075016783343006205,1.2559121451518889,0.17937127999572294
1388,0.0,64.24,29.75,7.18,20.82,62.8,195.16,cotton,124,weather update day 124,unknown,increase,0.06,-3.22,64.24,29.75,7.18,20.82,62.8,195.16,success,R6,cotton,-3.6,4,1,5,2,5,5,-2.965753120126588,0.9265275207234847,-1.0228195672376266,0.6493783922670653,-1.0252007927457425,-0.1323747446901476,0.549533814096653,-2.928299522129829,0.9156976099278089,-1.0228195672376266,0.45043251394760975,-0.91439454597643,-0.110992636578294,0.278127280537409,1.1166656424541077,-1.137249830870072
1389,96.34,48.23,9.81,6.01,32.48,64.66,90.04,sugarcane,21,weather update day 21,temperature,decrease,0.32,96.34,48.23,9.81,6.01,22.09,64.66,90.04,failure,R1,sugarcane,-4.6,3,0,0,0,13,13,1.2443103831041424,-0.11891213754447705,-2.139331237842128,-0.6525232408245117,1.2882716856303034,-0.006317145595255453,-0.8774826964019687,1.1834586069056223,-0.12258064393154224,-2.139331237842128,-0.5574610049214798,-0.691764419985367,0.004272933068338558,-0.6012595294653964,-1.2737326538578013,0.2320361244303548
1390,86.13,46.57,34.78,5.98,22.67,80.98,159.61,coffee,25,weather update day 25,rainfall,decrease,0.4,86.13,46.57,34.78,5.98,22.67,80.98,95.77,partial,R2,coffee,-2.1,1,0,1,1,4,4,0.7981327998782156,-0.22730875420436542,-0.741171939196471,-0.6859053339807053,-0.6581404080977418,1.099736627108315,0.06693833323453369,0.7617927722586558,-0.23023472896630298,-0.741171939196471,-0.5833044284822251,-0.5900908191390543,1.0156353506129863,-0.553324917390472,-1.1809016520592805,0.6533548799074093
1391,89.9,64.06,62.94,6.8,27.1,80.49,265.41,maize,109,weather update day 109,soil_moisture,increase,0.53,89.9,64.06,62.94,6.8,27.1,80.49,265.41,success,R1,maize,-2.9,2,1,0,2,9,9,0.9628820152319617,0.9147736707242201,0.8356068293202172,0.22653854562193784,0.220820404870173,1.0665279047661118,1.5031859246610386,0.9174911264818749,0.9040242754059679,0.8356068293202172,0.12308248217816194,0.18648513215260695,0.9852696897920986,0.8658072976863541,0.7685493857096549,1.3379978575576228
1392,78.01,53.63,39.3,6.48,22.42,64.33,9.84,jute,83,weather update day 83,humidity,increase,0.5,78.01,53.63,39.3,6.48,22.42,96.5,9.84,failure,R3,jute,1.3,0,1,2,0,7,7,0.4432883360393793,0.23370336243347423,-0.48808102890899135,-0.12953711471080054,-0.707743162779904,-0.028682203499187823,-1.966207241131701,0.42644247085480064,0.22761939172370466,-0.48808102890899135,-0.15258070246979366,-0.633915647090051,1.9774211790623073,-1.2721767874774303,0.16514787401927017,1.1800033242537271
1393,87.03,40.69,34.74,6.96,23.26,46.58,292.45,wheat,78,weather update day 78,temperature,decrease,0.28,87.03,40.69,34.74,6.96,16.75,46.58,292.45,failure,R1,wheat,-2.9,3,0,0,0,15,15,0.8374628512889244,-0.6112678541803566,-0.7434116817653866,0.4045763757883075,-0.5410779070478389,-1.2316512271197988,1.870257142734504,0.7989621406408568,-0.6115636566797938,-0.7434116817653866,0.2609140745021401,-1.6278627450186562,-1.1161579804860253,1.092011819589663,0.04910912177111924,0.021376746691827677
1394,64.1,59.86,20.32,6.32,28.73,55.67,185.29,groundnut,50,weather update day 50,rainfall,decrease,0.06,64.1,59.86,20.32,6.32,28.73,55.67,174.17,success,R1,groundnut,-1.6,1,0,0,2,6,6,-0.16457945854168265,0.6405171707413692,-1.5508388778595148,-0.3075749448771702,0.5442303653978706,-0.6155955412205674,0.41554738945223324,-0.14803076714121358,0.6316464698963314,-1.5508388778595148,-0.29041229479377184,0.47222301039310516,-0.5528439868903853,0.10253434729959607,-0.6007078908185259,-1.137249830870072
1395,55.67,68.5,88.38,5.63,25.08,70.06,286.82,blackgram,68,weather update day 68,rainfall,increase,0.0,55.67,68.5,88.38,5.63,25.08,70.06,286.82,unknown,R1,blackgram,-2.2,1,1,0,3,1,1,-0.532970940088652,1.2047019707060906,2.2600831031506345,-1.0753630874696392,-0.17996985296169848,0.3596565291963674,1.7938292226992374,-0.4961838509878269,1.191966526944726,2.2600831031506345,-0.8848110366909275,-0.16761947769144683,0.33891490946178837,1.0449137626992921,-0.1829683827251826,-1.453238897477863
1396,59.96,34.89,47.08,6.3,36.73,78.42,208.17,sugarcane,138,weather update day 138,soil_moisture,decrease,0.0,59.96,34.89,47.08,6.3,36.73,78.42,208.17,success,R4,sugarcane,1.4,2,0,3,2,13,13,-0.34549769503094147,-0.9900030208233407,-0.0524510992548778,-0.3298296736479669,2.1315185152270613,0.9262379960959903,0.7261461124374735,-0.31900986169933676,-0.9877044357169102,-0.0524510992548778,-0.3076412438342695,1.8746175048249987,0.8569902655079434,0.38696311004783984,1.4415741487489302,-1.453238897477863
1397,92.28,8.0,42.52,7.55,23.14,91.44,239.03,lentil,3,weather update day 3,rainfall,increase,0.0,92.28,8.0,42.52,7.55,23.14,91.44,239.03,unknown,R3,lentil,-1.4,1,1,2,3,8,8,1.066888151184724,-2.745897612380211,-0.3077817521112731,1.0610908745267948,-0.564887229295277,1.8086411897602352,1.1450742851352236,1.0157834562036945,-2.7315709095631284,-0.3077817521112731,0.7691680711968091,-0.5077001425911807,1.6638492530343714,0.6451240400010989,-1.6914721619511446,-1.453238897477863
1398,91.81,68.0,28.36,7.14,25.09,67.07,157.63,jute,144,weather update day 144,rainfall,increase,0.3,91.81,68.0,28.36,7.14,25.09,67.07,158.1,failure,R4,jute,0.3,1,1,3,0,7,7,1.0463491243369096,1.172052387374799,-1.100650621507449,0.6048689347254729,-0.17798574277441168,0.15701555000619064,0.040059597591579954,0.9963727860485453,1.1595405977173883,-1.100650621507449,0.4159746158666152,-0.1658664845734067,0.15362240771800745,-0.03190007085817675,1.5808206514467114,0.12670643556109107
1399,84.32,63.68,30.69,6.85,22.57,42.67,94.28,watermelon,11,weather update day 11,humidity,increase,0.21,84.32,63.68,30.69,6.85,22.57,51.63,94.28,failure,R2,watermelon,-2.3,0,1,1,0,14,14,0.7190356964855684,0.8899599873924382,-0.9701856168681064,0.28217536754892814,-0.6779815099706069,-1.4966432768300288,-0.8199241917928158,0.6870410425122297,0.8793805691931911,-0.9701856168681064,0.16615485477940492,-0.6076207503194533,-0.8032057618217807,-0.5657895896403213,-1.505810158354103,-0.34727716435059514
1400,82.0,44.07,37.24,8.06,18.77,64.11,62.12,coffee,39,weather update day 39,soil_moisture,increase,0.33,82.08,44.07,37.24,8.06,18.77,64.11,62.12,failure,UNKNOWN,coffee,3.9,2,1,6,0,4,4,0.6176515639601868,-0.3905566708608242,-0.6034277712081523,1.6285864581820986,-1.431943381139473,-0.043592242101809404,-1.2565000192056361,0.5945306145387526,-0.39236437510299116,-0.6034277712081523,1.2085062717294897,-1.273758135174603,-0.029810971934697783,-0.8348257369927778,-0.855993145764458,0.28470096886498664
1401,75.16,57.04,36.83,6.85,26.81,51.32,149.16,wheat,92,weather update day 92,temperature,increase,0.44,75.16,57.04,36.83,6.85,26.93,51.32,149.16,success,R1,wheat,-1.1,3,1,0,2,15,15,0.31874317323880197,0.45637352075288373,-0.6263851325395389,0.28217536754892814,0.16328120943886426,-0.9104076681360411,-0.07492166043660999,0.3087394709778312,0.44876422905414715,-0.6263851325395389,0.16615485477940492,0.1566842491459289,-0.8224166900962196,-0.10668810435727377,0.3740176280659418,0.8640142576459364
1402,74.46,65.84,67.88,6.02,24.97,59.0,57.9,banana,49,weather update day 49,temperature,increase,0.43,74.46,65.84,67.88,6.02,25.08,59.0,57.9,unknown,UNKNOWN,banana,1.6,3,1,6,3,0,0,0.28815313325269526,1.0310061873836187,1.1122150365813124,-0.6413958764391139,-0.20179506502184974,-0.38991177509906694,-1.3137870214345573,0.27982996223611944,1.01946058345529,1.1122150365813124,-0.5488465304012313,-0.16761947769144683,-0.34648143478109156,-0.8701283657809422,-0.6239156412681561,0.8113494132113045
1403,81.46,34.87,52.55,6.14,32.61,48.28,89.85,maize,29,weather update day 29,temperature,increase,0.46,81.46,34.87,52.55,6.14,32.76,48.28,89.85,success,R2,maize,-1.0,3,1,1,2,9,9,0.5940535331137614,-0.9913090041565925,0.25383369704435105,-0.5078675038143365,1.3140651180650282,-1.1164372924631767,-0.8800619690141714,0.5689250496532363,-0.9890014728860039,0.25383369704435105,-0.4454728361582477,1.1786792369631713,-1.0108077286584578,-0.6028489843160485,-1.0880706502607598,0.9693439465152001
1404,46.64,67.05,41.14,6.74,16.87,80.03,185.27,watermelon,3,weather update day 3,rainfall,increase,0.55,46.64,67.05,41.14,6.74,16.87,80.03,287.16,success,R4,watermelon,-6.1,1,1,3,2,14,14,-0.9275824559094275,1.1100181790453445,-0.3850528707388666,0.1597743593095497,-1.8089243167239057,1.0353523695060851,0.41527588707200164,-0.8691165137559078,1.0979313321854467,-0.3850528707388666,0.0713956350566705,-1.6068268276021775,0.9567631510622866,1.0477580503267747,-1.6914721619511446,1.4433275464268864
1405,52.32,77.01,35.96,7.25,25.88,52.56,89.38,lentil,80,weather update day 80,temperature,unknown,0.45,52.32,77.01,35.96,7.25,25.88,52.56,89.38,failure,R3,lentil,-1.9,3,2,2,0,8,8,-0.6793661314507338,1.7603978790046766,-0.6750995334134563,0.7272699429648523,-0.021241037978779184,-0.8263692687394462,-0.88644227494962,-0.6345364999660187,1.743855842394013,-0.6750995334134563,0.5107338355893504,-0.027380028248257308,-0.7455729769984645,-0.6067807936834506,0.0955246226703796,0.9166791020805682
1406,89.01,75.66,46.12,6.36,26.35,82.43,94.36,mungbean,137,weather update day 137,humidity,unknown,0.08,89.01,75.66,46.12,6.36,26.35,82.43,94.36,success,UNKNOWN,mungbean,0.7,0,2,6,2,11,11,0.9239889643924832,1.6722440040101882,-0.10620492090885586,-0.2630654873355778,0.0720121408236863,1.19800733608014,-0.8188381822718884,0.8807347510816986,1.6563058334802008,-0.10620492090885586,-0.2559543967127773,0.05501064829961689,1.1054929183482645,-0.5651203454926784,1.4183663982993,-1.0319201420008084
1407,73.81,64.12,29.41,6.82,35.05,61.73,99.14,cotton,59,weather update day 59,humidity,unknown,0.44,73.81,64.12,29.41,6.82,35.05,61.73,99.14,success,R2,cotton,-2.0,0,2,1,2,5,5,0.25974809612273947,0.9186916207239753,-1.0418573790734105,0.24879327439273455,1.7981880037629312,-0.20489175062108023,-0.7539491133964754,0.25298541840453037,0.9079153869132485,-1.0418573790734105,0.1403114312186596,1.5801146609943009,-0.17730132449329233,-0.5251330076710136,-0.39183813677185425,0.8640142576459364
1408,84.98,77.13,52.09,6.28,28.23,82.04,180.09,banana,43,weather update day 43,temperature,decrease,0.48,84.98,77.13,52.09,6.28,14.68,82.04,180.09,success,R4,banana,-0.9,3,0,3,2,0,0,0.7478777341867551,1.768233779004186,0.22807665750182024,-0.3520844024187626,0.4450248560335461,1.171575904011856,0.3449567705919515,0.7142985793258442,1.7516380654085733,0.22807665750182024,-0.3248701928747664,-1.9907323204529088,1.081324331164293,0.15205841422517277,-0.7631621439659372,1.0746736353844635
1409,50.47,36.61,54.39,6.32,21.8,51.16,131.77,wheat,70,weather update day 70,unknown,increase,0.09,50.47,36.61,54.39,6.32,21.8,51.16,131.77,success,R3,wheat,4.7,4,1,2,2,15,15,-0.7602112371283013,-0.8776884541636971,0.3568618552144757,-0.3075749448771702,-0.8307579943916665,-0.9212513325743117,-0.3109929800482064,-0.7109402016405425,-0.8761592391748688,0.3568618552144757,-0.29041229479377184,-0.7426012204085229,-0.832332007915285,-0.2521650509511548,-0.13655288182592223,-0.9792552975661767
1410,67.49,29.94,42.03,6.86,20.48,65.99,78.99,sugarcane,94,weather update day 94,soil_moisture,increase,0.2,67.49,29.94,42.03,6.86,20.48,63.95,78.99,success,R4,sugarcane,-1.2,2,1,3,2,13,13,-0.016436264894680582,-1.3132338958031289,-0.33521859858049113,0.29330273193432693,-1.0926605391134832,0.08382081504786626,-1.027487761480068,-0.008026146234924076,-1.308721135067553,-0.33521859858049113,0.17476932929965414,-0.9739963119897855,-0.039726289753762745,-0.6936988773585757,0.4204331289652022,-0.39994200878522684
1411,69.24,52.01,77.07,6.29,22.75,75.69,-40.48,coconut,126,weather update day 126,temperature,increase,0.1,69.24,52.01,77.07,6.29,22.77,75.69,-40.48,failure,R4,coconut,-0.9,3,1,3,0,3,3,0.06003883507058596,0.12791871244008865,1.6267958917897059,-0.34095703803336475,-0.6422675265994502,0.7412179716180031,-2.6493072297950446,0.06424762561935515,0.12255938102713042,1.6267958917897059,-0.31625571835451793,-0.572560887958656,0.6878101552201437,-1.6931313563448311,1.163081143353368,-0.9265904531315449
1412,33.8,64.48,39.36,6.6,27.84,57.11,142.14,blackgram,58,weather update day 58,rainfall,increase,0.27,33.8,64.48,39.36,6.6,27.84,57.11,180.51,failure,R2,blackgram,-6.9,1,1,1,0,1,1,-1.4886911893688688,0.9421993207225052,-0.4847214150556176,0.003991257913975739,0.3676445587293729,-0.5180025612761349,-0.1702189958979907,-1.3993995026753052,0.9312620559569316,-0.4847214150556176,-0.04920700822681079,0.31620662288755685,-0.4636061265187989,0.15557194600029803,-0.41504588722148444,-0.03128809774280417
1413,33.94,26.24,52.81,6.91,18.09,78.43,121.02,banana,84,weather update day 84,humidity,decrease,0.22,33.94,26.24,52.81,6.91,18.09,61.17,121.02,failure,R1,banana,0.4,0,0,0,0,0,0,-1.4825731813716476,-1.554840812454688,0.2683920237423037,0.34893955386131725,-1.5668628738749542,0.9269157251233825,-0.45692550942282784,-1.393617600926963,-1.5486730113498517,0.2683920237423037,0.21784170190089713,-1.3929616672013139,-0.21200493686002012,-0.3420947332906732,0.18835562446890033,-0.29461231991596326
1414,64.69,65.55,37.85,6.83,20.14,99.11,135.62,coconut,33,weather update day 33,humidity,decrease,0.29,64.69,65.55,37.85,6.83,20.14,98.82,135.62,unknown,UNKNOWN,coconut,0.0,0,0,6,3,3,3,-0.13879642483910692,1.0120694290514691,-0.569271697032187,0.2599206387781324,-1.1601202854812238,2.328459353769818,-0.2587287718535747,-0.12366418120177072,1.0006535445034337,-0.569271697032187,0.14892590573890804,-1.033598078003141,2.121193287438752,-0.21995767634583904,-0.995239648462239,0.07404159112645924
1415,119.84,45.87,42.28,6.59,31.36,42.4,32.07,jute,98,weather update day 98,soil_moisture,increase,0.59,141.06,45.87,42.28,6.59,31.36,42.4,32.07,unknown,R1,jute,-1.8,2,1,0,3,7,7,2.2712617254948646,-0.27301817086817404,-0.3212202075247677,-0.007136106471422119,1.066051344654217,-1.5149419605696102,-1.6644323455039962,3.030363222518975,-0.2756310298845759,-0.3212202075247677,-0.057821482747059234,0.9332602004375902,-1.375195658509103,-1.0862105699511522,0.5132641307637229,1.6539869241654133
1416,49.04,63.02,41.41,6.38,29.15,69.9,183.8,blackgram,31,weather update day 31,temperature,decrease,0.07,49.04,63.02,41.41,6.38,29.13,69.9,183.8,partial,UNKNOWN,blackgram,0.5,3,0,6,1,1,1,-0.8227023188142047,0.8468625373951333,-0.3699346083986855,-0.24081075856478207,0.6275629932639027,0.34881286475809736,0.3953204621249604,-0.7699981980700392,0.8365783426131056,-0.3699346083986855,-0.2387254476722804,0.5423427351146997,0.3289995916427234,0.18309461157211357,-1.0416551493614994,-1.0845849864354402
1417,0.44,45.98,38.68,7.21,23.18,103.09,233.81,wheat,142,weather update day 142,soil_moisture,decrease,0.44,0.44,45.98,38.68,7.21,23.18,103.09,233.81,failure,R5,wheat,-1.2,2,0,4,0,15,15,-2.9465250949924644,-0.26583526253528994,-0.5227970387271853,0.6827604854232598,-0.5569507885461312,2.5981955066717917,1.07421216389471,-2.7771440907088794,-0.2684973254545616,-0.5227970387271853,0.47627593750835584,-0.5006881701190214,2.3858083317350545,0.601455859367398,1.534405150547451,0.8640142576459364
1418,42.37,53.31,27.28,5.73,22.74,65.67,172.47,wheat,144,weather update day 144,rainfall,decrease,0.18,42.37,53.31,27.28,5.73,22.74,65.67,172.16,success,R1,wheat,-1.2,1,0,0,2,15,15,-1.1141816998246779,0.2128076291014475,-1.1611236708681743,-0.9640894436156576,-0.6442516367867369,0.062133486171326135,0.24151436372361526,-1.0454645170803492,0.20686679701820856,-1.1611236708681743,-0.7986662914884408,-0.5778198673127758,0.06686337680118776,0.08571958809006762,1.5808206514467114,-0.5052716976544905
1419,89.05,77.46,57.52,6.55,25.87,49.7,74.31,lentil,45,weather update day 45,soil_moisture,unknown,0.31,89.05,77.46,57.52,6.55,25.87,49.7,74.31,failure,R4,lentil,1.5,2,2,3,0,8,8,0.9257369666774032,1.7897825040028383,0.5321217112321334,-0.05164556401301454,-0.02322514816606528,-1.0201997705735277,-1.0910193184543215,0.8823867230097961,1.7730391786986162,0.5321217112321334,-0.09227938082805379,-0.029133021366296828,-0.9228092830142544,-0.7328496599956869,-0.7167466430666768,0.17937127999572294
1420,79.28,68.35,42.06,7.77,25.12,35.69,205.09,wheat,61,weather update day 61,temperature,increase,0.58,79.28,68.35,42.06,7.77,39.69,35.69,205.09,failure,R2,wheat,2.9,3,1,1,0,15,15,0.4987874085856011,1.1949070957067027,-0.3335387916538043,1.3058928910055527,-0.17203341221255197,-1.9696981379495708,0.6843347458817683,0.47889257957190595,1.1822387481765242,-0.3335387916538043,0.9586865106422787,2.3935034677647997,-1.7910192995461485,0.3611972103635873,-0.34542263587259386,1.6013220797307814
1421,75.45,56.26,69.44,5.85,31.46,56.78,69.85,cotton,26,weather update day 26,rainfall,increase,0.06,75.45,56.26,69.44,5.85,31.46,56.78,74.04,success,R3,cotton,2.1,1,1,2,2,5,5,0.331416189804475,0.40544017075606853,1.1995649967690267,-0.8305610709908814,1.0858924465270823,-0.5403676191800671,-1.151564349246025,0.32071626745654064,0.39817977945950034,1.1995649967690267,-0.695292597245458,0.9507901316179891,-0.4840564695206207,-0.7351083589939817,-1.1576939016096504,-1.137249830870072
1422,104.18,57.79,53.35,6.13,25.56,54.67,146.18,groundnut,31,weather update day 31,humidity,decrease,0.27,104.18,57.79,53.35,6.13,25.56,39.91,146.18,success,R1,groundnut,-4.1,0,0,0,2,6,6,1.5869188309485367,0.5053478957498213,0.2986285484226663,-0.5189948681997344,-0.08473256397194691,-0.6833684439597567,-0.11537551509115601,1.5072451048127935,0.4974031228951536,0.2986285484226663,-0.4540873106784961,-0.08347580802553312,-1.5295027920683049,-0.1316174488569727,-1.0416551493614994,-0.03128809774280417
1423,55.59,27.09,65.26,6.96,17.4,53.8,160.74,cotton,51,weather update day 51,soil_moisture,increase,0.07,55.59,27.09,65.26,6.96,17.4,53.8,160.74,success,R6,cotton,1.3,2,1,5,2,5,5,-0.5364669446584927,-1.499336520791492,0.9655118983173312,0.4045763757883075,-1.7037664767977223,-0.7423308693428518,0.08227821771763336,-0.4994877948440225,-1.4935489316633774,0.9655118983173312,0.2609140745021401,-1.513918192346065,-0.6687292639007097,-0.009815013985960047,-0.5775001403688957,-1.0845849864354402
1424,69.35,33.29,39.4,6.74,24.46,64.28,148.85,jute,123,weather update day 123,temperature,decrease,0.46,69.35,33.29,39.4,6.74,13.21,64.28,148.85,failure,R1,jute,-4.9,3,0,0,0,7,7,0.06484584135411697,-1.0944816874834744,-0.4824816724867019,0.1597743593095497,-0.3029846845734603,-0.0320708486361471,-0.07912994733020373,0.0687905484216241,-1.0914674092443908,-0.4824816724867019,0.0713956350566705,-2.248422308804769,-0.019275946751940935,-0.10928142542939014,1.0934578920044775,0.9693439465152001
1425,87.45,52.75,87.42,5.85,21.8,56.01,22.57,mango,28,weather update day 28,temperature,increase,0.32,87.45,52.75,87.42,5.85,28.78,56.01,22.57,success,R1,mango,0.5,3,1,0,2,10,10,0.8558168752805885,0.17624009577040056,2.206329281496657,-0.8305610709908814,-0.8307579943916665,-0.5925527542892433,-1.7933959761141265,0.8163078458858839,0.17054975628359026,2.206329281496657,-0.695292597245458,0.48098797598330467,-0.531773936524872,-1.1656833124837498,-1.11127840071039,0.2320361244303548
1426,74.1,61.49,18.91,6.74,30.66,58.77,192.04,coconut,76,weather update day 76,humidity,increase,0.06,74.1,61.49,18.91,6.74,30.66,62.3,192.04,failure,R6,coconut,8.4,0,1,5,0,3,3,0.27242111268841185,0.7469548124013805,-1.629789803413795,0.1597743593095497,0.9271636315441629,-0.4054995427290803,0.5071794427804838,0.2649622148832392,0.7373549991774524,-1.629789803413795,0.0713956350566705,0.8105506821747995,-0.14197800476287264,0.25202675877933484,0.0026936208718588727,-1.137249830870072
1427,56.19,64.53,20.92,6.7,22.03,22.66,133.03,banana,29,weather update day 29,rainfall,unknown,0.14,56.19,64.53,20.92,6.7,22.03,22.66,133.03,success,R5,banana,-0.2,1,2,4,2,0,0,-0.5102469103846873,0.9454642790556342,-1.5172427393257786,0.11526490176795728,-0.7851234600840772,-2.852779060641208,-0.2938883300935997,-0.4747082159225555,0.9345046488796651,-1.5172427393257786,0.036937736975675955,-0.7022823786936059,-2.5984979944362685,-0.2416244556257788,-1.0880706502607598,-0.7159310753930176
1428,63.92,59.71,79.0,7.17,25.13,48.27,125.51,lentil,121,weather update day 121,soil_moisture,decrease,0.07,63.92,59.71,79.0,7.17,25.13,48.27,125.51,partial,R1,lentil,-0.5,2,0,0,1,8,8,-0.17244546882382403,0.6307222957419818,1.7348634707398913,0.6382510278816674,-0.17004930202526589,-1.1171150214905685,-0.3959732250607766,-0.15546464081765343,0.6219186911281303,1.7348634707398913,0.4418180394273613,-0.15885451210124737,-1.0114274360221494,-0.30453340550421387,1.0470423911052171,-1.0845849864354402
1429,66.32,77.92,51.2,6.52,32.66,72.13,206.39,lentil,90,weather update day 90,temperature,increase,0.0,66.32,77.92,51.2,6.52,32.66,72.13,206.39,success,R6,lentil,3.2,3,1,5,2,8,8,-0.06756533172860171,1.8198201206676272,0.17824238534344478,-0.0850276571692091,1.3239856690014602,0.4999464378664889,0.7019824005968386,-0.05634632513178511,1.8028710335877671,0.17824238534344478,-0.11812280438879988,1.1611493057827724,0.46719433374594355,0.37207242776278476,0.32760212716668147,-1.453238897477863
1430,74.33,58.64,30.38,6.26,28.69,41.44,111.07,blackgram,35,weather update day 35,rainfall,decrease,0.22,74.33,58.64,30.38,6.26,28.69,41.44,86.63,failure,R4,blackgram,1.6,1,0,3,0,1,1,0.2824721258267042,0.5608521874130175,-0.9875436217772037,-0.3743391311895593,0.5362939246487248,-1.580003947199232,-0.5919979435881749,0.2744610534698017,0.5525272025816277,-0.9875436217772037,-0.342099141915264,0.46521103792094587,-1.434687565423494,-0.6297860612586763,-0.9488241475629786,-0.29461231991596326
1431,97.49,64.33,66.14,4.9,35.74,56.62,196.68,sugarcane,59,weather update day 59,soil_moisture,increase,0.38,97.6,64.33,66.14,4.9,35.74,56.62,196.68,success,R1,sugarcane,7.6,2,1,0,2,13,13,1.2945654487956029,0.9324044457231173,1.0147862348334775,-1.8876606876036996,1.9350916066857,-0.5512112836183377,0.570167994994274,1.235495722640703,0.9215342771887299,1.0147862348334775,-1.513667676669077,1.7010711861390526,-0.4939717873396861,0.2908429193426247,-0.39183813677185425,0.5480251910381456
1432,82.28,70.37,40.2,6.66,28.8,78.09,219.26,jute,71,weather update day 71,humidity,unknown,0.0,82.28,70.37,40.2,6.66,28.8,78.09,219.26,success,UNKNOWN,jute,-1.4,0,2,6,2,7,7,0.6298875799546295,1.326811412365122,-0.43768682110838664,0.07075544422636486,0.558119136708876,0.9038729381920579,0.8766941822760363,0.6027904741792418,1.313239502254969,-0.43768682110838664,0.0024798388946814113,0.4844939622193843,0.8365399225061216,0.4797370800148406,-0.11334513137629204,-1.453238897477863
1433,80.66,37.92,44.13,7.73,30.97,78.53,120.01,chickpea,6,weather update day 6,temperature,increase,0.2,80.66,37.92,44.13,7.73,37.17,78.53,120.01,success,UNKNOWN,chickpea,3.5,3,1,6,2,2,2,0.5590934874153539,-0.7921465458357125,-0.21763211371241417,1.2613834334639613,0.9886710473500439,0.9336930153973011,-0.4706363796245363,0.5358856110912802,-0.791203304599244,-0.21763211371241417,0.924228612561285,1.9517492020187537,0.8638070465085507,-0.3505439406546651,-1.621848910602254,-0.39994200878522684
1434,0.0,63.3,36.29,6.5,26.28,57.32,221.98,mungbean,75,weather update day 75,temperature,decrease,0.3,-16.79,63.3,36.29,6.5,26.2,57.32,221.98,unknown,UNKNOWN,mungbean,-0.7,3,0,6,3,11,11,-2.965753120126588,0.8651463040606563,-0.6566216572199015,-0.10728238594000482,0.058123369512680816,-0.5037702517009051,0.9136185059875684,-3.4887309987370116,0.8547368629804143,-0.6566216572199015,-0.13535175342929678,0.0287157515290185,-0.4505922718812758,0.5024913810347,-0.020514129577771312,0.12670643556109107
1435,48.07,62.57,70.4,6.61,27.81,70.08,24.85,wheat,83,weather update day 83,humidity,decrease,0.5,48.07,62.57,70.4,6.61,27.81,69.72,24.85,failure,R6,wheat,-0.6,0,0,5,0,15,15,-0.8650913742235239,0.8174779123969705,1.2533188184230053,0.015118622299374584,0.36169222816751323,0.3610119872511509,-1.7624447047676952,-0.8100585173264111,0.8073950063085016,1.2533188184230053,-0.04059253370656158,0.31094764353343707,0.3178448590962747,-1.1466098542759264,0.16514787401927017,1.1800033242537271
1436,52.58,39.62,49.58,8.51,26.86,26.47,111.45,rice,129,weather update day 129,humidity,increase,0.08,52.58,39.62,49.58,8.51,26.86,28.59,111.45,failure,R3,rice,2.1,0,1,2,0,12,12,-0.6680041165987514,-0.6811379625093209,0.08753281130235661,2.129317855525012,0.17320176037529686,-2.5945643012048967,-0.5868393983637696,-0.623798682433383,-0.6809551452262964,0.08753281130235661,1.5961576251406775,0.14441329731964977,-2.231011527767165,-0.42215306445245826,1.2327043947022587,-1.0319201420008084
1437,74.51,73.69,24.66,5.97,22.17,63.58,141.87,jute,77,weather update day 77,unknown,unknown,0.55,74.51,73.69,24.66,5.97,22.17,63.58,141.87,failure,R1,jute,2.3,4,2,0,0,7,7,0.29033813610884623,1.5436046456848989,-1.3078268091321559,-0.6970326983661042,-0.7573459174620663,-0.07951188055357983,-0.17388427803112047,0.28189492714624215,1.5285476723244904,-1.3078268091321559,-0.5919189030024743,-0.6777404750410477,-0.06265546221035123,-0.1676729773112354,0.025901371321489057,1.4433275464268864
1438,86.98,30.88,60.22,6.54,33.99,66.91999999999999,318.96,mango,105,weather update day 105,temperature,decrease,0.0,86.98,30.88,60.22,6.54,33.99,52.17,318.96,failure,R5,mango,-7.2,3,0,4,0,10,10,0.835277848432774,-1.2518526791403006,0.6833043346339462,-0.06277292839841239,1.5878723239105643,0.14684961459531184,2.2301335477318256,0.7968971757307347,-1.2477603881201582,0.6833043346339462,-0.10089385534830222,1.3942973904820757,-0.7697415641824359,1.3137825990148377,0.6757183839111341,-1.453238897477863
1439,67.65,36.91,44.05,6.24,25.66,50.26,197.04,jute,45,weather update day 45,humidity,decrease,0.18,67.65,36.91,44.05,6.24,25.66,41.22,197.04,success,R6,jute,1.1,0,0,5,2,7,7,-0.009444255754998597,-0.8580987041649223,-0.22211159885024598,-0.39659385996035507,-0.06489146209908173,-0.982246945039582,0.5750550378384471,-0.0014182585225323866,-0.8567036816384664,-0.22211159885024598,-0.35932809095576096,-0.0659458768451342,-1.4483211274247085,0.29385451800701773,-0.7167466430666768,-0.5052716976544905
1440,99.48,69.97,62.3,6.16,28.7,79.68,76.61,coconut,127,weather update day 127,humidity,decrease,0.31,99.48,69.97,62.3,6.16,28.7,79.43,76.61,failure,R2,coconut,5.1,0,0,1,0,3,3,1.3815285624703921,1.3006917457000884,0.7997709482175652,-0.4856127750435399,0.5382780348360109,1.0116318535473692,-1.0597965447276585,1.3131384032613005,1.2872987588730986,0.7997709482175652,-0.42824388711775,0.46696403103898537,0.9195807092407926,-0.7136088907509528,1.1862888938029983,0.17937127999572294
1441,65.58,50.4,51.75,4.87,24.76,54.77,89.9,groundnut,103,weather update day 103,temperature,decrease,0.3,65.58,50.4,51.75,4.87,17.33,54.77,89.9,unknown,R4,groundnut,-3.1,3,0,3,3,6,6,-0.09990337399962848,0.022787054113329257,0.20903884566603617,-1.9210427807598942,-0.2434613789548655,-0.6765911536858377,-0.8793832130635917,-0.0869078058015944,0.018147888915103244,0.20903884566603617,-1.5395111002298232,-1.526189144172344,-0.6086176496226268,-0.6024307067237715,0.6293028830118739,0.12670643556109107
1442,74.58,22.13,58.86,6.74,29.19,80.87,172.06,rice,109,weather update day 109,temperature,decrease,0.0,74.58,22.13,58.86,6.74,29.19,80.87,172.06,failure,R1,rice,0.4,3,0,0,0,12,12,0.2933971401074566,-1.8232203874379063,0.6071530872908109,0.1597743593095497,0.6354994340130492,1.0922816078070043,0.23594856492886232,0.28478587802041305,-1.815214149598567,0.6071530872908109,0.0713956350566705,0.5528606938229392,1.008818569612379,0.08488303290551401,0.7685493857096549,-1.453238897477863
1443,71.07,64.57,63.6,5.88,25.85,76.91,212.14,groundnut,136,weather update day 136,humidity,increase,0.32,71.07,64.57,63.6,5.88,25.85,77.16,212.14,failure,R5,groundnut,-2.0,0,1,4,0,6,6,0.1400099396056932,0.9480762457221371,0.8725625817073274,-0.7971789778346868,-0.027193368540638176,0.823900912959814,0.7800393349134964,0.13982534132982993,0.9370987232178516,0.8725625817073274,-0.6694491736847118,-0.03263900760237649,0.7789071376828048,0.4201743508746201,1.3951586478496698,0.2320361244303548
1444,88.1,46.61,73.86,5.94,20.73,63.99,145.04,cotton,107,weather update day 107,temperature,unknown,0.0,88.1,46.61,73.86,5.94,20.73,63.99,145.04,failure,R3,cotton,2.3,3,2,2,0,5,5,0.8842219124105442,-0.22469678753786215,1.4470565506342172,-0.7304147915222977,-1.043057784431321,-0.05172499043051195,-0.13085115076437184,0.843152389717473,-0.22764065462811603,1.4470565506342172,-0.6177623265632196,-0.9301714840387888,-0.037247460298996504,-0.14115417796088453,0.7221338848103945,-1.453238897477863
1445,67.54,48.87,28.18,6.89,29.74,60.64,273.31,mango,61,weather update day 61,humidity,unknown,0.55,67.54,48.87,28.18,6.89,29.74,60.64,273.31,success,R1,mango,-1.0,0,2,0,2,10,10,-0.014251262038529612,-0.07712067088042357,-1.11072946306757,0.32668482509052055,0.7446254943138056,-0.27876421460679635,1.6104293648526204,-0.005961181324801343,-0.08107545452055001,-1.11072946306757,0.20061275286039948,0.6492753153151315,-0.24484942713567356,0.931895157266093,-0.34542263587259386,1.4433275464268864
1446,68.43,44.82,73.15,8.97,28.24,65.156,140.73,watermelon,146,weather update day 146,humidity,increase,0.32,68.43,44.82,73.15,8.97,28.24,65.41,140.73,success,R2,watermelon,1.3,0,1,1,2,14,14,0.024641788800948826,-0.34158229586388655,1.407301120035963,2.6411766172533255,0.4470089662208322,0.027298214163383093,-0.1893599137043363,0.030795194075374975,-0.3437254812619847,1.407301120035963,1.992423453072115,0.3863263476091513,0.050750985345206535,-0.17720970641514722,1.6272361523459717,0.2320361244303548
1447,84.2,51.39,59.34,7.91,27.15,52.87,213.45,cotton,17,weather update day 17,rainfall,unknown,0.52,84.2,51.39,59.34,7.91,27.15,52.87,213.45,failure,R3,cotton,0.2,1,2,2,0,5,5,0.7137916896308077,0.08743322910928705,0.6340299981178,1.4616759924011267,0.2307409558066049,-0.8053596688902978,0.7978227408186829,0.6820851267279368,0.0823512287852319,0.6340299981178,1.07928915392576,0.1952500977428058,-0.726362048724026,0.43113322379227303,-1.3665636556563219,1.285333013122991
1448,68.1,50.52,38.13,6.53,23.07,80.08,48.03,mungbean,68,weather update day 68,humidity,increase,0.5,68.1,50.52,38.13,6.53,23.07,120.13,48.03,success,R1,mungbean,1.4,0,1,0,2,11,11,0.01022076995035516,0.030622954112839575,-0.5535934990497767,-0.07390029278381026,-0.5787760006062824,1.0387410146430445,-1.447773446078977,0.017166425668567516,0.025930111929664573,-0.5535934990497767,-0.10950832986855068,-0.5199710944174598,3.441789679465494,-0.9526963624963883,-0.1829683827251826,1.1800033242537271
1449,0.0,51.58200000000001,67.56,6.86,35.54,50.34,263.26,sugarcane,128,weather update day 128,soil_moisture,decrease,0.0,-16.46,73.62,67.56,6.86,35.54,50.34,263.26,failure,R6,sugarcane,-2.9,2,0,5,0,13,13,-2.965753120126588,0.09997066910850355,1.0942970960299867,0.29330273193432693,1.8954094029399695,-0.9768251128204465,1.473999418786114,-3.4751022303302044,1.5240080422326636,1.0942970960299867,0.17476932929965414,1.6660113237782548,-0.8831480117379936,0.8478213612184502,1.2094966442526285,-1.453238897477863
1450,82.72,38.21,51.57,7.27,21.94,61.19200000000001,129.3,maize,59,weather update day 59,temperature,decrease,0.54,82.72,38.21,51.57,7.27,10.09,48.82,129.3,partial,R4,maize,-1.6,3,0,3,1,9,9,0.6491156050887535,-0.7732097875035634,0.1989600041059153,0.749524671735648,-0.8029804517696556,-0.2413535722947634,-0.3445235240068403,0.6209621653883176,-0.7723962656473883,0.1989600041059153,0.5279627846298472,-2.795356161633208,-0.977343531019113,-0.27282796400963016,-0.39183813677185425,1.3906627019922546
1451,112.14,36.67,59.4,6.44,27.86,57.36,219.68,maize,78,weather update day 78,temperature,increase,0.0,112.14,36.67,59.4,6.44,27.86,57.36,219.68,success,R6,maize,1.3,3,1,5,2,9,9,1.9347712856476917,-0.873770504163942,0.6373896119711734,-0.17404657225239295,0.3716127791039458,-0.5010593355913375,0.8823957322609055,1.8359875185042576,-0.8722681276675882,0.6373896119711734,-0.18703860055078822,0.3197126091236365,-0.4481134424265096,0.4832506117899661,0.04910912177111924,-1.453238897477863
1452,79.18,69.68,24.19,8.36,24.58,38.59,281.75,lentil,136,weather update day 136,humidity,increase,0.46,79.18,69.68,24.19,8.36,24.58,56.35,281.75,failure,R1,lentil,-3.9,0,1,0,0,8,8,0.49441740287330044,1.2817549873679397,-1.334143784316916,1.9624073897440402,-0.27917536232602297,-1.7731567200059213,1.7250033693104627,0.47476264975166166,1.2684917199212433,-1.334143784316916,1.4669405073369477,-0.2552691335934402,-0.5107038861593584,1.0025004148424217,1.3951586478496698,0.9693439465152001
1453,66.8,22.86,29.56,6.39,17.56,56.19,120.01,mungbean,15,weather update day 15,rainfall,unknown,0.06,66.8,22.86,29.56,6.39,17.56,56.19,120.01,failure,R2,mungbean,-2.3,1,2,1,0,11,11,-0.046589304309557,-1.7755519957742203,-1.0334583444399765,-0.22968339417938421,-1.6720207138011385,-0.5803536317961892,-0.4706363796245363,-0.03652266199461122,-1.767872292926654,-1.0334583444399765,-0.23011097315203197,-1.4858703024574271,-0.5206192039784238,-0.3505439406546651,-1.4129791565555823,-1.137249830870072
1454,88.35,20.68,22.76,6.5,31.55,63.96,74.54,rice,104,weather update day 104,rainfall,increase,0.59,88.35,20.68,22.76,6.5,31.55,63.96,118.52,failure,UNKNOWN,rice,-0.3,1,1,6,0,12,12,0.8951469266912966,-1.9179041790986522,-1.414214581155654,-0.10728238594000482,1.1037494382126607,-0.05375817751268771,-1.087897041081655,0.8534772142680843,-1.909249344357846,-1.414214581155654,-0.13535175342929678,0.9665670696803479,-0.03910658239007129,-0.36300861290451464,0.6525106334615041,1.6539869241654133
1455,71.81,61.29,37.02,7.36,25.29,103.88,53.15,jute,19,weather update day 19,humidity,decrease,0.0,71.81,61.29,37.02,7.36,25.29,103.88,53.15,success,R2,jute,7.3,0,0,1,2,7,7,0.17234798187672057,0.7338949790688636,-0.6157463553371888,0.8496709512042318,-0.13830353902868203,2.651736099835751,-1.3782688367396225,0.1703868219996398,0.7243846274865171,-0.6157463553371888,0.6054930553120855,-0.13080662221260947,2.434765213466688,-0.9098647370472409,-1.3201481547570615,-1.453238897477863
1456,70.24,63.96,38.58,7.26,24.8,77.81,133.74,watermelon,128,weather update day 128,soil_moisture,increase,0.32,70.31,63.96,38.58,7.26,24.8,77.81,133.74,failure,R6,watermelon,-1.8,2,1,5,0,14,14,0.10373889219359542,0.9082437540579616,-0.5283963951494748,0.7383973073502501,-0.2355249382057197,0.8848965254250848,-0.28424999559536884,0.1084378746959719,0.8975390895605002,-0.5283963951494748,0.5193483101095988,-0.2167032849965627,0.8191881163227575,-0.23568491381544776,1.2094966442526285,0.2320361244303548
1457,55.69,66.82,36.1,6.09,23.72,65.846,177.37,mango,3,weather update day 3,soil_moisture,decrease,0.23,55.65,66.82,36.1,6.09,23.72,70.08,177.37,failure,R1,mango,-9.1,2,0,0,0,10,10,-0.532096938946192,1.09499937071295,-0.6672604344222511,-0.5635043257413268,-0.4498088384326609,0.07406151705342359,0.3080324468804195,-0.49700983695187595,1.083015404740871,-0.6672604344222511,-0.48854520875949065,-0.40602654174486874,0.34015432418917124,0.12930411320531326,-1.6914721619511446,-0.24194747548133141
1458,70.03,39.9,74.0,5.35,22.66,78.39,255.99,groundnut,96,weather update day 96,soil_moisture,unknown,0.4,70.03,39.9,74.0,5.35,22.66,78.39,255.99,failure,UNKNOWN,groundnut,1.4,2,2,6,0,6,6,0.0945618801977637,-0.6628541958437975,1.4548956496254224,-1.3869292902607862,-0.6601245182850285,0.9242048090138145,1.3753083035718354,0.09687407119928718,-0.6627966248589873,1.4548956496254224,-1.1260163232578895,-0.5918438122570945,0.8551311434168686,0.7870037993013994,0.4668486298644625,0.6533548799074093
1459,36.64,40.13,61.68,7.11,23.67,61.53,148.05,blackgram,122,weather update day 122,temperature,decrease,0.57,36.64,40.13,61.68,7.11,10.18,61.53,148.05,unknown,R1,blackgram,-4.7,3,0,0,3,1,1,-1.3645830271395218,-0.647835387511403,0.7650549383993712,0.5714868415692793,-0.4597293893690928,-0.2184463311689178,-0.08999004253947765,-1.2821094957803605,-0.6478806974144117,0.7650549383993712,0.39013119230586984,-2.779579223570849,-0.18969547176712354,-0.11597386690581926,1.0702501415548473,1.5486572352961496
1460,50.69,40.74,32.18,5.54,22.17,64.32,143.99,groundnut,69,weather update day 69,temperature,increase,0.33,50.69,40.74,32.18,5.54,29.48,64.32,143.99,success,UNKNOWN,groundnut,1.5,3,1,6,2,6,6,-0.7505972245612392,-0.6080028958472271,-0.8867552061759948,-1.175509366938222,-0.7573459174620663,-0.029359932526580063,-0.14510502572654393,-0.7018543560360045,-0.6083210637570597,-0.8867552061759948,-0.9623413073731651,0.6036974942460952,-0.01679711729717514,-0.1499380073986978,-0.1597606322755524,0.28470096886498664
1461,78.6,57.63,55.61,4.89,26.59,48.26,160.27,rice,6,weather update day 6,soil_moisture,decrease,0.23,73.18,57.63,55.61,4.89,26.59,48.26,160.27,failure,R5,rice,-3.4,2,0,4,0,12,12,0.4690713697419544,0.4949000290838082,0.42517400356640606,-1.8987880519890985,0.11963078531856174,-1.1177927505179606,0.07589791178218482,0.22696686053699003,0.4870268255424058,0.42517400356640606,-1.5222821511893263,0.09708248313257344,-1.0120471433858411,-0.013746823353362232,-1.621848910602254,-0.24194747548133141
1462,121.44,16.26,58.96,6.05,23.07,55.7,95.47,cotton,50,weather update day 50,unknown,unknown,0.17,121.44,16.26,58.96,6.05,23.07,55.7,95.47,failure,R6,cotton,5.1,4,2,5,0,5,5,2.3411818168916794,-2.206526495747271,0.6127524437131002,-0.6080137832829193,-0.5787760006062824,-0.6135623541383916,-0.8037698001690206,2.2200709917869985,-2.1958945587275105,0.6127524437131002,-0.5230031068404852,-0.5199710944174598,-0.5509848647993105,-0.5558345829441329,-0.6007078908185259,-0.5579365420891222
1463,71.58,43.08,57.37,5.85,23.33,55.19,201.84,cotton,24,weather update day 24,humidity,unknown,0.13,71.58,43.08,57.37,5.85,23.33,55.19,201.84,success,R5,cotton,-0.0,0,2,4,2,5,5,0.16229696873842822,-0.45520284585678195,0.523722676598699,-0.8305610709908814,-0.5271891357368341,-0.6481265345353785,0.6402156090940921,0.16088798341307722,-0.4565677149731198,0.523722676598699,-0.695292597245458,-0.4743932733484236,-0.582589940347581,0.33400916686559345,-1.2041094025089107,-0.7685959198276494
1464,47.75,32.48,70.94,5.59,28.55,55.76,247.02,sugarcane,110,weather update day 110,unknown,increase,0.38,47.75,32.48,70.94,5.59,28.55,55.76,247.02,success,R2,sugarcane,-2.3,4,1,1,2,13,13,-0.8790753925028869,-1.1473740124801672,1.2835553431033673,-1.1198725450112317,0.5085163820267138,-0.6094959799740406,1.2535394860378493,-0.8232742927511936,-1.143997414592678,1.2835553431033673,-0.9192689347719221,0.4406691342683876,-0.5472666206171614,0.7119647992469362,0.7917571361592851,0.5480251910381456
1465,54.99,49.33,46.66,6.37,26.2,76.35,109.56,cotton,116,weather update day 116,temperature,increase,0.42,54.99,49.33,46.66,6.37,37.21,76.35,109.56,success,R1,cotton,-1.3,3,1,0,2,5,5,-0.5626869789322985,-0.047083054215635106,-0.07596839622849327,-0.2519381229501799,0.042250488014388535,0.7859480874258679,-0.6124963732956797,-0.5242673737654897,-0.05124359963139933,-0.07596839622849327,-0.24733992219252884,1.9587611744909128,0.7287108412237874,-0.43796395744052236,0.9310036388570662,0.7586845687766727
1466,74.65,49.27,26.06,5.32,18.53,75.89,100.78,sugarcane,23,weather update day 23,humidity,increase,0.38,74.65,49.27,26.06,5.32,18.53,104.73,100.78,unknown,R3,sugarcane,1.4,0,1,2,3,13,13,0.2964561441060676,-0.0510010042153898,-1.2294358192201047,-1.4203113834169796,-1.4795620256343485,0.7547725521658412,-0.7316859182174634,0.2876768288945845,-0.05513471113867953,-1.2294358192201047,-1.1518597468186347,-1.3158299700075595,2.487440339380472,-0.5114135026443336,-1.227317152958541,0.5480251910381456
1467,38.57,36.01,6.86,5.87,29.83,58.79,177.65,wheat,62,weather update day 62,soil_moisture,decrease,0.0,38.57,36.01,6.86,5.87,29.83,58.79,177.65,success,R1,wheat,-4.6,2,0,0,2,15,15,-1.2802419168921138,-0.9168679541612473,-2.304512252299665,-0.8083063422200847,0.762482485999384,-0.40414408467429674,0.3118334802036654,-1.2024018502496412,-0.9150703542476741,-2.304512252299665,-0.6780636482049603,0.6650522533774902,-0.3594952894186147,0.13164646772206354,-0.32221488542296367,-1.453238897477863
1468,61.68,48.44,57.27,7.46,26.48,42.5,187.89,maize,123,weather update day 123,rainfall,unknown,0.46,61.68,48.44,57.27,7.46,26.48,42.5,187.89,success,R2,maize,7.4,1,2,1,2,9,9,-0.2703335967793653,-0.10519931254533445,0.5181233201764099,0.9609445950582123,0.09780557325841047,-1.5081646702956912,0.4508426988823741,-0.2479750687911309,-0.10896175365606037,0.5181233201764099,0.6916378005145716,0.07779955883413499,-1.368998584872187,0.21730971862035797,1.0934578920044775,0.9693439465152001
1469,36.56,37.91,29.09,5.62,27.71,73.84,213.91,wheat,58,weather update day 58,temperature,increase,0.55,36.56,37.91,29.09,5.62,27.87,73.84,213.91,unknown,R2,wheat,1.9,3,1,1,3,15,15,-1.3680790317093625,-0.7927995375023388,-1.0597753196247366,-1.0864904518550371,0.34185112629464875,0.6158381015505032,0.8040672955640157,-1.285413439636556,-0.7918518231837912,-1.0597753196247366,-0.893425511211176,0.3214656022416767,0.5731642929372031,0.4349813776412199,-0.41504588722148444,1.4433275464268864
1470,45.25,59.83,55.05,5.66,27.44,72.95,211.47,rice,17,weather update day 17,temperature,increase,0.44,45.25,59.83,55.05,5.66,27.56,72.95,211.47,partial,R4,rice,-5.3,3,1,3,1,12,12,-0.9883255353104106,0.6385581957414916,0.39381760760158546,-1.0419809943134446,0.2882801512379136,0.5555202181126246,0.7709440051757296,-0.9265225382573068,0.6297009141426911,0.39381760760158546,-0.8589676131301814,0.2671228155824404,0.518010337568653,0.4145694311381107,-1.3665636556563219,0.8640142576459364
1471,65.09,56.8,38.1,9.5,30.57,70.69,164.24,lentil,39,weather update day 39,soil_moisture,increase,0.1,65.09,56.8,38.1,13.44,30.57,70.69,164.24,success,R1,lentil,-0.8,2,1,0,2,8,8,-0.12131640198990289,0.44070172075386355,-0.5552733059764636,3.2309269296794234,0.9093066398585846,0.4023534579220564,0.1297911342582077,-0.10714446192079238,0.43319978302502493,-0.5552733059764636,5.843093563623251,0.7947737441124407,0.37795647337435717,0.01946441747341799,-0.855993145764458,-0.9265904531315449
1472,53.58,58.06,43.46,6.2,23.67,30.12,91.99,watermelon,121,weather update day 121,temperature,unknown,0.4,53.58,58.06,43.46,6.2,23.67,30.12,91.99,unknown,R1,watermelon,3.5,3,2,0,3,14,14,-0.6243040594757419,0.5229786707487191,-0.2551478017417531,-0.4411033175019475,-0.4597293893690928,-2.347193206206855,-0.8510112143293631,-0.5824993842309377,0.5149131246779162,-0.2551478017417531,-0.3937859890367555,-0.41479150733506753,-2.136196301122354,-0.5849467033666002,1.0470423911052171,0.6533548799074093
1473,63.41,41.32,36.03,7.47,23.14,79.86,136.18,mungbean,47,weather update day 47,temperature,decrease,0.31,63.41,41.32,36.03,7.47,23.06,79.86,136.18,success,R6,mungbean,-3.6,3,0,5,2,11,11,-0.19473249795655906,-0.5701293791829288,-0.6711799839178537,0.9720719594436101,-0.564887229295277,1.0238309760404227,-0.25112670520708275,-0.17652728290090072,-0.5707069858533482,-0.6711799839178537,0.70025227503482,-0.5217240875355,0.9462281258795298,-0.21527296731233853,-0.6703311421674164,0.17937127999572294
1474,57.51,47.23,37.11,4.74,30.49,84.12,189.09,mango,49,weather update day 49,rainfall,unknown,0.0,57.51,47.23,37.11,4.74,30.49,84.12,189.09,failure,R6,mango,-3.4,1,2,5,0,10,10,-0.45256283498231475,-0.18421130420706053,-0.6107069345571285,-2.0656985177700693,0.8934337583602923,1.3125435417093698,0.46713284169628555,-0.4201931422953278,-0.1874325023862175,-0.6107069345571285,-1.6514992689930552,0.7807497991681215,1.2102234628121402,0.227348380835002,-0.6239156412681561,-1.453238897477863
1475,90.08,19.78,62.91,5.63,26.96,82.17,6.65,rice,59,weather update day 59,temperature,increase,0.0,90.08,19.78,62.91,5.63,26.96,82.17,6.65,success,R2,rice,2.4,3,1,1,2,12,12,0.9707480255141031,-1.9766734290949772,0.8339270223935304,-1.0753630874696392,0.19304286224816203,1.1803863813679503,-2.009511870778682,0.9249250001583148,-1.9676160169670538,0.8339270223935304,-0.8848110366909275,0.16194322850004872,1.0893805268922834,-1.2988628978646921,-0.39183813677185425,-1.453238897477863
1476,44.11,48.74,53.75,6.66,32.51,103.96,190.28,lentil,21,weather update day 21,rainfall,unknown,0.0,44.11,48.74,53.75,6.66,32.51,103.96,190.28,success,R4,lentil,3.5,1,2,3,2,8,8,-1.0381436004306415,-0.08560956254655913,0.3210259741118237,0.07075544422636486,1.294224016192163,2.6571579320548855,0.48328723332008083,-0.9736037382080944,-0.0895061961196575,0.3210259741118237,0.0024798388946814113,1.1348544090121746,2.4397228723762203,0.2373033875311905,-1.2737326538578013,-1.453238897477863
1477,59.5,33.54,42.78,4.25,30.53,49.42,112.94,mango,112,weather update day 112,rainfall,increase,0.05,59.5,33.54,42.78,4.25,30.53,49.42,118.59,partial,R3,mango,2.0,1,1,2,1,10,10,-0.3655997213075259,-1.0781568958178285,-0.2932234254133208,-2.610939372654576,0.9013701991094388,-1.0391761833405007,-0.5666124710364966,-0.3380075388724616,-1.075254444630722,-0.2932234254133208,-2.073608520485238,0.7877617716402815,-0.9401610891976184,-0.362423024275327,0.8381726370585455,-1.1899146753047039
1478,35.19,44.01,55.6,5.84,28.93,60.96,219.6,coconut,43,weather update day 43,soil_moisture,unknown,0.07,35.19,44.01,55.6,5.84,28.93,60.96,219.6,unknown,R1,coconut,4.1,2,2,0,3,3,3,-1.4279481099678857,-0.39447462086057933,0.4246140679241773,-0.8416884353762792,0.5839125691436002,-0.2570768857302557,0.8813097227399779,-1.3419934781739062,-0.3962554866102718,0.4246140679241773,-0.7039070717657064,0.5072828727539024,-0.2250187914975432,0.48258136764232307,-0.7631621439659372,-1.0845849864354402
1479,0.0,48.92,31.72,7.13,30.07,36.46,100.3,coconut,68,weather update day 68,rainfall,decrease,0.51,-3.69,48.92,31.72,7.13,30.07,36.46,99.79,partial,R3,coconut,-4.4,1,0,2,1,3,3,-2.965753120126588,-0.07385571254729412,-0.912512245718526,0.593741570340075,0.8101011304942601,-1.9175130028403948,-0.738201975343028,-2.9477101922849784,-0.07783286159781597,-0.912512245718526,0.4073601413463667,0.7071240882104474,-1.7433018325418972,-0.5196953989714148,-0.1829683827251826,1.232668168688359
1480,67.6,61.11,48.61,5.67,19.83,42.66,237.33,wheat,105,weather update day 105,soil_moisture,unknown,0.46,67.6,61.11,48.61,5.67,19.83,42.66,237.33,failure,R6,wheat,2.4,2,2,5,0,15,15,-0.011629258611149567,0.7221411290695986,0.033219054006149724,-1.0308536299280469,-1.2216277012871053,-1.4973210058574211,1.1219965828155163,-0.0034832234326551198,0.7127112929646756,0.033219054006149724,-0.850353138609933,-1.0879408646623774,-1.359083267053122,0.6309026018636869,0.6757183839111341,0.9693439465152001
1481,75.28,44.59,56.52,7.57,25.86,60.99,173.29,rice,82,weather update day 82,soil_moisture,decrease,0.0,75.28,44.59,56.52,7.57,25.86,60.99,173.29,success,R4,rice,0.1,2,0,3,2,12,12,0.3239871800935633,-0.35660110419628055,0.4761281470092396,1.0833456032975917,-0.02520925835335208,-0.25504369864807996,0.25264596131312117,0.3136953867621249,-0.3586414087065598,0.4761281470092396,0.7863970202373067,-0.03088601448433697,-0.22315966940646842,0.09517266167552392,0.14194012356963998,-1.453238897477863
1482,82.38,44.37,36.19,7.52,23.51,69.41,159.8,maize,74,weather update day 74,rainfall,decrease,0.54,82.38,44.37,36.19,7.52,23.51,69.41,158.94,success,R3,maize,4.4,1,0,2,2,9,9,0.6342575856669301,-0.3709669208620493,-0.6622210136421909,1.0277087813706003,-0.4914751523656767,0.31560414241589396,0.06951760584673627,0.6069204039994861,-0.3729088175665888,-0.6622210136421909,0.743324647636063,-0.44283939722370547,0.29863393082183576,-0.024873007307925993,-0.043721880027401495,1.3906627019922546
1483,91.55,49.73,41.98,6.95,27.36,80.46,227.49,banana,64,weather update day 64,humidity,increase,0.12,91.55,49.73,41.98,6.95,27.36,90.11,227.49,success,R3,banana,0.9,0,1,2,2,0,0,1.034987109484927,-0.020963387550601797,-0.3380182767916361,0.39344901140290967,0.2724072697396213,1.064494717683936,0.9884174117414443,0.9856349685159093,-0.025302856249529306,-0.3380182767916361,0.25229959998189166,0.23206295322164316,1.5814281736633922,0.5485855717036068,-0.27579938452370334,-0.8212607642622813
1484,78.26,43.66,35.75,6.28,24.83,86.96,68.1,chickpea,19,weather update day 19,rainfall,increase,0.37,78.26,43.66,35.75,6.28,24.83,86.96,68.35,failure,UNKNOWN,chickpea,-0.1,1,1,6,0,2,2,0.45421335032013166,-0.41732932919248367,-0.686858181900264,-0.3520844024187626,-0.2295726076438607,1.5050185854886668,-1.1753208075163122,0.4367672954054119,-0.4189536370694083,-0.686858181900264,-0.3248701928747664,-0.21144430564244351,1.3862203541005462,-0.782708348995085,-1.3201481547570615,0.49536034660351375
1485,67.63,64.73,54.99,6.37,26.99,68.01,238.57,groundnut,23,weather update day 23,rainfall,unknown,0.28,67.63,64.73,54.99,6.37,26.99,68.01,238.57,success,R3,groundnut,0.2,1,2,2,2,6,6,-0.010318256897459233,0.9585241123881512,0.3904579937482121,-0.2519381229501799,0.198995192810021,0.22072207858102944,1.1388297303898909,-0.0022442444865817144,0.9474750205706004,0.3904579937482121,-0.24733992219252884,0.1672022078541679,0.21187489990501607,0.641275886152152,-1.227317152958541,0.021376746691827677
1486,63.97,51.22,23.91,7.19,15.92,55.17,175.11,groundnut,98,weather update day 98,rainfall,decrease,0.51,63.97,51.22,23.91,7.19,15.92,55.17,85.8,unknown,R4,groundnut,-1.6,1,0,3,3,6,6,-0.17026046596767366,0.07633237077664774,-1.3498219822993263,0.6605057566524641,-1.9974147845161225,-0.649481992590162,0.27735267791422014,-0.15339967590753129,0.07132641284793699,-1.3498219822993263,0.45904698846785896,-1.7733611738159651,-0.5838293550749639,-0.6367294692904716,0.5132641307637229,1.232668168688359
1487,57.92,33.48,11.38,6.21,22.11,82.42,132.75,cotton,5,weather update day 5,temperature,increase,0.36,57.92,33.48,11.38,6.21,30.07,82.42,132.75,failure,R4,cotton,-0.7,3,1,3,0,5,5,-0.43464581156188076,-1.0820748458175837,-2.0514213420121847,-0.4299759531165496,-0.7692505785857856,1.1973296070527477,-0.2976893634168457,-0.40326043003232503,-1.0791455561380026,-2.0514213420121847,-0.38517151451650705,0.7071240882104474,1.1048732109845727,-0.24396681014252905,-1.6450566610518842,0.44269550216888187
1488,73.41,44.61,37.42,5.39,30.8,62.93,84.89,maize,93,weather update day 93,rainfall,increase,0.34,73.41,44.61,37.42,5.39,30.8,62.93,113.75,unknown,R3,maize,-1.4,1,1,2,3,9,9,0.24226807327353544,-0.3552951208630291,-0.5933489296480313,-1.3424198327191936,0.954941174166174,-0.1235642673340528,-0.947394559311671,0.236465699123552,-0.35734437153746657,-0.5933489296480313,-1.0915584251768948,0.8350925858273578,-0.10293644085030339,-0.40291229520772415,0.397225378515572,0.33736581329961846
1489,57.27,52.61,89.54,5.91,24.41,64.22,108.76,banana,80,weather update day 80,temperature,decrease,0.26,57.27,52.61,89.54,5.91,24.35,64.22,108.76,failure,R1,banana,3.3,3,0,0,0,0,0,-0.4630508486918368,0.16709821243763884,2.325035637649192,-0.7637968846784923,-0.3129052355098929,-0.03613722280049861,-0.6233564685049539,-0.43010497386391444,0.16147049609993566,2.325035637649192,-0.6436057501239657,-0.2955879753083566,-0.022994190934090514,-0.44465639891695163,0.0955246226703796,-0.08395294217743601
1490,30.81,37.27,63.4,7.53,28.35,77.68,260.41,lentil,119,weather update day 119,soil_moisture,increase,0.35,30.84,60.99,63.4,7.53,28.35,77.68,260.41,failure,UNKNOWN,lentil,-2.2,2,1,6,0,8,8,-1.619354360166667,-0.8345910041663918,0.8613638688627484,1.0388361457559991,0.46883417828098417,0.8760860480689905,1.4353103296030754,-1.521645425354543,0.7049290699501147,0.8613638688627484,0.7519391221563122,0.4056092719075904,0.8111319205947674,0.8239795384586712,1.0006268902059567,0.39003065773425005
1491,65.06,42.97,17.88,5.97,19.84,49.95,157.2,lentil,17,weather update day 17,humidity,decrease,0.41,65.06,42.97,17.88,5.97,19.84,49.75,157.2,partial,R3,lentil,-1.2,0,0,2,1,8,8,-0.12262740370359322,-0.4623857541896661,-1.6874631745633757,-0.6970326983661042,-1.2196435910998187,-1.0032565448887303,0.03422229641659501,-0.10838344086686579,-0.4637014194031341,-1.6874631745633757,-0.5919189030024743,-1.0861878715443372,-0.9197107461957966,-0.03942906751915972,-1.3665636556563219,0.7060197243420409
1492,96.92,61.99,32.9,6.83,34.26,93.11,131.14,groundnut,28,weather update day 28,soil_moisture,increase,0.34,97.02,61.99,32.9,6.83,34.26,93.11,131.14,failure,R1,groundnut,2.9,2,1,0,0,6,6,1.269656416235488,0.7796043957326723,-0.8464398399355114,0.2599206387781324,1.6414432989672987,1.9218219373346817,-0.3195453050255101,1.211542129683285,0.76978092840479,-0.8464398399355114,0.14892590573890804,1.4416282046691515,1.767340382770864,-0.2574353486138431,-1.11127840071039,0.33736581329961846
1493,53.84,57.21,36.11,6.69,25.49,44.99,93.99,wheat,54,weather update day 54,unknown,unknown,0.14,53.84,57.21,36.11,6.69,25.49,44.99,93.99,failure,R6,wheat,1.2,4,2,5,0,15,15,-0.6129420446237592,0.46747437908552303,-0.6667004987800224,0.10413753738255942,-0.09862133528295239,-1.3394101424751095,-0.8238609763061778,-0.5717615666983017,0.4597890449914421,-0.6667004987800224,0.028323262455427514,-0.09574675985181225,-1.2146914513129854,-0.568215599675527,-0.5078768890200052,-0.7159310753930176
1494,81.17,47.65,54.17,7.49,22.1,55.22,131.46,cotton,16,weather update day 16,rainfall,increase,0.16,81.17,47.65,54.17,7.49,22.1,55.22,152.5,partial,R2,cotton,-6.7,1,1,1,1,5,5,0.581380516548089,-0.15678565420877535,0.3445432710854392,0.9943266882144068,-0.7712346887730717,-0.6460933474532027,-0.3152012669418002,0.5569482531745276,-0.1601947218352538,0.3445432710854392,0.7174812240753177,-0.6900114268673269,-0.5807308182565063,-0.07874716119318156,-1.389771406105952,-0.6106013865237541
1495,79.31,32.68,27.51,5.93,26.97,45.67,112.98,jute,138,weather update day 138,rainfall,decrease,0.28,79.31,32.68,27.51,5.93,26.97,45.67,112.67,success,R6,jute,-0.1,1,0,5,2,7,7,0.5000984102992915,-1.1343141791476503,-1.1482451510969085,-0.7415421559076966,0.19502697243544814,-1.2933245686124608,-0.5660694662760328,0.48013155851797934,-1.1310270429017426,-1.1482451510969085,-0.6263768010834688,0.16369622161808822,-1.1725513505819585,-0.4119470912009036,1.4415741487489302,0.021376746691827677
1496,79.93,59.53,55.2,4.89,21.67,64.55,179.23,cotton,76,weather update day 76,soil_moisture,unknown,0.14,79.93,59.53,55.2,4.89,21.67,64.55,179.23,success,R3,cotton,2.3,2,2,2,2,5,5,0.5271924457155576,0.6189684457427168,0.4022166422350198,-1.8987880519890985,-0.8565514268263906,-0.013772164896566243,0.33328216824198165,0.5057371234034956,0.6102453566062888,0.4022166422350198,-1.5222821511893263,-0.7653901309430411,-0.0025438479322687103,0.1448640396380112,0.0026936208718588727,-0.7159310753930176
1497,58.69,43.84,36.07,4.88,29.82,83.86,58.89,jute,69,weather update day 69,humidity,decrease,0.48,58.69,43.84,36.07,4.88,29.82,43.61,58.89,unknown,R2,jute,3.7,0,0,1,3,7,7,-0.4009967675771636,-0.4055754791932182,-0.668940241348938,-1.9099154163744962,0.7604983758120979,1.29492258699718,-1.3003476536130805,-0.37145997041644235,-0.4072803025475663,-0.668940241348938,-1.5308966257095746,0.6632992602594507,-1.3002110675024225,-0.861846469453861,-0.1597606322755524,1.0746736353844635
1498,67.84,45.84,60.54,8.66,27.89,96.8,108.83,mango,11,weather update day 11,temperature,unknown,0.24,67.84,45.84,60.54,8.66,27.89,96.8,108.83,partial,UNKNOWN,mango,-1.9,3,2,6,1,10,10,-0.0011412449016269006,-0.27497714586805116,0.7012222751852724,2.2962283213059838,0.3775651096658055,2.1719039484422904,-0.6224062101741424,0.006428608135932121,-0.27757658563821574,0.7012222751852724,1.725374742944407,0.3249715884777563,1.9960123999730544,-0.44407081028776413,-1.505810158354103,-0.1892826310466997
1499,62.87,43.56,61.7,7.04,18.33,56.1,225.03,cotton,65,weather update day 65,soil_moisture,decrease,0.39,62.87,43.56,61.7,7.04,18.33,56.1,225.03,failure,R1,cotton,0.9,2,0,0,0,5,5,-0.21833052880298415,-0.42385924585874163,0.7661748096838293,0.49359529087149234,-1.5192442293800787,-0.5864531930427159,0.9550226189729262,-0.19882890393022112,-0.42543882291487545,0.7661748096838293,0.3298298706641292,-1.3508898323683574,-0.5261965702516477,0.5280063141635868,-0.25259163407407315,0.6006900354727774
1500,0.0,40.59,54.42,8.06,20.23,75.86,2.83,chickpea,146,weather update day 146,temperature,unknown,0.22,-18.21,40.59,54.42,8.06,20.23,75.86,2.83,failure,R1,chickpea,-0.7,3,2,0,0,2,2,-2.965753120126588,-0.6177977708466146,0.3585416621411626,1.6285864581820986,-1.1422632937956454,0.7527393650836655,-2.061368825402966,-3.5473760021844836,-0.6180488425252609,0.3585416621411626,1.2085062717294897,-1.0178211399407822,0.6983451804029006,-1.3308193059146418,1.6272361523459717,-0.29461231991596326
1501,82.11,45.278,21.61,8.01,29.76,36.65,199.13,coconut,132,weather update day 132,soil_moisture,decrease,0.0,82.11,57.95,21.61,8.01,29.76,36.65,199.13,success,R4,coconut,2.4,2,0,3,2,3,3,0.6224585702437178,-0.3116752775324234,-1.478607180011982,1.5729496362551072,0.7485937146883792,-1.904636151319949,0.6034270365726759,0.595769593484826,0.5077794202479019,-1.478607180011982,1.165433899128246,0.6527813015512117,-1.7315273926317574,0.3113385213641892,1.3023276460511493,-1.453238897477863
1502,48.21,38.88,56.36,7.48,26.96,51.83,240.39,watermelon,149,weather update day 149,humidity,decrease,0.05,48.21,38.88,56.36,7.48,26.96,49.24,240.39,unknown,R4,watermelon,-0.8,0,0,3,3,14,14,-0.8589733662263025,-0.7294593458396323,0.4671691767335764,0.983199323829009,0.19304286224816203,-0.8758434877390546,1.1635364469909895,-0.8042766155780687,-0.7289455204827557,0.4671691767335764,0.7088667495550692,0.16194322850004872,-0.9513158217440668,0.6565011905110285,1.6968594036948623,-1.1899146753047039
1503,45.88,47.28,43.06,6.68,24.98,63.98,188.51,cotton,3,weather update day 3,humidity,unknown,0.21,45.88,47.28,43.06,6.68,24.98,63.98,188.51,unknown,R6,cotton,-3.3,0,2,5,3,5,5,-0.9607944993229145,-0.18094634587393107,-0.27754522743091053,0.09301017299716058,-0.19981095483456296,-0.05240271945790419,0.4592592726695616,-0.9005039803897661,-0.18418990946348346,-0.27754522743091053,0.0197087879351783,-0.18514940887184514,-0.03786716766268839,0.2224963607645907,-1.6914721619511446,-0.34727716435059514
1504,98.71,22.57,10.77,6.57,23.79,65.12,206.72,mungbean,13,weather update day 13,rainfall,increase,0.58,98.71,22.57,10.77,6.57,23.79,65.12,207.92,partial,R1,mungbean,-1.7,1,1,0,1,11,11,1.3478795184856744,-1.7944887541063694,-2.08557741618815,-0.029390835242217833,-0.43592006712165543,0.024858389664772187,0.7064621898706643,1.2813379436454173,-1.7866793318785097,-2.08557741618815,-0.07505043178755612,-0.3937555899185896,0.03277947179815141,0.3848717220864557,-1.4593946574548426,1.6013220797307814
1505,28.77,56.46,70.94,7.24,22.69,66.3,118.03,banana,47,weather update day 47,unknown,decrease,0.16,28.77,56.46,70.94,7.24,22.69,66.3,118.03,unknown,R1,banana,-2.5,4,0,0,3,0,0,-1.7085024766976065,0.4185000040885854,1.2835553431033673,0.7161425785794544,-0.6541721877231689,0.10483041489701511,-0.49751511526748987,-1.607134972633605,0.4111501511504356,1.2835553431033673,0.5021193610691019,-0.5865848329029747,0.10590494071375657,-0.36710773330882757,-0.6703311421674164,-0.6106013865237541
1506,92.15,58.5,59.6,6.62,28.62,52.99,131.43,blackgram,125,weather update day 125,rainfall,decrease,0.5,92.15,58.5,59.6,6.62,28.62,52.99,130.77,success,UNKNOWN,blackgram,0.6,1,0,6,2,1,1,1.061207143758733,0.5517103040802557,0.6485883248157523,0.026245986684772443,0.5224051533377193,-0.7972269205615947,-0.31560852051214794,1.010414547437377,0.5434479423979731,0.6485883248157523,-0.031978059186313135,0.45294008609466674,-0.7189255603597269,-0.26053060279669144,1.139873392903738,1.1800033242537271
1507,61.41,63.25,50.75,6.18,22.24,53.17,126.46,coffee,75,weather update day 75,humidity,decrease,0.52,61.41,63.25,50.75,6.18,22.24,52.89,126.46,partial,R6,coffee,-0.5,0,0,5,1,4,4,-0.28213261220257796,0.8618813457275273,0.15304528144314242,-0.4633580462727442,-0.7434571461510614,-0.7850277980685407,-0.3830768619997637,-0.2591258793057913,0.8514942700576807,0.15304528144314242,-0.41101493807725314,-0.6654695232147692,-0.7251226339966427,-0.29658613125095423,-0.020514129577771312,1.285333013122991
1508,83.6,64.36,27.07,5.52,31.69,68.08,113.64,sugarcane,103,weather update day 103,soil_moisture,unknown,0.0,83.6,64.36,27.07,5.52,31.69,68.08,113.64,success,R1,sugarcane,-0.5,2,2,0,2,13,13,0.6875716553570017,0.9343634207229949,-1.172882319354982,-1.1977640957090185,1.1315269808346715,0.22546618177277222,-0.5571098877283817,0.6573055478064692,0.9234798329423702,-1.172882319354982,-0.9795702564136628,0.9911089733329062,0.21621285145085664,-0.40383250591073316,0.6293028830118739,-1.453238897477863
1509,48.06,40.66,57.05,7.47,18.53,62.47,166.99,sugarcane,53,weather update day 53,rainfall,increase,0.48,48.06,40.66,57.05,7.47,18.53,62.47,167.79,success,R3,sugarcane,-0.3,1,1,2,2,13,13,-0.8655283747947539,-0.6132268291802342,0.505804736047373,0.9720719594436101,-1.4795620256343485,-0.15473980259407996,0.16712271154008757,-0.8104715103084354,-0.6135092124334341,0.505804736047373,0.70025227503482,-1.3158299700075595,-0.1314429795801158,0.049162126525072715,-0.5310846394696354,1.0746736353844635
1510,54.73,64.56,59.85,4.5,27.89,49.51,114.49,maize,20,weather update day 20,unknown,decrease,0.53,54.73,64.56,59.85,4.5,27.89,49.51,114.49,success,R4,maize,-0.7,4,0,3,2,9,9,-0.5740489937842811,0.9474232540555119,0.6625867158714758,-2.332755263019624,0.3775651096658055,-1.033076622093974,-0.545571036568528,-0.5350051912981256,0.9364502046333055,0.6625867158714758,-1.8582466574790226,0.3249715884777563,-0.9345837229243945,-0.3967217868420271,-1.2969404043074313,1.3379978575576228
1511,87.55,55.27,58.24,6.81,34.13,68.54,126.84,blackgram,107,weather update day 107,rainfall,increase,0.32,87.55,55.27,58.24,6.81,34.13,68.54,167.43,success,R6,blackgram,-3.6,1,1,5,2,1,1,0.8601868809928891,0.3407939957601112,0.5724370774726169,0.2376659100073357,1.6156498665325754,0.25664171703279987,-0.37791831677535836,0.8204377757061282,0.3339764395893722,0.5724370774726169,0.1316969566984104,1.418839294134634,0.24471939018066952,0.04615052786067967,0.7221338848103945,0.2320361244303548
1512,103.03,49.71,49.53,6.56,37.52,61.75,148.58,maize,74,weather update day 74,temperature,unknown,0.53,103.03,49.71,49.53,6.56,37.52,61.75,148.58,success,R3,maize,-2.5,3,2,2,2,9,9,1.5366637652570756,-0.022269370883853206,0.08473313309121208,-0.04051819962761668,2.2882632200226953,-0.2035362925662962,-0.08279522946333351,1.4597509118799812,-0.026599893418622553,0.08473313309121208,-0.08366490630780533,2.0131039611501493,-0.176061909765909,-0.11154012442768486,-0.043721880027401495,1.3379978575576228
1513,55.53,49.99,63.05,7.66,26.29,71.85,164.6,rice,127,weather update day 127,temperature,decrease,0.42,55.53,49.99,63.05,7.66,26.18,71.85,164.6,unknown,R5,rice,-6.3,3,0,4,3,12,12,-0.5390889480858734,-0.003985604218329754,0.8417661213847355,1.1834918827661745,0.06010747969996691,0.4809700250995158,0.13467817710238086,-0.5019657527361693,-0.0084413730513134,0.8417661213847355,0.8639272909195442,0.025209765292938842,0.4498425275625794,0.022476016137811035,1.1862888938029983,0.7586845687766727
1514,65.59,46.03,77.13,6.29,24.68,44.55,111.58,chickpea,98,weather update day 98,rainfall,decrease,0.33,65.59,46.03,77.13,6.29,24.68,44.55,74.76,failure,R3,chickpea,-1.7,1,0,2,0,2,2,-0.09946637342839816,-0.2625703042021605,1.6301555056430796,-0.34095703803336475,-0.25933426045315777,-1.3692302196803532,-0.5850746328922626,-0.08649481281956975,-0.2652547325318276,1.6301555056430796,-0.31625571835451793,-0.23773920241304128,-1.2419585753154148,-0.7290851616651954,0.5132641307637229,0.28470096886498664
1515,75.67,87.45,45.52,6.27,29.42,64.17,219.63,banana,118,weather update day 118,rainfall,increase,0.46,75.67,87.45,45.52,6.27,29.42,64.17,320.66,failure,UNKNOWN,banana,-5.8,1,1,6,0,0,0,0.34103020237153703,2.442121178962048,-0.1398010594425918,-0.36321176680416145,0.6811339683206385,-0.03952586793745789,0.8817169763103258,0.32980211306107854,2.4209092446608227,-0.1398010594425918,-0.3334846673950156,0.5931795355378563,-0.026092727752548204,1.3280040371522503,0.9774191397563265,0.9693439465152001
1516,75.0,41.58,31.28,7.6,25.33,53.49,265.32,lentil,139,weather update day 139,rainfall,decrease,0.16,75.0,41.58,31.28,7.6,25.33,53.49,222.87,partial,R6,lentil,-1.1,1,0,5,1,8,8,0.3117511640991206,-0.5531515958506572,-0.9371494139765991,1.1167276964537851,-0.13036709827953624,-0.763340469192,1.501964163949995,0.30213158326544015,-0.5538455026551328,-0.9371494139765991,0.812240443798052,-0.12379464974045015,-0.6879401921751482,0.5099367221772277,1.4647818991985604,-0.6106013865237541
1517,65.49,68.24,51.86,6.71,22.59,44.74,145.6,maize,23,weather update day 23,soil_moisture,increase,0.0,65.49,68.24,51.86,6.71,22.59,44.74,145.6,partial,R6,maize,5.1,2,1,5,1,9,9,-0.10383637914069949,1.1877241873738187,0.21519813773055446,0.12639226615335514,-0.674013289596034,-1.356353368159907,-0.12324908411787992,-0.09062474263981463,1.17510504374651,0.21519813773055446,0.0455522114959244,-0.6041147640833736,-1.2301841354052747,-0.136469468927384,-1.227317152958541,-1.453238897477863
1518,71.07,30.32,64.93,6.36,31.89,28.14,146.51,mango,76,weather update day 76,temperature,decrease,0.21,71.07,30.32,64.93,6.36,31.82,28.14,146.51,success,R1,mango,0.4,3,0,0,2,10,10,0.1400099396056932,-1.2884202124713473,0.9470340221237764,-0.2630654873355778,1.1712091845804014,-2.48138355363045,-0.11089572581733063,0.13982534132982993,-1.2840774288547763,0.9470340221237764,-0.2559543967127773,1.0138978838674242,-2.258898359133286,-0.12885681674794577,0.0026936208718588727,-0.34727716435059514
1519,88.89,56.18,58.36,5.17,36.69,40.23,159.39,rice,122,weather update day 122,rainfall,increase,0.0,88.89,56.18,58.36,5.17,36.69,40.23,159.39,failure,R1,rice,-0.5,1,1,0,0,12,12,0.9187449575377219,0.40021623742306195,0.5791563051793639,-1.5872218491979515,2.1235820744779157,-1.6620091595136512,0.06395180705198293,0.875778835297405,0.39299163078312643,0.5791563051793639,-1.2810768646223645,1.8676055323528393,-1.5096721564301745,-0.021108508977434624,1.0702501415548473,-1.453238897477863
1520,104.22,65.47,54.64,5.01,22.49,81.28,71.99,maize,96,weather update day 96,soil_moisture,increase,0.39,116.41,65.47,54.64,5.01,22.49,81.28,71.99,failure,R4,maize,-2.3,2,1,3,0,9,9,1.5886668332334568,1.0068454957184625,0.3708602462701992,-1.7652596793643212,-0.6938543914688992,1.120068497930072,-1.1225135945612166,2.0123355218286987,0.9954653958270597,0.3708602462701992,-1.4189084569463426,-0.6216446952637725,1.0342265715237333,-0.7522577402773318,0.4668486298644625,0.6006900354727774
1521,75.38,44.85,59.19,6.2,27.89,64.56,217.56,watermelon,102,weather update day 102,humidity,unknown,0.15,75.38,44.85,59.19,6.2,27.89,64.56,217.56,failure,R1,watermelon,-0.2,0,2,0,0,14,14,0.32835718580586404,-0.339623320864009,0.6256309634843656,-0.4411033175019475,0.3775651096658055,-0.013094435869174003,0.8536164799563289,0.3178253165823692,-0.3417799255083444,0.6256309634843656,-0.3937859890367555,0.3249715884777563,-0.0019241405685768204,0.4655156418774285,0.6060951325622437,-0.6632662309583859
1522,87.95,66.95,35.86,5.9,22.74,40.92,73.72,wheat,66,weather update day 66,temperature,increase,0.42,87.95,66.95,35.86,5.9,32.29,40.92,73.72,failure,R1,wheat,-0.9,3,1,0,0,15,15,0.8776669038420931,1.1034882623790865,-0.6806988898357458,-0.7749242490638901,-0.6442516367867369,-1.6152458566236103,-1.0990286386711612,0.8369574949871066,1.0914461463399794,-0.6806988898357458,-0.6522202246442141,1.0962885604152979,-1.4669123483354556,-0.7377853355845535,-0.22938388362444295,0.7586845687766727
1523,76.18,39.37,68.88,6.91,26.99,67.63,250.94,chickpea,58,weather update day 58,soil_moisture,decrease,0.33,68.63,39.37,68.88,6.91,26.99,67.63,250.94,failure,R1,chickpea,-2.2,2,0,0,0,2,2,0.3633172315042721,-0.6974627541749668,1.168208600804206,0.34893955386131725,0.198995192810021,0.19496837554013682,1.3067539525632923,0.039055053715863555,-0.6971681098399652,1.168208600804206,0.21784170190089713,0.1672022078541679,0.18832602008473567,0.7447577624814395,-0.41504588722148444,0.28470096886498664
1524,54.06,43.12,54.29,6.77,28.54,81.51,64.5,rice,51,weather update day 51,humidity,unknown,0.0,54.06,43.12,54.29,6.77,28.54,81.51,64.5,failure,R2,rice,-2.9,0,2,1,0,12,12,-0.6033280320566972,-0.4525908791902787,0.3512624987921863,0.19315645246574328,0.5065322718394271,1.1356562655600857,-1.2241912359580456,-0.5626757210937637,-0.4539736406349329,0.3512624987921863,0.09723905861741584,0.4389161411503475,1.0484798408886398,-0.8149157236004008,-0.5775001403688957,-1.453238897477863
1525,77.15,37.44,39.05,5.95,26.43,74.58,172.03,lentil,66,weather update day 66,rainfall,increase,0.0,77.15,37.44,39.05,5.95,26.43,74.58,172.03,success,R3,lentil,4.8,1,1,2,2,8,8,0.4057062869135912,-0.8234901458337529,-0.5020794199647148,-0.7192874271368999,0.08788502232197787,0.665990049577503,0.23554131135851453,0.39092507440069774,-0.8223321966574885,-0.5020794199647148,-0.6091478520429712,0.06903459324393553,0.6190226378503791,0.0846320663501479,-0.22938388362444295,-1.453238897477863
