record_id,prev_N,prev_P,prev_K,prev_pH,prev_temperature,prev_humidity,prev_rainfall,prev_crop_recommended,days_since_sowing,feedback_text_raw,affected_feature,adjustment_direction,adjustment_magnitude,tweaked_N,tweaked_P,tweaked_K,tweaked_pH,tweaked_temperature,tweaked_humidity,tweaked_rainfall,prev_harvest_success,region_id,updated_crop_recommendation,timeline_shift_days
1,50.39,95.93,28.14,12.78,17.73,73.08,159.07,blackgram,43,weather update day 43,,Increase,26%,50.39,95.93,28.14,12.78,17.73,73.08,159.07,Success,R4,blackgram,2.3
2,84.34,54.54,64.02,8.53,28.5,53.18,212.11,blackgram,8,weather update day 8,temperature ,increase,,84.34,54.54,64.02,8.53,28.5,53.18,212.11,yes,R6,blackgram,-2.4
3,95.48,11.71,40.76,4.11,21.84,57.64,233.09,wheat,121,weather update day 121,soil_moisture,,35%,95.48,11.71,40.76,4.11,21.84,57.64,233.09,success,R1,wheat,1.2
4,57.11,70.34,34.69,5.98,21.76,50.96,169.99,chickpea,32,weather update day 32,RAINFALL,increase,0.08,57.11,70.34,34.69,5.98,21.76,50.96,170.13,partial,R5,chickpea,-0.8
5,90.04,56.01,5.92,7.37,26.3,70.3,182.42,lentil,86,weather update day 86,Soil Moisture,,48%,90.04,56.01,5.92,7.37,26.3,70.3,182.42,,R6,lentil,5.8
6,76.03,69.75,51.55,6.53,29.57,,186.95,groundnut,2,weather update day 2,temperature ,DECREASE,10%,76.03,69.75,51.55,6.53,26.61,46.09,186.95,failure,,groundnut,-1.8
7,92.2,54.43,33.6,6.27,34.08,56.56,140.06,rice,50,weather update day 50,temp,DECREASE,56%,92.2,54.43,33.6,6.27,14.99,56.56,140.06,,R4,rice,-6.4
8,86.48,47.54,69.63,6.51,26.29,61.02,191.07,wheat,19,weather update day 19,humidity,,58%,86.48,47.54,69.63,6.51,26.29,61.02,191.07,no,R2,wheat,-1.3
9,97.59,61.52,73.49,11.67,31.95,80.28,6.22,watermelon,125,weather update day 125,Rainfall,DECREASE,37%,97.59,61.52,73.49,11.67,31.95,80.28,3.92,yes,R5,watermelon,-0.6
10,44.61,73.04,46.0,6.74,30.17,55.55,201.85,coffee,80,weather update day 80,soil_moisture,Increase,55%,44.61,73.04,46.0,6.74,30.17,55.55,201.85,no,R1,sugarcane,-8.1
11,108.58,50.7,69.31,6.75,27.04,57.99,14.21,wheat,33,weather update day 33,temperature ,,,108.58,50.7,69.31,6.75,27.04,57.99,14.21,Success,R5,wheat,1.9
12,49.39,37.07,31.0,6.11,28.59,56.49,82.74,mango,45,weather update day 45,Humidity ,decrease,10%,49.39,37.07,31.0,6.11,28.59,50.84,82.74,yes,R5,mango,-6.1
13,76.32,40.95,67.76,12.47,27.87,53.23,105.94,sugarcane,113,weather update day 113,humidity,Increase,45%,76.32,40.95,67.76,12.47,27.87,77.18,105.94,,R4,sugarcane,8.0
14,55.74,51.6,43.41,7.7,12.75,81.37,224.77,blackgram,63,weather update day 63,Temperature,decrease,0.11,55.74,51.6,43.41,7.7,12.73,81.37,224.77,failure,,blackgram,-6.2
15,52.38,39.32,69.36,7.65,24.81,65.69,95.72,mungbean,87,weather update day 87,Humidity ,DECREASE,18%,52.38,39.32,69.36,7.65,24.81,53.87,95.72,yes,R4,mungbean,3.5
16,-9.84,37.64,62.35,6.86,27.75,55.21,227.58,wheat,38,weather update day 38,humidity,increase,59%,-9.84,37.64,62.35,6.86,27.75,87.78,227.58,failure,R5,wheat,0.0
17,63.76,46.8,67.5,6.29,29.0,70.2,92.15,rice,48,weather update day 48,temp,,16%,63.76,46.8,67.5,6.29,29.0,70.2,92.15,partial,R5,rice,0.9
18,61.36,37.84,20.18,6.84,32.93,64.81,188.89,rice,74,weather update day 74,soil_moisture,increase,55%,61.36,37.84,20.18,6.84,32.93,64.81,188.89,no,R6,rice,-0.1
19,56.57,80.83,30.66,5.04,26.24,38.3,224.24,sugarcane,9,weather update day 9,temp,decrease,24%,56.57,80.83,30.66,5.04,19.94,38.3,224.24,no,R1,sugarcane,-4.6
20,78.08,60.74,52.09,6.24,28.96,75.2,168.44,sugarcane,93,weather update day 93,soil_moisture,decrease,12%,78.08,60.74,52.09,6.24,28.96,75.2,168.44,success,R5,sugarcane,-2.5
21,92.09,48.09,59.55,6.19,21.38,60.96,145.42,wheat,61,weather update day 61,humid,,53%,92.09,48.09,59.55,6.19,21.38,60.96,145.42,partial,R1,wheat,-5.0
22,76.13,41.74,36.91,6.73,26.63,76.67,228.1,rice,2,weather update day 2,temp,,28%,76.13,41.74,36.91,6.73,26.63,76.67,228.1,,R4,rice,-2.1
23,-19.72,39.56,64.65,5.77,20.29,70.72,101.13,banana,121,weather update day 121,temperature ,decrease,0.39,-19.72,39.56,64.65,5.77,20.21,70.72,101.13,success,R1,banana,-1.9
24,105.02,49.53,52.63,6.0,28.16,54.24,28.06,jute,111,weather update day 111,Soil Moisture,decrease,22%,98.09,49.53,52.63,6.0,28.16,54.24,28.06,failure,R3,jute,-4.0
25,78.19,43.61,49.71,7.18,25.45,54.87,76.57,coffee,95,weather update day 95,soil_moisture,DECREASE,0.52,78.19,43.61,49.71,7.18,25.45,54.87,76.57,yes,R6,coffee,-1.2
26,94.69,65.11,18.4,6.33,25.13,53.73,65.38,sugarcane,123,weather update day 123,humidity,Increase,0.33,94.69,65.11,18.4,6.33,25.13,53.9,65.38,yes,R3,sugarcane,-2.3
27,92.72,18.94,49.26,6.52,26.59,75.91,153.67,chickpea,33,weather update day 33,Humidity ,decrease,53%,92.72,18.94,49.26,6.52,26.59,35.68,153.67,partial,,chickpea,-1.4
28,44.82,34.92,34.98,6.79,22.02,91.2,211.63,cotton,76,weather update day 76,Soil Moisture,Increase,0.45,44.88,34.92,34.98,6.79,22.02,91.2,211.63,yes,R1,cotton,2.4
29,86.35,59.9,17.2,5.31,29.66,54.56,87.08,coffee,10,weather update day 10, rainfall,DECREASE,25%,86.35,59.9,17.2,5.31,29.66,54.56,65.31,failure,R3,coffee,1.6
30,65.99,58.03,66.7,6.92,30.18,80.68,129.64,banana,5,weather update day 5,soilmoisture,Increase,0.12,66.01,58.03,66.7,6.92,30.18,80.68,129.64,Success,R1,banana,-0.4
31,94.27,44.86,66.86,7.02,34.57,68.0,147.02,cotton,127,weather update day 127,soil_moisture,DECREASE,,94.27,44.86,66.86,7.02,34.57,68.0,147.02,FAILURE,R2,cotton,3.3
32,33.28,57.62,28.14,4.78,27.94,102.39,149.64,maize,86,weather update day 86,temp,decrease,41%,33.28,57.62,28.14,4.78,16.49,102.39,149.64,,,maize,-0.9
33,78.42,57.91,65.1,7.35,22.55,66.42,123.27,coconut,62,weather update day 62,Temperature,,,78.42,57.91,65.1,7.35,22.55,66.42,123.27,Success,R5,coconut,6.3
34,63.3,43.95,30.81,6.84,36.31,48.99,151.45,jute,16,weather update day 16,,Increase,5%,63.3,43.95,30.81,6.84,36.31,48.99,151.45,yes,R6,jute,4.2
35,54.22,55.18,19.6,6.88,24.38,84.95,190.77,watermelon,86,weather update day 86,RAINFALL,Increase,32%,54.22,55.18,19.6,6.88,24.38,84.95,251.82,yes,R1,watermelon,2.1
36,45.72,51.16,66.56,7.8,18.57,78.04,159.86,sugarcane,7,weather update day 7,soil_moisture,Increase,0.37,45.72,51.16,66.56,7.8,18.57,78.04,159.86,partial,R4,sugarcane,-0.8
37,88.29,33.95,-0.69,6.42,23.17,49.24,203.89,sugarcane,62,weather update day 62, rainfall,decrease,,88.29,33.95,-0.69,6.42,23.17,49.24,203.89,yes,R1,sugarcane,3.6
38,69.22,48.29,42.51,6.1,39.42,77.11,86.03,sugarcane,86,weather update day 86,Humidity ,decrease,9%,69.22,48.29,42.51,6.1,39.42,70.17,86.03,failure,R1,sugarcane,7.9
39,63.82,33.89,76.86,5.78,35.05,49.76,203.2,jute,97,weather update day 97,Rainfall,DECREASE,48%,63.82,33.89,76.86,5.78,35.05,49.76,105.66,partial,,jute,-2.8
40,64.27,57.26,37.93,6.74,26.32,57.64,208.84,jute,83,weather update day 83,Humidity ,decrease,0.35,64.27,57.26,37.93,6.74,26.32,57.44,208.84,FAILURE,,jute,1.9
41,73.55,18.5,37.2,7.38,21.5,73.88,100.96,groundnut,123,weather update day 123,humid,,36%,73.55,18.5,37.2,7.38,21.5,73.88,100.96,failure,R2,groundnut,2.3
42,66.32,57.58,29.86,5.88,28.55,79.08,112.7,lentil,20,weather update day 20,RAINFALL,Increase,0.35,66.32,57.58,29.86,5.88,28.55,79.08,113.1,,R1,lentil,-4.0
43,67.69,69.04,69.45,11.46,18.74,63.59,158.82,sugarcane,74,weather update day 74,soil_moisture,,0.57,67.69,69.04,69.45,11.46,18.74,63.59,158.82,FAILURE,R3,sugarcane,3.8
44,71.38,,43.87,6.62,26.05,42.78,129.32,mungbean,45,weather update day 45,Temperature,decrease,0.32,71.38,60.68,43.87,6.62,25.97,42.78,129.32,partial,R2,mungbean,0.0
45,109.63,76.16,60.58,5.16,17.01,56.77,146.71,sugarcane,56,weather update day 56,humidity,DECREASE,0.35,109.63,76.16,60.58,5.16,17.01,56.57,146.71,yes,R1,sugarcane,-0.3
46,-16.35,81.76,40.6,6.62,16.54,64.07,163.71,banana,147,weather update day 147,temperature ,,44%,-16.35,81.76,40.6,6.62,16.54,64.07,163.71,FAILURE,R6,banana,-0.3
47,29.24,34.88,14.33,6.22,26.09,90.15,169.62,lentil,53,weather update day 53,,increase,0.55,29.24,34.88,14.33,6.22,26.09,90.15,169.62,no,R2,lentil,-0.7
48,74.3,28.89,51.87,5.36,28.83,58.47,63.81,coconut,137,weather update day 137,humidity,Increase,8%,74.3,28.89,51.87,5.36,28.83,63.15,63.81,,,coconut,-1.7
49,59.65,53.36,47.7,7.45,38.63,57.04,120.63,maize,98,weather update day 98,Humidity ,increase,44%,59.65,53.36,47.7,7.45,38.63,82.13,120.63,,R6,maize,3.1
50,74.76,37.39,51.97,12.8,27.62,73.71,222.55,coffee,28,weather update day 28,,DECREASE,,74.76,37.39,51.97,12.8,27.62,73.71,222.55,FAILURE,r1,coffee,-0.1
51,37.89,43.41,78.19,6.11,26.08,63.7,244.09,jute,39,weather update day 39,rain,Increase,53%,37.89,43.41,78.19,6.11,26.08,63.7,373.46,Success,R5,jute,1.3
52,55.43,56.22,58.42,7.12,22.33,76.07,198.03,rice,9,weather update day 9,temp,,0.41,55.43,56.22,58.42,7.12,22.33,76.07,198.03,success,R6,rice,-3.6
53,88.75,72.82,25.06,7.0,22.34,54.47,179.44,maize,63,weather update day 63,RAINFALL,decrease,41%,88.75,72.82,25.06,7.0,22.34,54.47,105.87,success,R6,maize,-1.6
54,59.63,62.8,48.53,6.91,21.09,43.93,156.43,groundnut,65,weather update day 65,Temperature,,,59.63,62.8,48.53,6.91,21.09,43.93,156.43,FAILURE,R2,groundnut,-1.0
55,77.86,57.41,55.96,6.54,33.66,30.42,158.77,sugarcane,113,weather update day 113,Temperature,increase,,77.86,57.41,55.96,6.54,33.66,30.42,158.77,no,r1,sugarcane,3.4
56,71.74,87.34,41.91,7.76,34.21,76.3,135.89,groundnut,140,weather update day 140, rainfall,increase,10%,71.74,87.34,41.91,7.76,34.21,76.3,149.48,Success,R2,groundnut,-4.4
57,94.23,26.77,42.81,6.83,26.93,80.91,40.4,cotton,89,weather update day 89,Rainfall,DECREASE,8%,94.23,26.77,42.81,6.83,26.93,80.91,37.17,no,R5,cotton,0.5
58,72.16,23.93,53.5,5.9,28.56,76.83,113.4,lentil,97,weather update day 97,temp,decrease,,72.16,23.93,53.5,5.9,28.56,76.83,113.4,FAILURE,R4,lentil,0.1
59,73.81,56.74,38.82,6.53,13.56,55.13,177.21,watermelon,146,weather update day 146,Temperature,,,73.81,56.74,38.82,6.53,13.56,55.13,177.21,,R6,watermelon,-2.9
60,74.3,28.89,51.87,5.36,28.83,58.47,63.81,coconut,137,weather update day 137,humidity,Increase,8%,74.3,28.89,51.87,5.36,28.83,63.15,63.81,,,coconut,-1.7
61,84.34,75.35,21.16,6.28,31.58,49.11,184.46,chickpea,95,weather update day 95,soilmoisture,increase,23%,90.16,75.35,21.16,6.28,31.58,49.11,184.46,partial,r1,chickpea,-3.9
62,43.5,66.1,66.85,6.26,26.08,63.59,52.89,groundnut,47,weather update day 47,humid,DECREASE,35%,43.5,66.1,66.85,6.26,26.08,41.34,52.89,success,R5,groundnut,4.6
63,82.37,66.94,101.37,6.42,21.33,76.3,82.33,jute,35,weather update day 35,humid,increase,33%,82.37,66.94,101.37,6.42,21.33,101.48,82.33,FAILURE,,jute,1.7
64,35.98,43.9,25.86,6.36,29.24,79.81,217.31,banana,27,weather update day 27,humidity,,0.53,35.98,43.9,25.86,6.36,29.24,79.81,217.31,partial,R1,banana,3.9
65,69.06,71.81,55.72,12.5,21.13,53.88,209.98,cotton,40,weather update day 40,temp,DECREASE,6%,69.06,71.81,55.72,12.5,19.86,53.88,209.98,FAILURE,R5,cotton,2.2
66,91.24,52.51,72.73,5.27,16.04,68.91,166.59,cotton,30,weather update day 30,Rainfall,DECREASE,0.09,91.24,52.51,72.73,5.27,16.04,68.91,166.44,no,R5,mango,-10.0
67,96.63,61.43,71.08,6.59,27.58,93.51,99.84,mango,101,weather update day 101,RAINFALL,decrease,0.12,96.63,61.43,71.08,6.59,27.58,93.51,99.72,yes,,mango,-0.3
68,72.29,50.03,28.39,7.39,27.48,70.92,101.61,coffee,126,weather update day 126,humid,increase,37%,72.29,50.03,28.39,7.39,27.48,97.16,101.61,FAILURE,R3,coffee,-1.4
69,39.54,42.03,44.52,7.34,22.94,76.95,149.9,watermelon,15,weather update day 15,temp,increase,51%,39.54,42.03,44.52,7.34,34.65,76.95,149.9,failure,R6,watermelon,3.0
70,49.93,27.76,72.23,6.99,29.93,73.83,160.02,sugarcane,84,weather update day 84,temp,,33%,49.93,27.76,72.23,6.99,29.93,73.83,160.02,,R4,sugarcane,4.4
71,78.21,46.53,73.08,7.17,30.36,50.51,145.24,coffee,82,weather update day 82,rain,increase,54%,78.21,46.53,73.08,7.17,30.36,50.51,223.66,failure,R4,coffee,-2.5
72,70.52,12.97,63.96,4.66,33.38,81.25,256.45,coconut,67,weather update day 67,soilmoisture,decrease,20%,66.29,12.97,63.96,4.66,33.38,81.25,256.45,FAILURE,R5,coconut,0.8
73,87.66,69.04,33.23,7.55,21.91,78.47,228.99,cotton,34,weather update day 34,RAINFALL,DECREASE,,87.66,69.04,33.23,7.55,21.91,78.47,228.99,success,R3,cotton,-0.3
74,50.88,38.11,39.65,8.3,31.02,89.19,41.21,rice,37,weather update day 37,humidity,Increase,0.37,50.88,38.11,39.65,8.3,31.02,89.52,41.21,partial,r1,rice,-3.8
75,55.27,43.51,55.41,5.69,24.79,80.0,181.06,sugarcane,73,weather update day 73,Humidity ,increase,0.53,55.27,43.51,55.41,5.69,24.79,80.42,181.06,success,R4,sugarcane,-2.0
76,53.54,47.54,56.46,8.03,31.06,30.74,164.36,mango,98,weather update day 98,temp,increase,10%,53.54,47.54,56.46,8.03,34.17,30.74,164.36,success,R2,mango,5.2
77,64.08,49.65,31.69,4.66,25.27,60.86,252.59,wheat,87,weather update day 87,soil_moisture,increase,37%,64.08,49.65,31.69,4.66,25.27,60.86,252.59,yes,R6,wheat,2.0
78,-2.78,59.69,37.21,6.07,32.42,60.86,154.38,cotton,89,weather update day 89,Temperature,DECREASE,37%,-2.78,59.69,37.21,6.07,20.42,60.86,154.38,Success,R2,cotton,0.1
79,,30.46,56.14,6.22,26.15,75.47,76.05,jute,135,weather update day 135,temp,decrease,8%,76.16,30.46,56.14,6.22,24.05,75.47,76.05,yes,R1,jute,-2.7
80,83.6,58.63,43.45,6.81,25.06,73.3,147.98,groundnut,117,weather update day 117,humid,DECREASE,,83.6,58.63,43.45,6.81,25.06,73.3,147.98,success,R2,groundnut,-2.9
81,53.27,59.07,45.02,7.25,24.6,44.56,60.78,lentil,84,weather update day 84,,DECREASE,38%,53.27,59.07,45.02,7.25,24.6,44.56,60.78,yes,,lentil,-5.7
82,61.78,61.07,43.94,5.55,33.22,36.95,241.1,lentil,27,weather update day 27,soil_moisture,increase,,61.78,61.07,43.94,5.55,33.22,36.95,241.1,,r1,lentil,1.5
83,96.28,59.66,35.81,7.5,30.26,55.41,197.4,coconut,139,weather update day 139,rain,DECREASE,0.56,96.28,59.66,35.81,7.5,30.26,55.41,196.3,success,R6,coconut,-0.7
84,81.55,69.54,67.28,6.76,32.93,67.82,106.21,groundnut,33,weather update day 33,temp,Increase,0.29,81.55,69.54,67.28,6.76,33.02,67.82,106.21,Success,R1,groundnut,0.1
85,74.76,41.32,28.57,7.53,29.02,56.79,163.18,jute,69,weather update day 69,RAINFALL,Increase,0.21,74.76,41.32,28.57,7.53,29.02,56.79,163.52,yes,R4,jute,-4.4
86,61.27,65.72,28.77,6.78,24.08,53.57,305.16,mungbean,116,weather update day 116,Rainfall,DECREASE,0.32,61.27,65.72,28.77,6.78,24.08,53.57,304.18,success,R6,mungbean,1.3
87,64.6,35.32,40.0,6.8,29.78,51.17,202.18,sugarcane,36,weather update day 36,soil_moisture,Increase,,64.6,35.32,40.0,6.8,29.78,51.17,202.18,FAILURE,R6,sugarcane,4.1
88,35.85,46.24,62.14,7.58,24.78,72.38,-21.36,blackgram,31,weather update day 31,humidity,Increase,0.28,35.85,46.24,62.14,7.58,24.78,72.58,-21.36,Success,R6,blackgram,-1.3
89,54.76,47.21,54.79,5.06,21.49,54.12,73.28,groundnut,129,weather update day 129,RAINFALL,,0.14,54.76,47.21,54.79,5.06,21.49,54.12,73.28,FAILURE,R6,groundnut,0.3
90,79.03,59.66,60.31,6.38,29.34,62.16,184.76,wheat,14,weather update day 14,temperature ,,,79.03,59.66,60.31,6.38,29.34,62.16,184.76,success,R5,wheat,1.5
91,80.48,54.07,52.64,5.68,17.56,82.13,117.27,watermelon,139,weather update day 139,Humidity ,DECREASE,43%,80.48,54.07,52.64,5.68,17.56,46.82,117.27,failure,R1,watermelon,-0.1
92,57.25,55.18,66.25,5.94,19.47,54.84,87.36,jute,123,weather update day 123,temperature ,Increase,52%,57.25,55.18,66.25,5.94,29.6,54.84,87.36,failure,R6,jute,4.8
93,66.81,56.45,63.25,6.62,24.4,65.37,129.65,mango,100,weather update day 100,soil_moisture,decrease,0.46,66.81,56.45,63.25,6.62,24.4,65.37,129.65,FAILURE,R1,mango,-4.9
94,79.21,48.91,62.11,8.04,26.69,75.38,246.38,lentil,28,weather update day 28,RAINFALL,,0.16,79.21,48.91,62.11,8.04,26.69,75.38,246.38,no,r1,lentil,0.5
95,47.3,42.13,37.91,6.08,33.19,64.21,206.08,sugarcane,115,weather update day 115,rain,increase,,47.3,42.13,37.91,6.08,33.19,64.21,206.08,FAILURE,R1,sugarcane,0.5
96,52.05,30.32,57.05,6.22,23.52,73.93,58.36,coconut,119,weather update day 119, rainfall,DECREASE,26%,52.05,30.32,57.05,6.22,23.52,73.93,43.19,partial,R3,coconut,-4.8
97,63.23,68.22,47.74,6.71,33.01,103.0,118.4,lentil,38,weather update day 38,Soil Moisture,,39%,63.23,68.22,47.74,6.71,33.01,103.0,118.4,failure,R2,lentil,-0.7
98,75.3,42.95,46.87,12.94,24.45,52.87,155.05,mango,145,weather update day 145,Humidity ,increase,,75.3,42.95,46.87,12.94,24.45,52.87,155.05,partial,R5,mango,-1.8
99,71.54,30.76,65.93,6.1,18.22,58.58,240.05,watermelon,64,weather update day 64,Temperature,decrease,58%,71.54,30.76,65.93,6.1,7.65,58.58,240.05,FAILURE,r1,watermelon,-0.6
100,92.89,48.48,25.4,5.82,21.28,51.12,184.19,mungbean,108,weather update day 108,,decrease,51%,92.89,48.48,25.4,5.82,21.28,51.12,184.19,FAILURE,,mungbean,2.6
101,48.76,70.96,42.98,6.58,32.46,,187.86,coconut,122,weather update day 122,temp,,56%,48.76,70.96,42.98,6.58,32.46,57.72,187.86,FAILURE,r1,coconut,2.7
102,60.5,15.7,50.26,6.49,21.69,66.42,812.38,jute,22,weather update day 22,,DECREASE,8%,60.5,15.7,50.26,6.49,21.69,66.42,812.38,partial,,jute,1.0
103,71.56,73.16,54.93,4.33,27.31,43.25,92.04,coffee,125,weather update day 125,humidity,Increase,,71.56,73.16,54.93,4.33,27.31,43.25,92.04,no,R5,coffee,-2.4
104,119.95,50.69,36.46,8.76,19.41,65.3,160.78,rice,41,weather update day 41,soil_moisture,decrease,0.17,119.95,50.69,36.46,8.76,19.41,65.3,160.78,yes,R4,rice,4.0
105,99.02,77.11,17.71,5.68,24.6,50.53,180.36,groundnut,4,weather update day 4,Rainfall,Increase,0.35,99.02,77.11,17.71,5.68,24.6,50.53,180.99,Success,r1,groundnut,-2.2
106,78.73,69.9,70.0,6.59,33.57,95.54,151.68,mungbean,45,weather update day 45,temperature ,decrease,,78.73,69.9,70.0,6.59,33.57,95.54,151.68,FAILURE,R3,mungbean,1.3
107,46.33,53.43,41.89,5.85,29.5,74.0,121.13,blackgram,101,weather update day 101,humidity,decrease,27%,46.33,53.43,41.89,5.85,29.5,54.02,121.13,Success,R1,blackgram,-6.3
108,74.6,65.81,43.91,6.25,21.28,52.93,191.13,sugarcane,110,weather update day 110,temp,DECREASE,41%,74.6,65.81,43.91,6.25,12.55,52.93,191.13,partial,R5,sugarcane,-2.6
109,65.76,43.6,57.03,7.43,27.29,69.72,232.31,cotton,92,weather update day 92,,,0.25,65.76,43.6,57.03,7.43,27.29,69.72,232.31,Success,R3,cotton,0.5
110,95.17,52.09,29.6,6.1,29.29,66.15,226.57,lentil,93,weather update day 93,temperature ,DECREASE,0.26,95.17,52.09,29.6,6.1,29.21,66.15,226.57,Success,R2,lentil,0.2
111,102.94,47.33,33.0,6.69,26.88,27.46,148.14,JUTE,6,weather update day 6,RAINFALL,increase,14%,102.94,47.33,33.0,6.69,26.88,27.46,168.88,FAILURE,R2,jute,-0.1
112,53.52,64.04,32.78,6.41,30.7,54.32,174.67,cotton,52,weather update day 52,Temperature,DECREASE,58%,53.52,64.04,32.78,6.41,12.89,54.32,174.67,FAILURE,,coconut,-8.3
113,110.0,34.18,58.0,8.09,29.27,53.68,164.33,coffee,28,weather update day 28,Humidity ,,0.58,110.0,34.18,58.0,8.09,29.27,53.68,164.33,yes,,coffee,4.1
114,84.01,51.85,28.39,5.35,26.53,56.86,205.16,mango,49,weather update day 49,rain,,,84.01,51.85,28.39,5.35,26.53,56.86,205.16,success,,mango,2.2
115,73.66,35.13,49.9,6.62,18.48,79.94,97.11,groundnut,23,weather update day 23,,increase,,73.66,35.13,49.9,6.62,18.48,79.94,97.11,yes,R2,groundnut,0.3
116,104.12,23.53,25.86,6.07,24.22,86.98,152.95,lentil,110,weather update day 110,Rainfall,Increase,13%,104.12,23.53,25.86,6.07,24.22,86.98,172.84,FAILURE,r1,lentil,-1.0
117,49.97,42.84,54.71,6.55,23.81,87.43,29.36,blackgram,96,weather update day 96,Soil Moisture,,0.35,49.97,42.84,54.71,6.55,23.81,87.43,29.36,FAILURE,R5,blackgram,0.9
118,75.69,65.16,37.63,6.77,34.73,78.82,167.1,wheat,107,weather update day 107,humidity,,30%,75.69,65.16,37.63,6.77,34.73,78.82,167.1,,,wheat,-0.7
119,88.83,65.41,74.62,6.58,25.72,41.63,213.89,jute,132,weather update day 132,,,,88.83,65.41,74.62,6.58,25.72,41.63,213.89,Success,R1,jute,-1.4
120,61.59,68.87,54.94,7.53,29.58,,172.58,mango,36,weather update day 36,humid,Increase,49%,61.59,68.87,54.94,7.53,29.58,49.76,172.58,,R6,mango,0.9
121,68.48,51.2,93.44,6.8,15.82,56.86,34.06,cotton,74,weather update day 74,temperature ,DECREASE,24%,68.48,51.2,93.44,6.8,12.02,56.86,34.06,success,r1,cotton,-2.1
122,50.04,49.62,16.47,5.89,26.45,66.01,91.84,maize,88,weather update day 88,temperature ,,25%,50.04,49.62,16.47,5.89,26.45,66.01,91.84,failure,,maize,-3.7
123,90.11,96.01,51.24,6.42,20.66,63.19,87.83,maize,142,weather update day 142,Soil Moisture,increase,18%,94.98,96.01,51.24,6.42,20.66,63.19,87.83,success,R5,maize,-0.6
124,79.3,66.34,51.27,6.08,24.9,76.28,120.52,watermelon,10,weather update day 10,soil_moisture,DECREASE,0.33,79.3,66.34,51.27,6.08,24.9,76.28,120.52,,,watermelon,2.7
125,83.08,27.09,86.12,5.52,31.12,50.08,112.86,sugarcane,24,weather update day 24,temperature ,decrease,,83.08,27.09,86.12,5.52,31.12,50.08,112.86,no,,sugarcane,2.4
126,57.82,36.25,72.89,7.83,15.03,66.39,134.89,chickpea,13,weather update day 13,Rainfall,DECREASE,56%,57.82,36.25,72.89,7.83,15.03,66.39,59.35,Success,R2,chickpea,3.5
127,84.36,75.13,78.24,7.09,23.08,45.49,65.99,mungbean,149,weather update day 149,Temperature,Increase,14%,84.36,75.13,78.24,7.09,26.31,45.49,65.99,Success,R6,mungbean,-7.4
128,59.7,63.07,49.73,6.78,27.02,72.45,91.29,jute,23,weather update day 23,humid,increase,0.22,59.7,63.07,49.73,6.78,27.02,72.61,91.29,,R3,jute,-4.4
129,86.11,44.11,57.98,5.4,19.39,58.4,185.4,wheat,61,weather update day 61,humid,Increase,35%,86.11,44.11,57.98,5.4,19.39,78.84,185.4,yes,,wheat,2.3
130,75.86,39.28,81.58,6.88,20.04,74.85,91.52,lentil,21,weather update day 21,Rainfall,Increase,,75.86,39.28,81.58,6.88,20.04,74.85,91.52,no,R5,lentil,2.4
131,-14.53,64.66,73.02,8.06,26.08,56.86,76.45,watermelon,106,weather update day 106,soilmoisture,DECREASE,,-14.53,64.66,73.02,8.06,26.08,56.86,76.45,,R6,watermelon,1.3
132,76.4,30.27,65.91,6.07,25.25,44.95,149.26,BANANA,145,weather update day 145,humid,Increase,29%,76.4,30.27,65.91,6.07,25.25,57.98,149.26,failure,R2,banana,-1.0
133,53.25,63.44,64.66,6.63,29.38,64.43,164.03,blackgram,101,weather update day 101,soil_moisture,,51%,53.25,63.44,64.66,6.63,29.38,64.43,164.03,no,R4,blackgram,3.5
134,49.99,37.17,26.29,5.79,11.75,73.17,273.25,mango,47,weather update day 47,soilmoisture,,,49.99,37.17,26.29,5.79,11.75,73.17,273.25,Success,R2,mango,0.4
135,86.94,68.34,69.86,6.43,27.81,84.48,131.8,blackgram,148,weather update day 148,Humidity ,decrease,54%,86.94,68.34,69.86,6.43,27.81,38.86,131.8,no,,blackgram,1.1
136,45.27,43.6,50.42,5.98,29.52,57.08,165.42,sugarcane,8,weather update day 8,Temperature,decrease,0.34,45.27,43.6,50.42,5.98,29.41,57.08,165.42,FAILURE,R4,sugarcane,0.3
137,96.63,54.34,60.7,6.58,23.95,70.56,245.44,mango,140,weather update day 140,humid,,0.59,96.63,54.34,60.7,6.58,23.95,70.56,245.44,yes,,mango,-3.1
138,42.68,,50.72,7.07,25.25,62.32,133.29,mungbean,37,weather update day 37,Humidity ,increase,7%,42.68,49.66,50.72,7.07,25.25,66.68,133.29,,R6,mungbean,0.5
139,76.39,74.8,50.52,7.3,19.05,67.37,84.16,sugarcane,132,weather update day 132,Soil Moisture,increase,22%,81.43,74.8,50.52,7.3,19.05,67.37,84.16,,R2,sugarcane,-4.4
140,85.16,71.89,33.03,7.06,25.87,96.59,99.94,groundnut,85,weather update day 85,,,0.55,85.16,71.89,33.03,7.06,25.87,96.59,99.94,partial,R5,groundnut,3.5
141,60.62,68.51,38.15,6.42,23.94,38.25,142.6,coconut,14,weather update day 14,rain,increase,0.37,60.62,68.51,38.15,6.42,23.94,38.25,143.13,no,R1,coconut,-3.0
142,85.16,29.9,67.92,6.39,29.0,41.78,1173.11,mango,89,weather update day 89,temp,,39%,85.16,29.9,67.92,6.39,29.0,41.78,1173.11,Success,R4,mango,0.0
143,97.33,54.7,31.97,6.54,35.08,85.22,204.53,sugarcane,16,weather update day 16,humidity,,55%,97.33,54.7,31.97,6.54,35.08,85.22,204.53,FAILURE,r1,sugarcane,2.4
144,63.6,70.86,53.74,6.48,35.48,44.59,83.43,mungbean,146,weather update day 146,humidity,increase,,63.6,70.86,53.74,6.48,35.48,44.59,83.43,FAILURE,R3,mungbean,5.1
145,,31.75,80.85,6.54,28.59,75.66,219.36,banana,108,weather update day 108,rain,increase,0.26,81.74,31.75,80.85,6.54,28.59,75.66,219.93,,r1,banana,3.1
146,62.14,39.18,45.25,7.71,23.01,57.68,177.59,cotton,69,weather update day 69, rainfall,,59%,62.14,39.18,45.25,7.71,23.01,57.68,177.59,Success,R2,cotton,-0.5
147,48.53,56.87,35.13,7.94,33.72,74.06,231.66,watermelon,34,weather update day 34, rainfall,decrease,,48.53,56.87,35.13,7.94,33.72,74.06,231.66,yes,R2,watermelon,0.2
148,81.42,67.03,65.17,7.02,24.42,76.38,103.63,coconut,86,weather update day 86,Soil Moisture,increase,55%,94.85,67.03,65.17,7.02,24.42,76.38,103.63,failure,R6,coconut,-0.7
149,57.01,69.82,73.55,6.02,16.67,80.11,108.92,maize,91,weather update day 91,Temperature,Increase,22%,57.01,69.82,73.55,6.02,20.33,80.11,108.92,failure,R2,maize,3.5
150,75.57,45.43,60.59,5.53,34.14,,135.34,chickpea,58,weather update day 58,humidity,,52%,75.57,45.43,60.59,5.53,34.14,40.88,135.34,Success,R2,chickpea,1.3
151,95.41,66.33,72.36,6.14,20.88,77.23,118.99,rice,110,weather update day 110,Rainfall,Increase,,95.41,66.33,72.36,6.14,20.88,77.23,118.99,partial,R2,rice,0.0
152,87.12,58.63,33.37,6.79,22.38,74.94,208.96,coffee,1,weather update day 1,Humidity ,Increase,0.14,87.12,58.63,33.37,6.79,22.38,75.05,208.96,Success,R6,coffee,-1.6
153,64.12,48.93,20.68,6.21,30.45,73.63,180.04,watermelon,83,weather update day 83,,increase,0.29,64.12,48.93,20.68,6.21,30.45,73.63,180.04,Success,R3,watermelon,0.1
154,64.69,68.12,71.53,7.18,21.17,70.39,267.51,coconut,136,weather update day 136,humidity,decrease,,64.69,68.12,71.53,7.18,21.17,70.39,267.51,Success,R3,coconut,-5.5
155,77.01,57.34,59.42,7.39,28.05,,190.35,chickpea,91,weather update day 91,RAINFALL,increase,0.26,77.01,57.34,59.42,7.39,28.05,61.38,190.85,yes,r1,chickpea,5.7
156,65.86,34.53,62.8,5.83,28.76,59.84,143.13,maize,15,weather update day 15,soilmoisture,,52%,65.86,34.53,62.8,5.83,28.76,59.84,143.13,failure,R5,maize,0.4
157,99.84,42.76,35.19,5.94,23.99,49.05,167.71,coconut,97,weather update day 97,Soil Moisture,Increase,14%,104.03,42.76,35.19,5.94,23.99,49.05,167.71,partial,R3,coconut,0.9
158,85.73,41.61,-2.99,7.59,29.8,38.86,113.55,mungbean,92,weather update day 92,humidity,Increase,0.32,85.73,41.61,-2.99,7.59,29.8,38.98,113.55,FAILURE,R6,mungbean,4.7
159,42.63,31.2,-1.0,7.25,26.08,80.72,81.74,RICE,136,weather update day 136,soilmoisture,decrease,,42.63,31.2,-1.0,7.25,26.08,80.72,81.74,Success,,rice,0.1
160,72.22,28.6,54.45,4.8,16.74,77.28,117.19,mango,139,weather update day 139,Rainfall,Increase,56%,72.22,28.6,54.45,4.8,16.74,77.28,182.82,partial,R4,mango,-4.3
161,56.12,43.29,43.46,8.48,24.94,,228.05,mungbean,4,weather update day 4,temperature ,DECREASE,0.24,56.12,43.29,43.46,8.48,24.88,52.65,228.05,Success,R2,mungbean,0.2
162,37.81,61.42,62.37,6.26,33.68,53.89,160.54,mungbean,60,weather update day 60,temperature ,,5%,37.81,61.42,62.37,6.26,33.68,53.89,160.54,,r1,mungbean,1.5
163,98.88,39.28,48.87,7.08,17.68,49.27,269.62,coffee,16,weather update day 16,soilmoisture,increase,0.37,98.99,39.28,48.87,7.08,17.68,49.27,269.62,FAILURE,R3,coffee,-2.9
164,43.56,39.98,45.53,11.45,25.77,68.25,180.75,maize,70,weather update day 70,temperature ,increase,20%,43.56,39.98,45.53,11.45,30.93,68.25,180.75,,R2,maize,3.2
165,89.78,59.35,39.12,6.14,27.38,53.02,258.72,watermelon,8,weather update day 8,,,12%,89.78,59.35,39.12,6.14,27.38,53.02,258.72,no,,watermelon,1.1
166,78.75,38.74,-8.55,7.14,28.47,85.29,24.59,cotton,81,weather update day 81,Soil Moisture,DECREASE,0.47,78.64,38.74,-8.55,7.14,28.47,85.29,24.59,partial,R2,cotton,-2.0
167,93.85,31.13,61.16,6.97,25.29,70.08,211.77,cotton,56,weather update day 56,RAINFALL,,0.41,93.85,31.13,61.16,6.97,25.29,70.08,211.77,partial,R6,cotton,2.6
168,97.26,59.21,61.75,6.47,31.06,77.72,185.91,cotton,28,weather update day 28,rain,,31%,97.26,59.21,61.75,6.47,31.06,77.72,185.91,success,R5,cotton,-2.0
169,30.58,49.16,25.5,6.51,22.09,61.18,864.14,coffee,137,weather update day 137, rainfall,increase,32%,30.58,49.16,25.5,6.51,22.09,61.18,1140.66,failure,R5,coffee,-5.1
170,52.93,49.79,51.63,5.86,18.8,69.04,258.82,cotton,76,weather update day 76,humid,decrease,13%,52.93,49.79,51.63,5.86,18.8,60.06,258.82,no,R1,cotton,1.2
171,67.77,37.93,41.02,6.17,23.61,46.17,142.34,mango,77,weather update day 77,temperature ,increase,,67.77,37.93,41.02,6.17,23.61,46.17,142.34,FAILURE,R3,mango,-1.7
172,53.78,62.93,59.75,4.99,24.58,51.77,126.54,banana,74,weather update day 74,RAINFALL,increase,0.29,53.78,62.93,59.75,4.99,24.58,51.77,126.91,partial,,banana,-2.0
173,71.67,58.96,65.14,7.0,30.83,81.01,156.29,mango,70,weather update day 70,temperature ,DECREASE,36%,71.67,58.96,65.14,7.0,19.73,81.01,156.29,no,R2,mango,-1.8
174,28.82,61.98,63.78,6.25,32.26,82.05,156.19,lentil,55,weather update day 55,RAINFALL,,5%,28.82,61.98,63.78,6.25,32.26,82.05,156.19,FAILURE,R4,lentil,-1.4
175,59.24,51.0,25.76,7.43,29.35,60.62,121.85,groundnut,125,weather update day 125,temp,decrease,0.09,59.24,51.0,25.76,7.43,29.33,60.62,121.85,failure,R6,groundnut,1.9
176,90.02,38.27,32.74,7.15,30.61,77.77,71.05,chickpea,68,weather update day 68,soil_moisture,decrease,26%,90.02,38.27,32.74,7.15,30.61,77.77,71.05,partial,R2,chickpea,-1.4
177,67.73,73.99,60.12,6.74,24.0,56.25,234.34,mango,51,weather update day 51,soilmoisture,Increase,18%,71.38,73.99,60.12,6.74,24.0,56.25,234.34,Success,r1,mango,0.6
178,61.01,75.98,45.29,6.76,34.1,62.68,197.46,maize,124,weather update day 124,Humidity ,,53%,61.01,75.98,45.29,6.76,34.1,62.68,197.46,no,R3,maize,1.2
179,75.82,64.37,33.76,13.94,19.17,75.52,181.13,groundnut,69,weather update day 69,soilmoisture,DECREASE,28%,69.45,64.37,33.76,13.94,19.17,75.52,181.13,FAILURE,R6,groundnut,1.5
180,79.26,29.49,63.27,5.51,28.76,74.38,108.19,banana,84,weather update day 84, rainfall,DECREASE,,79.26,29.49,63.27,5.51,28.76,74.38,108.19,Success,,banana,1.7
181,72.66,62.53,42.57,6.29,33.47,71.55,107.13,coconut,60,weather update day 60,,,0.12,72.66,62.53,42.57,6.29,33.47,71.55,107.13,,R5,coconut,2.7
182,89.51,50.01,60.35,4.78,28.23,55.42,249.2,mungbean,80,weather update day 80,humid,increase,,89.51,50.01,60.35,4.78,28.23,55.42,249.2,failure,r1,mungbean,1.9
183,63.35,42.36,42.41,11.14,30.94,51.26,167.39,rice,18,weather update day 18, rainfall,Increase,0.49,63.35,42.36,42.41,11.14,30.94,51.26,168.21,success,R5,rice,-1.4
184,116.29,21.99,60.35,5.21,23.64,81.33,153.86,mungbean,53,weather update day 53,Soil Moisture,increase,48%,133.04,21.99,60.35,5.21,23.64,81.33,153.86,partial,R1,mungbean,-3.2
185,103.71,43.1,79.18,7.36,37.84,58.64,128.79,mango,136,weather update day 136,,Increase,33%,103.71,43.1,79.18,7.36,37.84,58.64,128.79,success,R6,mango,-6.1
186,62.23,36.72,41.58,6.94,31.22,72.9,231.83,cotton,2,weather update day 2,Rainfall,Increase,5%,62.23,36.72,41.58,6.94,31.22,72.9,243.42,failure,R4,cotton,7.4
187,79.71,48.79,16.22,5.68,24.66,64.54,180.93,rice,146,weather update day 146,rain,increase,,79.71,48.79,16.22,5.68,24.66,64.54,180.93,Success,R2,rice,0.1
188,85.62,50.31,39.66,5.65,30.14,,209.57,mungbean,118,weather update day 118,Rainfall,decrease,16%,85.62,50.31,39.66,5.65,30.14,42.38,176.04,partial,,mungbean,2.0
189,33.02,45.81,48.03,5.06,23.72,50.43,201.46,watermelon,87,weather update day 87,,,16%,33.02,45.81,48.03,5.06,23.72,50.43,201.46,yes,R5,watermelon,-5.2
190,68.12,24.38,5.54,5.39,27.62,64.96,202.15,jute,50,weather update day 50,Humidity ,decrease,22%,68.12,24.38,5.54,5.39,27.62,50.67,202.15,no,,jute,-4.6
191,67.43,64.84,38.87,5.56,32.04,60.25,202.72,cotton,130,weather update day 130,humidity,,31%,67.43,64.84,38.87,5.56,32.04,60.25,202.72,no,R3,cotton,2.3
192,78.18,60.0,23.7,6.14,19.26,51.52,183.06,mungbean,20,weather update day 20,humidity,,12%,78.18,60.0,23.7,6.14,19.26,51.52,183.06,yes,r1,mungbean,-2.2
193,15.91,40.55,39.21,7.01,26.11,43.92,90.9,sugarcane,57,weather update day 57,rain,decrease,56%,15.91,40.55,39.21,7.01,26.11,43.92,40.0,FAILURE,R4,sugarcane,1.6
194,70.82,34.97,61.33,6.09,24.86,50.08,-3.74,jute,17,weather update day 17, rainfall,DECREASE,16%,70.82,34.97,61.33,6.09,24.86,50.08,-3.14,success,R3,jute,-0.6
195,48.11,68.93,42.0,6.03,23.89,59.96,135.38,groundnut,121,weather update day 121,Humidity ,increase,7%,48.11,68.93,42.0,6.03,23.89,64.16,135.38,success,r1,groundnut,-0.7
196,77.82,58.73,47.71,7.43,27.99,53.79,133.17,blackgram,94,weather update day 94,,Increase,57%,77.82,58.73,47.71,7.43,27.99,53.79,133.17,no,R3,blackgram,-4.2
197,55.34,77.27,61.95,6.94,27.17,,222.03,chickpea,108,weather update day 108,humidity,Increase,,55.34,77.27,61.95,6.94,27.17,61.27,222.03,Success,R4,chickpea,0.4
198,59.82,61.66,72.77,7.31,16.32,66.89,211.72,watermelon,142,weather update day 142,soilmoisture,,40%,59.82,61.66,72.77,7.31,16.32,66.89,211.72,yes,R1,watermelon,-4.0
199,105.22,48.12,13.02,5.93,21.24,54.77,123.29,coffee,116,weather update day 116,Rainfall,Increase,13%,105.22,48.12,13.02,5.93,21.24,54.77,139.32,partial,,coffee,-1.1
200,72.62,64.54,4.02,6.5,23.14,67.19,215.56,watermelon,133,weather update day 133,Rainfall,,0.28,72.62,64.54,4.02,6.5,23.14,67.19,215.56,Success,R2,watermelon,0.1
201,80.29,42.22,62.51,5.98,18.95,66.19,192.0,coconut,98,weather update day 98,soilmoisture,decrease,38%,71.13,42.22,62.51,5.98,18.95,66.19,192.0,failure,r1,coconut,3.8
202,70.79,55.41,49.29,6.24,27.77,58.69,146.51,groundnut,139,weather update day 139,soilmoisture,DECREASE,0.13,70.77,55.41,49.29,6.24,27.77,58.69,146.51,no,R5,groundnut,3.5
203,62.98,66.61,58.03,5.94,23.22,72.38,179.43,jute,145,weather update day 145,,Increase,,62.98,66.61,58.03,5.94,23.22,72.38,179.43,partial,,jute,-1.8
204,74.18,20.6,24.09,6.66,29.69,67.57,143.06,wheat,82,weather update day 82,soilmoisture,,0.35,74.18,20.6,24.09,6.66,29.69,67.57,143.06,Success,R3,wheat,-0.9
205,34.49,12.45,54.56,6.4,27.87,93.12,75.76,coconut,87,weather update day 87,soilmoisture,Increase,0.42,34.54,12.45,54.56,6.4,27.87,93.12,75.76,,R3,coconut,0.1
206,89.63,54.96,47.74,7.14,24.59,40.03,149.63,coconut,126,weather update day 126,soilmoisture,,0.4,89.63,54.96,47.74,7.14,24.59,40.03,149.63,no,,coconut,1.2
207,69.2,70.81,36.68,6.26,25.09,57.1,153.59,coffee,134,weather update day 134,Soil Moisture,Increase,,69.2,70.81,36.68,6.26,25.09,57.1,153.59,partial,R1,coffee,2.7
208,20.74,,62.16,5.78,27.96,53.0,122.65,sugarcane,144,weather update day 144, rainfall,,22%,20.74,37.98,62.16,5.78,27.96,53.0,122.65,partial,R6,sugarcane,1.7
209,72.46,58.27,48.78,7.86,22.89,67.92,105.45,coffee,12,weather update day 12, rainfall,decrease,10%,72.46,58.27,48.78,7.86,22.89,67.92,94.91,yes,R6,coffee,-3.7
210,80.74,27.63,52.82,5.15,23.23,64.83,260.81,mungbean,144,weather update day 144,rain,DECREASE,30%,80.74,27.63,52.82,5.15,23.23,64.83,182.57,success,R1,mungbean,2.5
211,91.55,43.11,71.89,4.36,33.74,63.98,170.39,coffee,77,weather update day 77,humid,increase,0.4,91.55,43.11,71.89,4.36,33.74,64.24,170.39,partial,R3,coffee,-3.2
212,40.57,46.07,17.4,6.92,29.73,51.71,110.66,jute,8,weather update day 8,rain,decrease,6%,40.57,46.07,17.4,6.92,29.73,51.71,104.02,Success,R3,jute,0.6
213,52.85,62.6,80.06,5.96,18.26,59.85,161.03,groundnut,69,weather update day 69,Humidity ,Increase,26%,52.85,62.6,80.06,5.96,18.26,75.41,161.03,yes,R4,groundnut,1.7
214,,33.95,52.34,5.12,24.71,102.0,69.09,banana,148,weather update day 148,humidity,decrease,,51.98,33.95,52.34,5.12,24.71,102.0,69.09,partial,,banana,-1.3
215,67.81,60.08,32.86,4.9,37.37,70.03,136.71,mungbean,64,weather update day 64, rainfall,Increase,59%,67.81,60.08,32.86,4.9,37.37,70.03,217.36,Success,R5,mungbean,2.6
216,83.78,57.0,72.61,7.27,27.14,76.22,210.31,chickpea,119,weather update day 119,Soil Moisture,Increase,0.2,83.83,57.0,72.61,7.27,27.14,76.22,210.31,partial,R5,chickpea,-1.5
217,85.83,33.22,79.81,5.65,21.74,73.44,189.54,cotton,111,weather update day 111,rain,increase,0.1,85.83,33.22,79.81,5.65,21.74,73.44,189.73,,R2,cotton,-1.3
218,65.96,74.79,60.67,7.15,34.04,78.54,82.12,mango,42,weather update day 42,soil_moisture,decrease,0.24,65.96,74.79,60.67,7.15,34.04,78.54,82.12,partial,R4,mango,2.7
219,101.86,59.96,49.79,12.2,30.74,57.87,154.65,rice,90,weather update day 90,rain,,51%,101.86,59.96,49.79,12.2,30.74,57.87,154.65,no,R6,rice,-5.9
220,60.68,34.38,66.06,6.94,30.13,39.11,140.37,mungbean,52,weather update day 52,Soil Moisture,DECREASE,0.38,60.61,34.38,66.06,6.94,30.13,39.11,140.37,failure,,mungbean,-0.8
221,76.84,30.53,2.62,6.62,24.93,50.35,47.96,jute,7,weather update day 7,temp,Increase,13%,76.84,30.53,2.62,6.62,28.17,50.35,47.96,partial,,jute,-1.2
222,57.53,55.08,31.75,7.26,19.01,83.33,169.25,maize,97,weather update day 97,rain,Increase,42%,57.53,55.08,31.75,7.26,19.01,83.33,240.34,partial,r1,maize,-1.9
223,29.99,47.72,35.45,5.43,28.17,80.64,101.68,rice,16,weather update day 16,Rainfall,decrease,0.13,29.99,47.72,35.45,5.43,28.17,80.64,101.55,no,,rice,-1.0
224,74.7,68.62,69.93,7.32,24.69,37.38,38.2,mungbean,48,weather update day 48,soilmoisture,Increase,0.58,74.83,68.62,69.93,7.32,24.69,37.38,38.2,partial,R4,mungbean,3.1
225,93.15,69.3,45.02,5.96,24.11,59.76,78.01,groundnut,31,weather update day 31,rain,increase,7%,93.15,69.3,45.02,5.96,24.11,59.76,83.47,Success,R5,groundnut,-1.0
226,74.49,,78.31,6.13,31.39,64.42,139.64,watermelon,115,weather update day 115,soilmoisture,,0.21,74.49,65.71,78.31,6.13,31.39,64.42,139.64,Success,R3,watermelon,2.7
227,69.35,13.07,38.36,6.88,23.45,86.41,154.29,cotton,106,weather update day 106,soil_moisture,decrease,0.44,69.35,13.07,38.36,6.88,23.45,86.41,154.29,success,R4,cotton,3.2
228,75.2,,19.91,6.67,24.25,33.34,230.59,coffee,146,weather update day 146, rainfall,Increase,0.1,75.2,30.63,19.91,6.67,24.25,33.34,230.82,Success,r1,coffee,-3.9
229,51.26,67.52,30.84,7.3,25.94,37.57,97.42,sugarcane,124,weather update day 124,soilmoisture,Increase,,51.26,67.52,30.84,7.3,25.94,37.57,97.42,,R6,sugarcane,2.5
230,85.51,29.07,7.67,6.26,26.72,72.37,160.32,jute,65,weather update day 65,,DECREASE,29%,85.51,29.07,7.67,6.26,26.72,72.37,160.32,success,R6,jute,-3.2
231,65.88,41.41,40.63,7.79,27.02,84.69,145.41,mango,31,weather update day 31,humidity,,59%,65.88,41.41,40.63,7.79,27.02,84.69,145.41,partial,R6,mango,-2.3
232,43.6,47.43,43.49,6.41,31.84,63.43,132.31,groundnut,120,weather update day 120,Soil Moisture,Increase,10%,44.9,47.43,43.49,6.41,31.84,63.43,132.31,no,R6,groundnut,-2.8
233,103.78,51.87,58.2,7.27,15.75,49.71,156.15,rice,109,weather update day 109,Rainfall,increase,,103.78,51.87,58.2,7.27,15.75,49.71,156.15,,R2,rice,4.7
234,73.87,69.65,46.66,6.35,28.96,66.49,126.58,banana,62,weather update day 62, rainfall,decrease,50%,73.87,69.65,46.66,6.35,28.96,66.49,63.29,FAILURE,R2,banana,2.8
235,,62.25,40.61,6.09,17.5,61.11,206.12,cotton,79,weather update day 79,humid,DECREASE,,84.79,62.25,40.61,6.09,17.5,61.11,206.12,partial,,cotton,-0.6
236,56.61,43.0,53.95,6.94,18.62,69.9,338.75,mungbean,83,weather update day 83,temp,Increase,47%,56.61,43.0,53.95,6.94,27.37,69.9,338.75,success,r1,mungbean,7.3
237,74.15,51.04,35.01,6.64,23.27,60.93,250.41,coffee,111,weather update day 111,Temperature,DECREASE,0.35,74.15,51.04,35.01,6.64,23.19,60.93,250.41,failure,r1,coffee,4.0
238,77.51,37.05,39.96,6.56,22.76,52.5,137.66,mungbean,68,weather update day 68,temperature ,Increase,9%,77.51,37.05,39.96,6.56,24.81,52.5,137.66,failure,,mungbean,-1.2
239,121.54,52.62,63.02,6.92,26.93,61.58,-18.23,coffee,133,weather update day 133,humidity,,23%,121.54,52.62,63.02,6.92,26.93,61.58,-18.23,yes,R3,coffee,-3.2
240,53.84,46.27,63.77,6.75,31.81,58.45,225.8,banana,124,weather update day 124,soilmoisture,decrease,0.12,53.82,46.27,63.77,6.75,31.81,58.45,225.8,,R1,banana,-5.0
241,84.95,47.98,60.54,5.69,28.21,68.26,189.03,chickpea,134,weather update day 134,Humidity ,,53%,84.95,47.98,60.54,5.69,28.21,68.26,189.03,Success,R3,chickpea,4.9
242,69.88,41.49,47.17,5.55,25.03,48.36,135.71,groundnut,126,weather update day 126, rainfall,increase,27%,69.88,41.49,47.17,5.55,25.03,48.36,172.35,FAILURE,R2,groundnut,-1.7
243,76.66,53.0,33.79,7.09,24.72,78.29,222.6,lentil,44,weather update day 44,temperature ,,36%,76.66,53.0,33.79,7.09,24.72,78.29,222.6,no,R2,lentil,0.8
244,50.15,55.79,67.22,7.18,26.41,84.6,95.73,banana,113,weather update day 113,soil_moisture,Increase,59%,50.15,55.79,67.22,7.18,26.41,84.6,95.73,FAILURE,R1,banana,-0.9
245,73.09,67.7,47.34,6.78,27.46,65.12,145.98,rice,3,weather update day 3,,decrease,0.24,73.09,67.7,47.34,6.78,27.46,65.12,145.98,no,,rice,-1.7
246,48.09,38.0,34.36,5.37,25.68,92.42,84.05,watermelon,133,weather update day 133,RAINFALL,Increase,,48.09,38.0,34.36,5.37,25.68,92.42,84.05,yes,R3,watermelon,5.4
247,69.63,55.96,25.18,6.6,29.28,57.64,213.73,sugarcane,109,weather update day 109,rain,decrease,,69.63,55.96,25.18,6.6,29.28,57.64,213.73,failure,R1,sugarcane,-1.4
248,75.84,43.63,67.66,7.07,31.14,69.8,95.61,jute,29,weather update day 29,Humidity ,increase,0.4,75.84,43.63,67.66,7.07,31.14,70.08,95.61,success,R1,jute,5.1
249,70.03,43.61,63.57,5.45,29.44,71.3,161.94,groundnut,116,weather update day 116,Temperature,Increase,,70.03,43.61,63.57,5.45,29.44,71.3,161.94,failure,R4,groundnut,-0.0
250,102.71,49.42,15.12,6.64,30.09,53.07,132.06,sugarcane,94,weather update day 94, rainfall,Increase,20%,102.71,49.42,15.12,6.64,30.09,53.07,158.48,,r1,sugarcane,-3.2
251,92.17,58.95,64.68,5.62,26.49,64.21,64.68,mango,149,weather update day 149,Rainfall,Increase,50%,92.17,58.95,64.68,5.62,26.49,64.21,97.02,,R2,mango,2.7
252,79.48,81.42,20.34,7.91,24.98,,201.52,sugarcane,9,weather update day 9, rainfall,Increase,0.4,79.48,81.42,20.34,7.91,24.98,63.64,202.33,,r1,sugarcane,2.5
253,80.09,51.28,33.87,5.83,28.55,76.36,214.26,chickpea,37,weather update day 37,Rainfall,Increase,,80.09,51.28,33.87,5.83,28.55,76.36,214.26,partial,R4,chickpea,-1.5
254,48.58,57.24,43.98,7.07,28.37,63.91,99.19,coconut,67,weather update day 67,temperature ,Increase,0.14,48.58,57.24,43.98,7.07,28.41,63.91,99.19,Success,R5,coconut,-4.5
255,68.04,62.15,78.08,6.7,29.28,,211.05,jute,4,weather update day 4,Humidity ,,5%,68.04,62.15,78.08,6.7,29.28,69.93,211.05,FAILURE,R2,jute,-1.4
256,58.09,63.51,78.59,6.18,29.41,47.69,195.28,banana,97,weather update day 97,RAINFALL,decrease,,58.09,63.51,78.59,6.18,29.41,47.69,195.28,failure,,banana,0.6
257,100.47,40.06,71.09,6.6,22.62,63.28,74.78,coconut,44,weather update day 44,humid,increase,47%,100.47,40.06,71.09,6.6,22.62,93.01,74.78,Success,R6,coconut,0.7
258,57.85,13.82,67.37,6.39,14.63,97.02,224.48,banana,16,weather update day 16,Rainfall,increase,54%,57.85,13.82,67.37,6.39,14.63,97.02,345.7,,R1,banana,-3.5
259,123.56,50.97,36.79,6.59,25.96,35.16,174.5,lentil,90,weather update day 90, rainfall,,56%,123.56,50.97,36.79,6.59,25.96,35.16,174.5,yes,R6,lentil,-0.9
260,60.18,33.04,45.74,5.64,21.76,45.37,140.79,jute,69,weather update day 69,Rainfall,decrease,54%,60.18,33.04,45.74,5.64,21.76,45.37,64.76,Success,,jute,-1.1
261,82.18,44.56,75.78,6.31,17.63,77.15,242.37,coconut,97,weather update day 97,Humidity ,DECREASE,0.27,82.18,44.56,75.78,6.31,17.63,76.94,242.37,yes,R6,coconut,-1.3
262,118.27,72.76,27.52,6.69,30.97,55.64,68.02,mungbean,102,weather update day 102,Humidity ,Increase,50%,118.27,72.76,27.52,6.69,30.97,83.47,68.02,yes,,mungbean,0.3
263,32.73,61.82,48.61,7.06,26.03,66.97,15.91,lentil,22,weather update day 22,Temperature,,20%,32.73,61.82,48.61,7.06,26.03,66.97,15.91,failure,,lentil,2.7
264,71.2,47.41,74.22,5.47,32.88,47.94,205.17,coffee,15,weather update day 15,temperature ,,41%,71.2,47.41,74.22,5.47,32.88,47.94,205.17,no,r1,coffee,3.3
265,84.09,55.27,47.65,7.03,29.96,71.82,71.29,watermelon,138,weather update day 138, rainfall,Increase,15%,84.09,55.27,47.65,7.03,29.96,71.82,81.98,no,R6,watermelon,-2.6
266,79.75,75.56,53.67,7.0,21.48,80.22,918.68,lentil,5,weather update day 5,humidity,DECREASE,54%,79.75,75.56,53.67,7.0,21.48,36.9,918.68,FAILURE,R5,lentil,-2.1
267,73.74,55.83,29.51,5.22,29.13,87.27,88.42,mungbean,51,weather update day 51, rainfall,decrease,6%,73.74,55.83,29.51,5.22,29.13,87.27,83.11,no,R6,mungbean,4.9
268,33.37,34.23,74.95,7.99,25.48,46.41,275.75,coconut,88,weather update day 88,Soil Moisture,decrease,55%,27.86,34.23,74.95,7.99,25.48,46.41,275.75,success,R6,coconut,4.8
269,50.23,33.45,51.24,7.61,30.59,41.44,90.62,coffee,132,weather update day 132,,decrease,30%,50.23,33.45,51.24,7.61,30.59,41.44,90.62,FAILURE,R3,coffee,2.8
270,-10.73,48.67,49.57,5.31,27.99,89.79,138.91,banana,7,weather update day 7,Soil Moisture,DECREASE,0.06,-10.72,48.67,49.57,5.31,27.99,89.79,138.91,success,,banana,2.0
271,39.04,45.0,32.23,5.86,28.21,59.07,163.98,mungbean,106,weather update day 106,humid,,,39.04,45.0,32.23,5.86,28.21,59.07,163.98,success,R2,mungbean,-3.7
272,71.08,56.91,43.46,6.33,34.76,83.08,973.77,sugarcane,21,weather update day 21,temperature ,Increase,,71.08,56.91,43.46,6.33,34.76,83.08,973.77,FAILURE,R2,sugarcane,2.8
273,55.34,77.27,61.95,6.94,27.17,,222.03,chickpea,108,weather update day 108,humidity,Increase,,55.34,77.27,61.95,6.94,27.17,61.27,222.03,Success,R4,chickpea,0.4
274,63.5,49.0,55.8,4.9,30.36,101.39,178.82,wheat,147,weather update day 147,temp,decrease,47%,63.5,49.0,55.8,4.9,16.09,101.39,178.82,yes,R2,wheat,-5.1
275,52.09,35.54,22.1,7.86,22.56,63.62,131.92,cotton,46,weather update day 46,,Increase,0.38,52.09,35.54,22.1,7.86,22.56,63.62,131.92,Success,R2,cotton,-3.1
276,113.15,40.91,61.36,6.74,32.51,88.42,151.92,coffee,69,weather update day 69,humidity,decrease,0.46,113.15,40.91,61.36,6.74,32.51,88.02,151.92,partial,,coffee,-2.3
277,19.02,53.86,22.91,6.11,26.23,60.47,111.84,wheat,73,weather update day 73,,increase,55%,19.02,53.86,22.91,6.11,26.23,60.47,111.84,,R2,wheat,-1.9
278,80.77,46.83,40.08,6.94,26.38,40.85,211.91,banana,148,weather update day 148,Soil Moisture,Increase,40%,90.47,46.83,40.08,6.94,26.38,40.85,211.91,success,R3,banana,4.0
279,53.29,66.46,63.61,6.1,28.88,42.37,161.1,cotton,115,weather update day 115,soil_moisture,decrease,0.51,53.29,66.46,63.61,6.1,28.88,42.37,161.1,Success,R4,cotton,1.4
280,98.38,20.76,60.01,7.29,19.31,51.71,98.95,coffee,89,weather update day 89,soil_moisture,DECREASE,41%,98.38,20.76,60.01,7.29,19.31,51.71,98.95,Success,R3,coffee,-2.2
281,49.9,60.26,63.31,7.82,21.35,34.95,133.36,sugarcane,10,weather update day 10, rainfall,decrease,,49.9,60.26,63.31,7.82,21.35,34.95,133.36,failure,r1,sugarcane,8.4
282,39.89,68.25,71.1,7.95,33.96,86.34,132.81,watermelon,139,weather update day 139,rain,Increase,0.3,39.89,68.25,71.1,7.95,33.96,86.34,133.21,Success,R4,watermelon,0.9
283,46.24,51.08,50.23,6.31,15.98,77.73,123.42,blackgram,61,weather update day 61,RAINFALL,,,46.24,51.08,50.23,6.31,15.98,77.73,123.42,failure,R4,blackgram,3.7
284,88.83,53.48,52.37,6.63,22.5,55.78,229.39,maize,108,weather update day 108,temperature ,decrease,,88.83,53.48,52.37,6.63,22.5,55.78,229.39,yes,R3,maize,2.2
285,47.0,55.2,74.24,5.3,26.38,66.86,73.53,coconut,51,weather update day 51,soil_moisture,,0.32,47.0,55.2,74.24,5.3,26.38,66.86,73.53,failure,R4,coconut,1.1
286,99.31,38.09,25.47,5.72,23.89,65.55,140.94,maize,38,weather update day 38,temp,decrease,41%,99.31,38.09,25.47,5.72,14.09,65.55,140.94,no,R3,maize,-5.3
287,124.25,67.01,68.8,6.9,27.38,82.84,7.13,coconut,86,weather update day 86,temperature ,Increase,43%,124.25,67.01,68.8,6.9,39.15,82.84,7.13,Success,R3,coconut,1.7
288,40.32,23.44,17.33,5.78,29.5,76.42,113.55,lentil,93,weather update day 93,rain,DECREASE,,40.32,23.44,17.33,5.78,29.5,76.42,113.55,no,R2,lentil,-0.1
289,36.25,62.47,63.69,6.76,20.39,85.7,272.23,jute,121,weather update day 121, rainfall,,19%,36.25,62.47,63.69,6.76,20.39,85.7,272.23,,,jute,0.4
290,61.91,53.79,57.39,6.33,20.19,75.96,921.7,coconut,16,weather update day 16,Soil Moisture,Increase,37%,68.78,53.79,57.39,6.33,20.19,75.96,921.7,no,R2,coconut,-2.6
291,51.09,,49.85,5.74,20.36,51.23,76.04,maize,69,weather update day 69,Temperature,DECREASE,0.4,51.09,71.76,49.85,5.74,20.28,51.23,76.04,yes,r1,maize,2.0
292,63.41,56.76,47.93,6.3,18.9,67.24,207.5,mango,25,weather update day 25,humid,,,63.41,56.76,47.93,6.3,18.9,67.24,207.5,failure,R6,mango,-2.3
293,74.65,63.52,39.55,6.52,24.71,40.8,204.99,cotton,109,weather update day 109,temp,decrease,0.2,74.65,63.52,39.55,6.52,24.66,40.8,204.99,partial,R6,cotton,6.2
294,110.87,74.29,64.79,5.89,23.18,49.97,166.79,banana,113,weather update day 113,rain,increase,16%,110.87,74.29,64.79,5.89,23.18,49.97,193.47,partial,R4,wheat,-8.8
295,59.61,11.33,56.01,6.47,32.73,70.6,61.28,sugarcane,139,weather update day 139,RAINFALL,DECREASE,0.53,59.61,11.33,56.01,6.47,32.73,70.6,60.95,partial,R1,sugarcane,-6.7
296,31.82,61.54,68.13,5.41,27.64,80.86,123.06,blackgram,123,weather update day 123,RAINFALL,,0.3,31.82,61.54,68.13,5.41,27.64,80.86,123.06,yes,R4,blackgram,2.0
297,85.66,63.86,26.02,8.5,27.38,71.04,179.83,sugarcane,140,weather update day 140,Humidity ,decrease,54%,85.66,63.86,26.02,8.5,27.38,32.68,179.83,,R2,sugarcane,1.5
298,68.33,2.18,60.29,6.25,19.26,78.84,188.18,coffee,31,weather update day 31,rain,Increase,0.23,68.33,2.18,60.29,6.25,19.26,78.84,188.61,yes,R4,coffee,-1.0
299,85.23,31.1,41.51,6.28,22.71,,54.34,lentil,73,weather update day 73,Temperature,Increase,16%,85.23,31.1,41.51,6.28,26.35,70.14,54.34,no,R3,lentil,6.2
300,56.52,66.67,59.05,4.99,24.13,72.35,158.33,cotton,27,weather update day 27,humid,Increase,42%,56.52,66.67,59.05,4.99,24.13,102.73,158.33,FAILURE,R4,cotton,1.9
301,,49.79,49.83,5.6,17.19,49.6,164.82,watermelon,143,weather update day 143,rain,increase,52%,59.48,49.79,49.83,5.6,17.19,49.6,250.53,yes,R1,watermelon,-1.5
302,73.31,29.27,39.29,7.17,20.74,27.02,1171.4,wheat,105,weather update day 105,soilmoisture,decrease,0.3,73.24,29.27,39.29,7.17,20.74,27.02,1171.4,partial,R5,wheat,-0.4
303,80.58,49.84,38.54,7.15,23.17,32.35,229.99,rice,58,weather update day 58,,increase,0.56,80.58,49.84,38.54,7.15,23.17,32.35,229.99,failure,R1,rice,-2.5
304,58.92,38.55,49.77,5.9,21.91,52.93,165.3,sugarcane,134,weather update day 134,soil_moisture,Increase,57%,58.92,38.55,49.77,5.9,21.91,52.93,165.3,failure,R4,sugarcane,3.6
305,66.53,59.11,44.1,7.98,31.65,76.25,157.89,banana,116,weather update day 116,humidity,Increase,19%,66.53,59.11,44.1,7.98,31.65,90.74,157.89,FAILURE,R3,banana,-1.2
306,50.54,21.84,56.29,5.42,17.41,84.12,196.09,wheat,127,weather update day 127,soil_moisture,,,50.54,21.84,56.29,5.42,17.41,84.12,196.09,failure,R6,wheat,-1.0
307,68.11,52.72,24.36,6.53,26.82,66.93,137.05,sugarcane,58,weather update day 58,humidity,Increase,0.42,68.11,52.72,24.36,6.53,26.82,67.21,137.05,success,R5,sugarcane,3.4
308,47.58,14.99,70.49,13.59,29.08,82.73,172.79,sugarcane,86,weather update day 86,rain,,34%,47.58,14.99,70.49,13.59,29.08,82.73,172.79,failure,R1,sugarcane,0.7
309,64.69,44.0,45.94,6.71,25.25,46.04,179.17,banana,12,weather update day 12,Temperature,Increase,39%,64.69,44.0,45.94,6.71,35.1,46.04,179.17,success,,banana,-2.9
310,-19.51,28.53,38.05,7.86,28.34,64.7,151.3,chickpea,24,weather update day 24,humid,increase,0.26,-19.51,28.53,38.05,7.86,28.34,64.87,151.3,,R6,chickpea,-2.8
311,67.8,47.24,34.1,7.83,24.12,75.49,37.5,mango,71,weather update day 71,humid,decrease,0.53,67.8,47.24,34.1,7.83,24.12,75.09,37.5,failure,R3,mango,3.5
312,81.97,46.47,24.76,7.22,32.01,63.59,169.23,mungbean,46,weather update day 46,temp,Increase,0.46,81.97,46.47,24.76,7.22,32.16,63.59,169.23,FAILURE,R3,mungbean,-6.2
313,48.7,47.47,60.71,6.18,33.9,75.18,106.87,maize,70,weather update day 70,Humidity ,increase,,48.7,47.47,60.71,6.18,33.9,75.18,106.87,yes,,maize,0.6
314,44.13,29.21,51.16,7.42,28.76,69.54,132.68,chickpea,149,weather update day 149,Soil Moisture,,5%,44.13,29.21,51.16,7.42,28.76,69.54,132.68,partial,r1,chickpea,2.0
315,76.99,52.0,-5.52,5.49,22.26,69.37,167.36,jute,17,weather update day 17,Rainfall,increase,42%,76.99,52.0,-5.52,5.49,22.26,69.37,237.65,success,R1,jute,-1.9
316,23.33,14.33,59.23,7.54,22.08,96.51,249.78,blackgram,58,weather update day 58,rain,decrease,36%,23.33,14.33,59.23,7.54,22.08,96.51,159.86,partial,R5,blackgram,2.4
317,78.62,53.65,41.81,7.74,20.42,47.43,206.53,blackgram,64,weather update day 64,soil_moisture,,0.53,78.62,53.65,41.81,7.74,20.42,47.43,206.53,partial,r1,blackgram,2.6
318,57.62,56.29,27.4,7.09,24.39,64.39,128.27,wheat,33,weather update day 33,humid,increase,0.39,57.62,56.29,27.4,7.09,24.39,64.64,128.27,Success,r1,wheat,-0.7
319,73.26,49.88,23.08,7.27,22.09,48.8,203.13,wheat,22,weather update day 22,Temperature,decrease,0.43,73.26,49.88,23.08,7.27,21.99,48.8,203.13,success,R4,wheat,2.3
320,83.93,56.0,44.53,6.89,24.08,57.04,36.04,coconut,25,weather update day 25,humid,Increase,14%,83.93,56.0,44.53,6.89,24.08,65.03,36.04,no,r1,coconut,-1.0
321,74.89,48.54,60.33,7.21,24.21,70.23,126.67,banana,61,weather update day 61,temperature ,increase,35%,74.89,48.54,60.33,7.21,32.68,70.23,126.67,FAILURE,R1,banana,4.4
322,101.71,64.34,82.98,6.54,27.44,60.99,132.78,rice,16,weather update day 16,Humidity ,DECREASE,,101.71,64.34,82.98,6.54,27.44,60.99,132.78,no,R6,rice,-3.1
323,103.96,37.02,76.22,5.81,28.63,47.93,1158.28,mungbean,73,weather update day 73,soil_moisture,,43%,103.96,37.02,76.22,5.81,28.63,47.93,1158.28,,,mungbean,-1.0
324,60.62,43.94,44.86,7.3,23.67,63.68,328.74,jute,10,weather update day 10,humid,decrease,7%,60.62,43.94,44.86,7.3,23.67,59.22,328.74,,R6,jute,-0.3
325,75.76,57.43,33.35,6.28,27.55,67.45,122.33,wheat,109,weather update day 109,RAINFALL,,39%,75.76,57.43,33.35,6.28,27.55,67.45,122.33,yes,R6,wheat,1.2
326,80.24,47.48,70.08,7.43,31.88,38.99,162.4,coffee,28,weather update day 28,Temperature,,0.14,80.24,47.48,70.08,7.43,31.88,38.99,162.4,failure,R3,coffee,2.3
327,60.85,65.7,61.92,6.1,25.37,56.73,64.83,coffee,80,weather update day 80,Temperature,,0.56,60.85,65.7,61.92,6.1,25.37,56.73,64.83,yes,R3,coffee,-2.6
328,68.86,61.0,42.54,6.47,28.81,59.18,132.13,jute,119,weather update day 119,Soil Moisture,Increase,,68.86,61.0,42.54,6.47,28.81,59.18,132.13,,R6,jute,-3.5
329,80.16,41.24,70.62,7.4,36.38,61.56,244.74,coffee,106,weather update day 106,temperature ,increase,,80.16,41.24,70.62,7.4,36.38,61.56,244.74,Success,R6,coffee,1.5
330,71.62,51.69,38.23,5.41,24.9,86.75,113.47,cotton,36,weather update day 36, rainfall,DECREASE,9%,71.62,51.69,38.23,5.41,24.9,86.75,103.26,success,R4,cotton,-1.6
331,48.13,57.47,59.63,5.48,22.91,57.15,140.1,jute,107,weather update day 107,temp,,,48.13,57.47,59.63,5.48,22.91,57.15,140.1,,R1,jute,3.2
332,79.41,22.16,67.74,8.0,22.42,70.04,121.59,watermelon,102,weather update day 102,,Increase,0.08,79.41,22.16,67.74,8.0,22.42,70.04,121.59,partial,R5,watermelon,1.9
333,96.89,59.77,56.52,11.36,24.0,64.17,95.86,coconut,42,weather update day 42,temp,increase,0.29,96.89,59.77,56.52,11.36,24.07,64.17,95.86,FAILURE,r1,coconut,-1.0
334,66.38,20.77,55.57,6.26,28.9,80.17,60.65,blackgram,22,weather update day 22,temperature ,DECREASE,,66.38,20.77,55.57,6.26,28.9,80.17,60.65,no,r1,blackgram,3.0
335,110.27,52.05,41.42,6.65,19.26,50.43,222.02,banana,135,weather update day 135,humid,,55%,110.27,52.05,41.42,6.65,19.26,50.43,222.02,failure,,banana,-2.0
336,65.6,18.98,56.14,5.51,21.53,54.96,137.7,groundnut,46,weather update day 46,Soil Moisture,Increase,53%,76.03,18.98,56.14,5.51,21.53,54.96,137.7,partial,R3,groundnut,0.0
337,-19.52,93.94,81.31,5.05,23.46,65.94,65.33,wheat,59,weather update day 59,soilmoisture,increase,0.06,-19.52,93.94,81.31,5.05,23.46,65.94,65.33,FAILURE,r1,wheat,6.1
338,83.34,47.09,86.2,6.53,11.58,66.26,225.69,banana,133,weather update day 133,Soil Moisture,,0.16,83.34,47.09,86.2,6.53,11.58,66.26,225.69,no,r1,banana,-2.8
339,-2.24,62.23,26.74,6.0,17.05,80.11,226.26,mango,57,weather update day 57,Soil Moisture,,0.37,-2.24,62.23,26.74,6.0,17.05,80.11,226.26,partial,R5,mango,-1.0
340,64.81,27.45,43.58,6.28,12.52,64.19,136.14,lentil,63,weather update day 63,humidity,DECREASE,0.2,64.81,27.45,43.58,6.28,12.52,64.06,136.14,success,R2,lentil,2.1
341,67.12,61.94,56.59,4.68,27.24,98.76,229.52,watermelon,15,weather update day 15,rain,Increase,0.39,67.12,61.94,56.59,4.68,27.24,98.76,230.41,no,R4,watermelon,1.2
342,81.11,86.44,44.47,5.17,18.97,64.46,220.63,lentil,130,weather update day 130,Temperature,Increase,,81.11,86.44,44.47,5.17,18.97,64.46,220.63,no,R6,lentil,1.9
343,48.32,81.51,49.25,5.95,30.43,95.75,125.5,banana,106,weather update day 106,temperature ,,50%,48.32,81.51,49.25,5.95,30.43,95.75,125.5,FAILURE,R5,banana,-2.1
344,66.79,65.54,47.27,6.65,21.02,79.75,81.26,rice,89,weather update day 89,rain,decrease,52%,66.79,65.54,47.27,6.65,21.02,79.75,39.01,yes,R2,rice,-0.7
345,97.62,42.25,46.2,6.12,26.54,86.38,95.63,groundnut,80,weather update day 80,humidity,,0.37,97.62,42.25,46.2,6.12,26.54,86.38,95.63,FAILURE,R5,groundnut,0.3
346,35.33,18.05,59.24,5.1,28.03,57.49,206.37,maize,24,weather update day 24,temperature ,Increase,51%,35.33,18.05,59.24,5.1,42.33,57.49,206.37,Success,R6,maize,-0.9
347,68.29,62.6,34.04,6.72,26.74,78.16,189.53,groundnut,46,weather update day 46,Temperature,increase,53%,68.29,62.6,34.04,6.72,40.92,78.16,189.53,success,R5,groundnut,6.1
348,53.42,40.67,43.83,6.49,26.24,58.56,162.01,coffee,9,weather update day 9, rainfall,,0.36,53.42,40.67,43.83,6.49,26.24,58.56,162.01,Success,R2,coffee,0.0
349,64.53,65.96,53.61,5.79,27.26,77.15,145.35,rice,44,weather update day 44,temp,increase,40%,64.53,65.96,53.61,5.79,38.16,77.15,145.35,,R6,rice,3.5
350,97.75,50.99,32.8,5.85,30.42,61.73,149.57,mungbean,89,weather update day 89,soil_moisture,Increase,,97.75,50.99,32.8,5.85,30.42,61.73,149.57,yes,R2,mungbean,1.8
351,88.52,48.63,44.8,7.02,30.82,64.7,103.73,groundnut,19,weather update day 19, rainfall,increase,0.52,88.52,48.63,44.8,7.02,30.82,64.7,104.27,partial,R5,groundnut,-5.3
352,82.19,54.81,48.34,6.98,24.67,69.85,71.68,lentil,13,weather update day 13,Temperature,Increase,0.36,82.19,54.81,48.34,6.98,24.75,69.85,71.68,FAILURE,R2,lentil,-1.6
353,43.73,41.31,30.87,6.26,32.54,59.34,127.34,mango,88,weather update day 88,soil_moisture,DECREASE,18%,43.73,41.31,30.87,6.26,32.54,59.34,127.34,partial,r1,mango,-0.0
354,48.02,60.31,46.41,6.14,30.45,55.89,137.99,jute,143,weather update day 143,humidity,DECREASE,,48.02,60.31,46.41,6.14,30.45,55.89,137.99,Success,,jute,4.2
355,40.56,48.96,62.08,7.33,23.69,60.25,60.49,maize,42,weather update day 42,Rainfall,increase,16%,40.56,48.96,62.08,7.33,23.69,60.25,70.16,partial,R5,maize,-2.4
356,-11.38,73.82,36.78,6.02,28.09,77.65,15.79,sugarcane,143,weather update day 143,temperature ,DECREASE,19%,-11.38,73.82,36.78,6.02,22.75,77.65,15.79,success,R1,sugarcane,1.5
357,38.44,50.08,21.17,6.68,29.6,69.01,173.63,lentil,138,weather update day 138,,increase,10%,38.44,50.08,21.17,6.68,29.6,69.01,173.63,failure,R1,lentil,3.1
358,,66.16,63.21,5.47,26.28,48.25,113.47,rice,67,weather update day 67,Rainfall,decrease,,29.05,66.16,63.21,5.47,26.28,48.25,113.47,failure,R5,rice,1.5
359,91.81,69.36,51.69,6.29,27.87,54.37,176.03,blackgram,141,weather update day 141,rain,Increase,49%,91.81,69.36,51.69,6.29,27.87,54.37,262.29,success,R6,blackgram,-9.6
360,90.68,54.28,55.18,7.02,27.9,89.14,87.58,jute,115,weather update day 115,humidity,decrease,0.5,90.68,54.28,55.18,7.02,27.9,88.69,87.58,no,r1,jute,0.7
361,71.51,38.5,53.88,7.08,28.27,41.79,154.75,mango,21,weather update day 21,humidity,increase,0.48,71.51,38.5,53.88,7.08,28.27,41.99,154.75,partial,r1,mango,0.5
362,98.6,46.1,59.43,7.2,26.26,59.35,128.41,coffee,51,weather update day 51,temp,DECREASE,44%,98.6,46.1,59.43,7.2,14.7,59.35,128.41,success,r1,coffee,1.4
363,95.55,17.1,29.1,5.69,25.72,37.2,215.87,rice,115,weather update day 115,temp,decrease,0.46,95.55,17.1,29.1,5.69,25.61,37.2,215.87,success,R2,rice,-6.0
364,108.75,10.12,44.99,5.41,24.07,78.21,221.87,watermelon,93,weather update day 93,Rainfall,,37%,108.75,10.12,44.99,5.41,24.07,78.21,221.87,no,,watermelon,3.7
365,64.47,56.51,51.88,6.22,23.8,48.25,209.27,coffee,52,weather update day 52,soil_moisture,DECREASE,0.42,64.47,56.51,51.88,6.22,23.8,48.25,209.27,success,R6,coffee,1.4
366,87.9,59.53,66.89,6.07,32.59,67.96,274.52,coconut,41,weather update day 41,Rainfall,Increase,0.14,87.9,59.53,66.89,6.07,32.59,67.96,274.9,failure,R2,coconut,-2.1
367,76.26,49.78,64.65,7.52,26.15,70.73,36.61,watermelon,57,weather update day 57,Temperature,Increase,32%,76.26,49.78,64.65,7.52,34.52,70.73,36.61,failure,R6,watermelon,-4.2
368,89.26,54.61,39.92,6.55,26.99,71.74,85.4,sugarcane,142,weather update day 142,Soil Moisture,Increase,57%,104.52,54.61,39.92,6.55,26.99,71.74,85.4,FAILURE,R4,sugarcane,2.0
369,87.93,50.32,46.81,7.7,30.86,66.77,138.02,mungbean,57,weather update day 57,temp,DECREASE,0.2,87.93,50.32,46.81,7.7,30.8,66.77,138.02,partial,R4,mungbean,-5.1
370,98.92,29.17,49.87,6.04,33.18,31.86,20.07,maize,58,weather update day 58,Rainfall,decrease,0.47,98.92,29.17,49.87,6.04,33.18,31.86,19.98,no,,maize,0.9
371,37.4,40.43,45.31,5.04,21.64,85.35,56.76,coffee,81,weather update day 81,soilmoisture,Increase,34%,41.22,40.43,45.31,5.04,21.64,85.35,56.76,yes,,coffee,4.4
372,61.82,52.41,64.51,6.87,28.68,28.23,53.17,blackgram,134,weather update day 134,RAINFALL,,0.39,61.82,52.41,64.51,6.87,28.68,28.23,53.17,Success,R3,blackgram,-2.4
373,79.69,38.75,64.57,7.48,24.7,49.52,156.02,watermelon,59,weather update day 59,soil_moisture,increase,49%,79.69,38.75,64.57,7.48,24.7,49.52,156.02,,R2,watermelon,6.5
374,92.58,71.96,48.55,6.21,22.63,77.2,119.25,lentil,96,weather update day 96,Rainfall,Increase,,92.58,71.96,48.55,6.21,22.63,77.2,119.25,yes,,lentil,-0.6
375,25.72,43.9,56.14,4.75,32.68,70.7,214.99,wheat,33,weather update day 33,Humidity ,decrease,,25.72,43.9,56.14,4.75,32.68,70.7,214.99,Success,R2,wheat,-1.7
376,35.81,41.64,38.17,6.6,38.66,64.69,157.59,coffee,113,weather update day 113,Rainfall,DECREASE,48%,35.81,41.64,38.17,6.6,38.66,64.69,81.95,no,R4,coffee,0.8
377,29.12,59.61,13.96,5.9,28.61,34.79,159.99,coconut,106,weather update day 106, rainfall,,0.14,29.12,59.61,13.96,5.9,28.61,34.79,159.99,failure,R4,coconut,-4.1
378,68.65,33.88,33.92,7.18,27.24,,202.74,jute,14,weather update day 14,temperature ,increase,9%,68.65,33.88,33.92,7.18,29.69,64.86,202.74,yes,R1,jute,2.2
379,66.88,45.68,50.74,6.3,15.84,86.24,143.37,lentil,123,weather update day 123,Rainfall,Increase,0.11,66.88,45.68,50.74,6.3,15.84,86.24,143.52,Success,,lentil,5.5
380,41.32,44.26,45.08,5.85,33.73,81.53,209.13,banana,54,weather update day 54,,Increase,0.24,41.32,44.26,45.08,5.85,33.73,81.53,209.13,failure,,banana,-0.3
381,,54.35,38.63,6.91,27.63,56.38,161.92,watermelon,69,weather update day 69,Soil Moisture,decrease,9%,93.54,54.35,38.63,6.91,27.63,56.38,161.92,success,r1,watermelon,-0.6
382,72.05,47.13,27.6,5.44,24.68,43.69,143.23,rice,75,weather update day 75,humidity,increase,,72.05,47.13,27.6,5.44,24.68,43.69,143.23,partial,R2,rice,-0.8
383,82.32,40.54,31.53,6.7,31.26,61.29,146.07,blackgram,91,weather update day 91,Rainfall,DECREASE,0.3,82.32,40.54,31.53,6.7,31.26,61.29,145.63,partial,R2,blackgram,2.4
384,55.52,42.32,50.72,8.07,22.92,49.64,107.13,cotton,123,weather update day 123,Rainfall,DECREASE,26%,55.52,42.32,50.72,8.07,22.92,49.64,79.28,partial,R1,cotton,1.0
385,108.15,28.46,43.32,5.97,25.1,85.57,90.93,rice,132,weather update day 132, rainfall,,0.44,108.15,28.46,43.32,5.97,25.1,85.57,90.93,partial,R1,rice,-1.4
386,42.26,48.33,51.1,6.54,32.65,62.76,36.36,chickpea,148,weather update day 148,humid,decrease,58%,42.26,48.33,51.1,6.54,32.65,26.36,36.36,,R1,coffee,10.6
387,30.03,39.42,56.92,7.02,22.61,60.42,114.16,rice,130,weather update day 130,temp,Increase,0.46,30.03,39.42,56.92,7.02,22.71,60.42,114.16,failure,R6,rice,0.4
388,65.26,37.5,64.29,6.3,35.12,66.22,154.43,rice,103,weather update day 103,Temperature,decrease,52%,65.26,37.5,64.29,6.3,16.86,66.22,154.43,success,R2,rice,-7.2
389,73.68,43.78,63.43,6.62,26.47,49.28,136.2,wheat,16,weather update day 16,RAINFALL,,0.09,73.68,43.78,63.43,6.62,26.47,49.28,136.2,,,wheat,2.9
390,70.21,46.64,56.72,6.93,31.59,53.85,174.16,mango,100,weather update day 100,Humidity ,increase,11%,70.21,46.64,56.72,6.93,31.59,59.77,174.16,yes,r1,mango,-2.7
391,88.52,63.56,44.02,5.97,24.0,73.04,129.63,coffee,26,weather update day 26,temp,,11%,88.52,63.56,44.02,5.97,24.0,73.04,129.63,no,R2,coffee,-2.3
392,52.29,40.63,28.18,7.09,31.04,65.35,98.13,blackgram,40,weather update day 40,humidity,Increase,0.34,52.29,40.63,28.18,7.09,31.04,65.57,98.13,FAILURE,R1,blackgram,4.8
393,92.11,63.83,43.27,6.1,21.19,72.54,140.46,mango,111,weather update day 111,temp,,0.28,92.11,63.83,43.27,6.1,21.19,72.54,140.46,success,R6,mango,-1.3
394,64.92,35.5,69.76,5.97,23.84,70.67,67.4,jute,37,weather update day 37,temp,decrease,38%,64.92,35.5,69.76,5.97,14.78,70.67,67.4,yes,R6,jute,-7.1
395,105.32,91.79,75.69,6.88,37.61,74.05,95.52,banana,103,weather update day 103,temp,,22%,105.32,91.79,75.69,6.88,37.61,74.05,95.52,success,R3,banana,-0.1
396,61.68,56.16,29.46,6.47,27.6,66.94,174.9,maize,25,weather update day 25,RAINFALL,decrease,25%,61.68,56.16,29.46,6.47,27.6,66.94,131.18,yes,R1,maize,-1.1
397,66.6,55.15,31.71,6.37,35.65,64.05,94.17,jute,147,weather update day 147,humid,increase,0.06,66.6,55.15,31.71,6.37,35.65,64.09,94.17,,R6,jute,-3.1
398,88.4,71.05,55.7,6.05,30.39,48.41,136.66,coconut,90,weather update day 90, rainfall,DECREASE,0.22,88.4,71.05,55.7,6.05,30.39,48.41,136.36,partial,,coconut,1.8
399,45.29,72.85,62.04,7.42,21.35,66.08,167.94,BLACKGRAM,91,weather update day 91,soil_moisture,increase,25%,45.29,72.85,62.04,7.42,21.35,66.08,167.94,Success,R1,blackgram,0.8
400,-10.75,51.82,77.93,6.31,32.09,72.2,235.1,cotton,72,weather update day 72,Soil Moisture,DECREASE,,-10.75,51.82,77.93,6.31,32.09,72.2,235.1,partial,R1,cotton,-1.0
401,81.73,60.22,43.59,5.6,23.76,56.21,145.18,mango,149,weather update day 149,RAINFALL,Increase,21%,81.73,60.22,43.59,5.6,23.76,56.21,175.67,yes,R6,mango,2.7
402,111.02,39.59,46.21,6.28,16.23,60.34,202.86,coffee,63,weather update day 63,,Increase,8%,111.02,39.59,46.21,6.28,16.23,60.34,202.86,Success,R2,coffee,1.6
403,40.63,49.47,78.08,8.26,29.25,,97.49,wheat,21,weather update day 21,Temperature,Increase,58%,40.63,49.47,78.08,8.26,46.22,50.28,97.49,Success,R1,wheat,7.7
404,63.28,59.01,12.45,5.82,27.07,57.1,117.54,coffee,33,weather update day 33, rainfall,decrease,0.24,63.28,59.01,12.45,5.82,27.07,57.1,117.26,FAILURE,R6,coffee,2.7
405,105.52,43.09,34.15,6.94,32.82,44.32,138.18,cotton,55,weather update day 55,Humidity ,,7%,105.52,43.09,34.15,6.94,32.82,44.32,138.18,FAILURE,,cotton,-1.8
406,67.72,49.83,25.72,6.19,33.48,80.57,115.2,lentil,138,weather update day 138,soilmoisture,DECREASE,,67.72,49.83,25.72,6.19,33.48,80.57,115.2,success,R5,lentil,-0.0
407,69.16,,55.99,6.28,30.45,85.57,94.45,rice,63,weather update day 63,soilmoisture,,40%,69.16,50.5,55.99,6.28,30.45,85.57,94.45,success,r1,rice,5.3
408,43.81,20.53,50.35,5.13,21.98,73.23,256.36,coconut,67,weather update day 67,Soil Moisture,Increase,0.08,43.82,20.53,50.35,5.13,21.98,73.23,256.36,success,R2,coconut,1.2
409,63.8,41.74,50.24,7.28,22.37,62.8,209.96,chickpea,33,weather update day 33, rainfall,Increase,59%,63.8,41.74,50.24,7.28,22.37,62.8,333.83,no,R5,chickpea,0.7
410,48.07,28.4,76.7,5.82,21.04,32.7,111.66,banana,102,weather update day 102,humid,DECREASE,30%,48.07,28.4,76.7,5.82,21.04,22.89,111.66,success,r1,banana,-4.0
411,68.05,24.75,18.96,11.05,19.37,96.58,26.31,wheat,68,weather update day 68,Rainfall,increase,32%,68.05,24.75,18.96,11.05,19.37,96.58,34.73,failure,R4,wheat,-2.6
412,79.48,58.31,79.84,6.78,27.59,77.85,79.61,mungbean,117,weather update day 117,,increase,58%,79.48,58.31,79.84,6.78,27.59,77.85,79.61,partial,R4,mungbean,-1.3
413,73.27,45.46,40.19,5.04,27.28,60.27,203.76,rice,125,weather update day 125,Soil Moisture,Increase,27%,79.21,45.46,40.19,5.04,27.28,60.27,203.76,Success,r1,rice,0.4
414,25.18,50.08,63.52,5.43,29.75,70.85,221.04,lentil,47,weather update day 47,temp,increase,0.54,25.18,50.08,63.52,5.43,29.91,70.85,221.04,,R6,lentil,-2.0
415,90.08,68.18,58.61,5.66,30.95,85.42,193.1,wheat,11,weather update day 11,humid,,14%,90.08,68.18,58.61,5.66,30.95,85.42,193.1,Success,R4,wheat,-7.5
416,62.05,45.26,22.65,7.37,16.93,49.12,270.72,coconut,60,weather update day 60,RAINFALL,increase,0.17,62.05,45.26,22.65,7.37,16.93,49.12,271.18,partial,R3,coconut,0.4
417,82.44,69.93,54.96,7.37,36.06,80.36,164.96,jute,25,weather update day 25,temp,,0.09,82.44,69.93,54.96,7.37,36.06,80.36,164.96,Success,R4,jute,3.1
418,123.07,67.84,33.1,7.07,18.92,44.43,145.96,banana,31,weather update day 31,,DECREASE,,123.07,67.84,33.1,7.07,18.92,44.43,145.96,,R4,banana,1.7
419,58.53,51.61,70.91,6.85,34.13,60.67,101.58,sugarcane,54,weather update day 54,Temperature,Increase,27%,58.53,51.61,70.91,6.85,43.35,60.67,101.58,partial,R5,sugarcane,4.3
420,-12.68,68.2,46.35,5.45,8.87,37.43,50.04,sugarcane,35,weather update day 35,Soil Moisture,DECREASE,0.55,-12.65,68.2,46.35,5.45,8.87,37.43,50.04,no,r1,sugarcane,0.8
421,70.55,51.91,41.49,6.31,23.71,55.61,127.09,wheat,62,weather update day 62,Humidity ,,34%,70.55,51.91,41.49,6.31,23.71,55.61,127.09,success,R3,wheat,-1.2
422,-15.17,40.08,61.56,6.01,21.72,55.83,217.12,maize,51,weather update day 51,temperature ,,0.54,-15.17,40.08,61.56,6.01,21.72,55.83,217.12,success,R6,maize,0.0
423,96.07,51.65,49.37,7.0,27.44,63.51,106.71,watermelon,1,weather update day 1,soil_moisture,increase,36%,96.07,51.65,49.37,7.0,27.44,63.51,106.71,failure,R5,watermelon,0.2
424,74.39,75.08,58.28,7.0,29.5,51.14,115.63,banana,86,weather update day 86,Humidity ,increase,0.58,74.39,75.08,58.28,7.0,29.5,51.43,115.63,partial,R6,banana,3.4
425,,29.61,48.75,5.93,20.17,64.84,143.22,jute,136,weather update day 136,rain,decrease,,71.04,29.61,48.75,5.93,20.17,64.84,143.22,partial,R5,jute,2.4
426,43.49,38.43,39.09,6.46,22.77,40.99,59.13,lentil,141,weather update day 141,soilmoisture,increase,0.55,43.56,38.43,39.09,6.46,22.77,40.99,59.13,failure,R6,lentil,2.0
427,80.03,77.64,36.28,5.99,28.64,61.08,251.14,sugarcane,63,weather update day 63,soilmoisture,increase,0.25,80.09,77.64,36.28,5.99,28.64,61.08,251.14,FAILURE,R4,sugarcane,1.0
428,78.25,54.32,44.45,5.3,31.35,63.72,154.78,watermelon,3,weather update day 3,Temperature,DECREASE,0.52,78.25,54.32,44.45,5.3,31.19,63.72,154.78,partial,R2,watermelon,4.8
429,62.47,54.74,58.51,7.53,18.46,56.65,175.73,lentil,30,weather update day 30,Soil Moisture,decrease,56%,51.98,54.74,58.51,7.53,18.46,56.65,175.73,yes,R5,lentil,2.3
430,85.01,27.39,40.49,8.03,34.95,74.06,171.25,coffee,97,weather update day 97,rain,decrease,25%,85.01,27.39,40.49,8.03,34.95,74.06,128.44,yes,R4,coffee,1.6
431,67.37,37.94,46.12,7.53,28.68,76.53,150.09,rice,141,weather update day 141,rain,decrease,16%,67.37,37.94,46.12,7.53,28.68,76.53,126.07,FAILURE,R4,rice,-5.3
432,79.99,57.99,28.42,7.24,17.19,82.16,70.84,sugarcane,62,weather update day 62,Rainfall,decrease,20%,79.99,57.99,28.42,7.24,17.19,82.16,56.67,,R1,sugarcane,-0.4
433,76.48,45.63,18.29,6.46,25.22,80.94,15.93,mango,130,weather update day 130,temp,increase,0.1,76.48,45.63,18.29,6.46,25.24,80.94,15.93,,R3,mango,0.7
434,85.44,57.95,37.02,6.97,34.62,42.31,123.76,cotton,34,weather update day 34,Soil Moisture,,40%,85.44,57.95,37.02,6.97,34.62,42.31,123.76,partial,R1,cotton,-1.5
435,62.88,55.52,45.1,5.95,31.53,68.59,146.78,maize,3,weather update day 3,RAINFALL,,,62.88,55.52,45.1,5.95,31.53,68.59,146.78,success,R1,maize,1.3
436,,40.61,56.89,4.22,21.72,48.11,134.62,watermelon,112,weather update day 112,soilmoisture,Increase,,72.21,40.61,56.89,4.22,21.72,48.11,134.62,,R6,watermelon,-1.6
437,108.14,40.18,49.46,6.15,16.0,75.52,183.81,jute,92,weather update day 92,rain,DECREASE,0.4,108.14,40.18,49.46,6.15,16.0,75.52,183.07,Success,,jute,-1.6
438,40.45,52.48,52.34,8.37,17.23,104.84,195.4,lentil,129,weather update day 129, rainfall,increase,0.51,40.45,52.48,52.34,8.37,17.23,104.84,196.4,partial,,lentil,5.5
439,67.49,,49.55,4.72,24.85,52.23,160.51,maize,118,weather update day 118,Humidity ,Increase,,67.49,54.92,49.55,4.72,24.85,52.23,160.51,success,R1,maize,9.0
440,69.54,47.29,38.34,6.22,29.85,57.25,133.54,blackgram,149,weather update day 149, rainfall,,0.29,69.54,47.29,38.34,6.22,29.85,57.25,133.54,,r1,blackgram,-0.4
441,64.32,73.52,59.62,7.06,30.45,71.31,157.24,wheat,43,weather update day 43,soilmoisture,decrease,,64.32,73.52,59.62,7.06,30.45,71.31,157.24,yes,R1,wheat,2.0
442,71.89,42.52,40.22,5.87,23.41,73.92,192.38,chickpea,116,weather update day 116,humidity,DECREASE,46%,71.89,42.52,40.22,5.87,23.41,39.92,192.38,success,R4,chickpea,-3.8
443,74.25,34.93,35.24,8.03,26.62,72.75,143.25,coffee,47,weather update day 47,Rainfall,decrease,50%,74.25,34.93,35.24,8.03,26.62,72.75,71.63,success,R5,coffee,-3.1
444,80.17,74.46,29.27,6.35,17.23,48.57,214.45,maize,107,weather update day 107,temperature ,decrease,,80.17,74.46,29.27,6.35,17.23,48.57,214.45,FAILURE,R1,maize,-2.8
445,82.58,44.64,78.43,7.67,34.37,51.25,179.45,wheat,149,weather update day 149, rainfall,DECREASE,17%,82.58,44.64,78.43,7.67,34.37,51.25,148.95,partial,R6,wheat,-0.8
446,-3.26,56.94,52.32,6.74,30.66,71.33,174.34,blackgram,89,weather update day 89,,Increase,0.56,-3.26,56.94,52.32,6.74,30.66,71.33,174.34,failure,R6,blackgram,2.1
447,114.88,9.11,44.15,7.5,30.9,103.48,156.45,lentil,16,weather update day 16,Rainfall,Increase,42%,114.88,9.11,44.15,7.5,30.9,103.48,222.16,yes,R3,lentil,-2.6
448,16.6,77.04,63.02,12.36,37.99,105.11,139.17,chickpea,109,weather update day 109,humid,Increase,56%,16.6,77.04,63.02,12.36,37.99,163.97,139.17,partial,R2,chickpea,-2.8
449,71.53,48.43,71.34,5.91,25.27,73.05,133.31,cotton,35,weather update day 35,Humidity ,increase,56%,71.53,48.43,71.34,5.91,25.27,113.95,133.31,yes,R4,cotton,2.9
450,90.97,58.42,74.38,7.24,24.14,30.5,186.27,mungbean,23,weather update day 23,,,58%,90.97,58.42,74.38,7.24,24.14,30.5,186.27,no,R2,mungbean,-3.0
451,53.69,41.61,22.19,6.35,26.29,30.76,143.88,coconut,47,weather update day 47,Soil Moisture,decrease,26%,49.5,41.61,22.19,6.35,26.29,30.76,143.88,failure,R4,coconut,0.1
452,65.46,56.0,89.2,5.09,29.91,51.33,148.8,wheat,88,weather update day 88,soil_moisture,,0.34,65.46,56.0,89.2,5.09,29.91,51.33,148.8,success,R3,wheat,-0.7
453,64.65,56.73,54.38,7.22,24.06,75.69,108.64,blackgram,28,weather update day 28,soilmoisture,Increase,0.53,64.76,56.73,54.38,7.22,24.06,75.69,108.64,Success,,blackgram,-4.2
454,63.63,58.11,56.49,6.3,22.76,68.47,232.61,mango,9,weather update day 9,temp,increase,0.57,63.63,58.11,56.49,6.3,22.89,68.47,232.61,no,R6,mango,2.3
455,60.97,43.46,53.09,5.93,22.09,78.19,186.43,sugarcane,49,weather update day 49,RAINFALL,,40%,60.97,43.46,53.09,5.93,22.09,78.19,186.43,no,R2,sugarcane,3.9
456,61.42,58.83,19.23,6.87,36.12,44.55,161.38,lentil,134,weather update day 134,Temperature,Increase,0.15,61.42,58.83,19.23,6.87,36.18,44.55,161.38,partial,R3,lentil,-2.0
457,70.97,37.54,52.87,6.46,24.81,51.39,115.39,mango,62,weather update day 62,humid,DECREASE,0.56,70.97,37.54,52.87,6.46,24.81,51.1,115.39,no,R5,mango,2.3
458,54.69,14.04,56.1,6.68,23.84,53.13,168.84,groundnut,79,weather update day 79,Humidity ,increase,0.09,54.69,14.04,56.1,6.68,23.84,53.18,168.84,partial,r1,groundnut,-3.0
459,86.78,77.23,30.18,6.15,17.93,78.97,129.93,blackgram,68,weather update day 68,temperature ,Increase,,86.78,77.23,30.18,6.15,17.93,78.97,129.93,no,R4,blackgram,0.6
460,111.72,34.78,41.49,6.83,25.73,50.27,217.31,blackgram,20,weather update day 20,temp,,0.41,111.72,34.78,41.49,6.83,25.73,50.27,217.31,Success,,blackgram,7.0
461,31.91,31.69,54.83,7.9,24.87,52.36,210.04,sugarcane,146,weather update day 146,,DECREASE,50%,31.91,31.69,54.83,7.9,24.87,52.36,210.04,yes,R4,sugarcane,1.0
462,103.45,63.84,14.37,4.92,31.21,57.2,51.06,watermelon,32,weather update day 32,Temperature,increase,0.2,103.45,63.84,14.37,4.92,31.28,57.2,51.06,yes,R3,watermelon,3.2
463,89.58,34.9,47.48,6.38,33.44,66.28,198.53,coffee,83,weather update day 83,RAINFALL,increase,39%,89.58,34.9,47.48,6.38,33.44,66.28,275.96,FAILURE,R5,coffee,0.1
464,96.74,67.74,46.07,7.3,35.52,76.31,178.78,cotton,109,weather update day 109,RAINFALL,decrease,14%,96.74,67.74,46.07,7.3,35.52,76.31,153.75,success,r1,cotton,1.1
465,76.36,40.56,51.51,6.37,25.79,73.34,117.49,jute,39,weather update day 39,humid,,35%,76.36,40.56,51.51,6.37,25.79,73.34,117.49,failure,R4,jute,1.9
466,,50.98,34.7,7.21,16.83,64.58,170.11,chickpea,75,weather update day 75,soilmoisture,decrease,,46.89,50.98,34.7,7.21,16.83,64.58,170.11,Success,R3,chickpea,-2.8
467,84.84,72.15,60.6,6.39,25.63,60.77,167.73,lentil,63,weather update day 63,Temperature,DECREASE,0.27,84.84,72.15,60.6,6.39,25.56,60.77,167.73,FAILURE,R2,lentil,-3.3
468,74.38,69.34,55.66,8.27,18.18,61.74,84.93,lentil,30,weather update day 30, rainfall,Increase,,74.38,69.34,55.66,8.27,18.18,61.74,84.93,FAILURE,r1,lentil,-3.0
469,10.63,70.24,60.96,6.92,22.96,71.42,107.74,banana,51,weather update day 51,soil_moisture,increase,0.18,10.63,70.24,60.96,6.92,22.96,71.42,107.74,partial,R2,banana,0.6
470,-14.36,33.7,21.86,5.07,16.69,81.2,187.87,lentil,25,weather update day 25,Temperature,Increase,42%,-14.36,33.7,21.86,5.07,23.7,81.2,187.87,success,R1,lentil,-0.2
471,93.12,70.74,23.88,7.5,27.92,,182.56,wheat,59,weather update day 59,Humidity ,decrease,59%,93.12,70.74,23.88,7.5,27.92,35.43,182.56,no,R4,wheat,0.5
472,104.51,52.58,19.53,6.76,32.56,44.24,87.27,banana,6,weather update day 6, rainfall,DECREASE,0.14,104.51,52.58,19.53,6.76,32.56,44.24,87.15,partial,,banana,0.8
473,76.33,43.05,46.64,7.12,29.21,68.71,158.86,sugarcane,6,weather update day 6,soilmoisture,decrease,37%,67.86,43.05,46.64,7.12,29.21,68.71,158.86,,R3,sugarcane,-0.7
474,42.64,45.53,45.39,5.74,25.81,49.06,216.8,banana,46,weather update day 46,Temperature,,35%,42.64,45.53,45.39,5.74,25.81,49.06,216.8,failure,R3,banana,1.3
475,68.71,55.17,46.56,6.31,33.17,,0.07,lentil,68,weather update day 68,rain,DECREASE,0.09,68.71,55.17,46.56,6.31,33.17,80.99,0.07,no,R2,lentil,4.4
476,109.96,67.69,17.19,6.8,23.18,59.04,171.03,rice,147,weather update day 147, rainfall,decrease,9%,109.96,67.69,17.19,6.8,23.18,59.04,155.64,FAILURE,R3,rice,3.5
477,71.27,39.07,31.57,7.06,30.23,74.06,240.92,maize,42,weather update day 42,Temperature,,0.42,71.27,39.07,31.57,7.06,30.23,74.06,240.92,no,R3,maize,-1.6
478,63.99,21.5,43.73,6.76,30.05,91.3,217.11,rice,130,weather update day 130, rainfall,increase,,63.99,21.5,43.73,6.76,30.05,91.3,217.11,no,r1,rice,0.5
479,57.12,66.67,55.02,7.4,20.58,80.58,276.35,mango,147,weather update day 147,temp,Increase,0.58,57.12,66.67,55.02,7.4,20.7,80.58,276.35,no,R3,mango,2.3
480,-16.85,53.15,12.71,7.17,22.08,,65.41,chickpea,105,weather update day 105,soil_moisture,DECREASE,13%,-16.85,53.15,12.71,7.17,22.08,68.04,65.41,FAILURE,,chickpea,-1.4
481,46.46,74.79,44.33,5.96,31.51,83.26,124.0,wheat,111,weather update day 111,humid,,,46.46,74.79,44.33,5.96,31.51,83.26,124.0,success,r1,wheat,0.8
482,81.86,71.28,74.26,7.57,30.35,96.28,176.27,chickpea,128,weather update day 128,rain,DECREASE,0.1,81.86,71.28,74.26,7.57,30.35,96.28,176.09,partial,R1,chickpea,1.0
483,97.14,70.08,48.35,7.25,31.16,61.21,140.55,groundnut,149,weather update day 149,Rainfall,Increase,6%,97.14,70.08,48.35,7.25,31.16,61.21,148.98,yes,r1,groundnut,1.6
484,57.82,50.12,45.87,7.35,27.69,59.83,100.97,coconut,26,weather update day 26,humidity,,,57.82,50.12,45.87,7.35,27.69,59.83,100.97,yes,,coconut,-5.3
485,87.77,74.11,44.38,6.22,24.8,75.06,133.07,mungbean,77,weather update day 77,temp,DECREASE,19%,87.77,74.11,44.38,6.22,20.09,75.06,133.07,,,mungbean,-1.6
486,64.61,51.04,51.06,6.47,25.15,51.6,185.67,coffee,116,weather update day 116,soilmoisture,increase,0.36,64.68,51.04,51.06,6.47,25.15,51.6,185.67,,R4,coffee,-0.8
487,68.75,40.24,52.95,6.14,22.89,,259.89,rice,83,weather update day 83, rainfall,decrease,29%,68.75,40.24,52.95,6.14,22.89,77.48,184.52,failure,R3,rice,0.8
488,43.21,62.42,36.51,7.06,28.22,56.95,97.26,groundnut,16,weather update day 16, rainfall,increase,0.5,43.21,62.42,36.51,7.06,28.22,56.95,97.75,partial,R6,groundnut,1.7
489,60.32,50.83,62.4,6.45,34.22,44.78,190.68,watermelon,27,weather update day 27,temperature ,decrease,29%,60.32,50.83,62.4,6.45,24.3,44.78,190.68,Success,R2,watermelon,-1.0
490,24.87,74.11,76.71,5.69,24.86,66.43,92.38,lentil,82,weather update day 82,soilmoisture,,21%,24.87,74.11,76.71,5.69,24.86,66.43,92.38,success,R2,lentil,-5.3
491,-2.24,64.61,84.99,6.97,33.9,46.82,279.58,coffee,31,weather update day 31,rain,decrease,0.32,-2.24,64.61,84.99,6.97,33.9,46.82,278.69,no,r1,coffee,-5.6
492,69.73,62.97,38.25,6.46,27.07,91.21,136.94,coconut,11,weather update day 11,,DECREASE,35%,69.73,62.97,38.25,6.46,27.07,91.21,136.94,no,R6,coconut,-0.5
493,89.31,68.54,49.6,6.66,22.91,60.26,186.95,groundnut,42,weather update day 42,soil_moisture,DECREASE,21%,89.31,68.54,49.6,6.66,22.91,60.26,186.95,failure,r1,groundnut,3.6
494,66.83,49.61,55.81,7.04,20.5,52.82,91.75,coconut,132,weather update day 132,Humidity ,,43%,66.83,49.61,55.81,7.04,20.5,52.82,91.75,partial,R1,coconut,4.2
495,76.24,52.25,36.84,8.43,26.86,58.36,159.1,mango,119,weather update day 119,Temperature,increase,0.48,76.24,52.25,36.84,8.43,26.99,58.36,159.1,Success,R6,mango,0.1
496,102.12,57.12,9.76,6.94,22.85,45.17,161.2,jute,67,weather update day 67,Rainfall,decrease,0.33,102.12,57.12,9.76,6.94,22.85,45.17,160.67,yes,r1,jute,-4.6
497,47.55,47.26,61.1,7.03,30.88,70.76,183.12,jute,137,weather update day 137,Humidity ,DECREASE,0.09,47.55,47.26,61.1,7.03,30.88,70.7,183.12,success,r1,jute,1.0
498,68.74,53.24,77.08,7.69,30.16,66.82,94.38,mungbean,88,weather update day 88, rainfall,Increase,0.57,68.74,53.24,77.08,7.69,30.16,66.82,94.92,no,R1,mungbean,5.0
499,107.18,64.73,78.93,4.51,26.48,60.14,142.5,banana,64,weather update day 64, rainfall,decrease,14%,107.18,64.73,78.93,4.51,26.48,60.14,122.55,,R6,banana,-2.0
500,105.62,40.23,55.74,6.52,27.69,47.98,65.85,sugarcane,118,weather update day 118,humid,Increase,0.5,105.62,40.23,55.74,6.52,27.69,48.22,65.85,Success,r1,sugarcane,-0.1
501,110.9,47.64,46.51,7.55,16.01,61.93,191.66,mango,33,weather update day 33,Soil Moisture,Increase,0.09,110.93,47.64,46.51,7.55,16.01,61.93,191.66,partial,R6,mango,3.1
502,46.36,56.02,63.16,6.98,24.28,69.12,167.07,groundnut,140,weather update day 140,temperature ,decrease,0.33,46.36,56.02,63.16,6.98,24.2,69.12,167.07,FAILURE,R1,groundnut,2.0
503,62.92,37.04,11.73,5.5,29.65,69.73,179.62,lentil,98,weather update day 98, rainfall,decrease,54%,62.92,37.04,11.73,5.5,29.65,69.73,82.62,,r1,lentil,-3.6
504,80.89,56.74,64.58,6.12,23.84,97.79,135.21,mungbean,26,weather update day 26,RAINFALL,,47%,80.89,56.74,64.58,6.12,23.84,97.79,135.21,failure,,mungbean,2.2
505,66.56,55.59,72.49,5.8,20.14,71.09,114.79,sugarcane,69,weather update day 69,soil_moisture,DECREASE,34%,66.56,55.59,72.49,5.8,20.14,71.09,114.79,,R2,sugarcane,-6.8
506,80.82,63.14,35.97,6.45,20.71,,162.03,blackgram,76,weather update day 76,humidity,DECREASE,0.27,80.82,63.14,35.97,6.45,20.71,27.45,162.03,success,R3,blackgram,1.8
507,66.15,38.59,70.37,6.55,22.04,85.84,205.61,maize,106,weather update day 106,Rainfall,decrease,32%,66.15,38.59,70.37,6.55,22.04,85.84,139.81,no,R3,maize,6.9
508,61.27,,46.41,6.2,24.71,88.98,183.66,maize,125,weather update day 125,Humidity ,decrease,0.25,61.27,48.36,46.41,6.2,24.71,88.76,183.66,yes,R2,maize,-0.9
509,29.47,66.79,62.03,5.62,31.65,70.6,126.81,wheat,50,weather update day 50,Rainfall,Increase,0.41,29.47,66.79,62.03,5.62,31.65,70.6,127.33,failure,R4,wheat,-3.5
510,62.74,46.75,45.54,5.88,23.78,60.95,246.77,rice,20,weather update day 20,Temperature,decrease,,62.74,46.75,45.54,5.88,23.78,60.95,246.77,Success,r1,rice,2.8
511,88.68,57.55,89.5,5.69,30.11,45.33,159.44,coffee,143,weather update day 143,humid,decrease,,88.68,57.55,89.5,5.69,30.11,45.33,159.44,failure,R2,coffee,2.9
512,69.95,49.83,52.32,6.83,34.56,102.1,167.42,blackgram,131,weather update day 131,humidity,,0.05,69.95,49.83,52.32,6.83,34.56,102.1,167.42,,r1,blackgram,-6.5
513,106.39,50.27,24.08,7.17,28.15,85.73,57.84,wheat,139,weather update day 139,soil_moisture,,12%,106.39,50.27,24.08,7.17,28.15,85.73,57.84,success,R3,wheat,-3.3
514,113.79,51.26,74.74,6.05,26.0,74.77,104.89,chickpea,100,weather update day 100,soilmoisture,decrease,0.43,113.64,51.26,74.74,6.05,26.0,74.77,104.89,success,R3,chickpea,-0.5
515,61.45,22.3,69.31,6.57,12.14,96.05,121.27,sugarcane,17,weather update day 17, rainfall,,0.2,61.45,22.3,69.31,6.57,12.14,96.05,121.27,Success,r1,sugarcane,7.3
516,7.99,54.01,36.42,6.63,19.82,93.63,126.81,chickpea,130,weather update day 130,Temperature,DECREASE,0.46,7.99,54.01,36.42,6.63,19.73,93.63,126.81,partial,R3,chickpea,-2.2
517,52.64,58.36,61.49,6.02,18.52,64.82,139.63,rice,74,weather update day 74,Soil Moisture,,0.38,52.64,58.36,61.49,6.02,18.52,64.82,139.63,Success,R2,rice,-1.3
518,88.79,26.93,33.11,7.82,24.88,79.98,122.79,mungbean,62,weather update day 62,rain,increase,53%,88.79,26.93,33.11,7.82,24.88,79.98,187.87,FAILURE,r1,mungbean,-1.6
519,47.54,38.8,53.87,6.4,29.69,36.7,51.21,sugarcane,104,weather update day 104,soilmoisture,decrease,49%,40.55,38.8,53.87,6.4,29.69,36.7,51.21,partial,R4,sugarcane,-4.6
520,,45.08,24.4,6.71,25.83,41.86,23.18,jute,42,weather update day 42,RAINFALL,decrease,0.18,80.21,45.08,24.4,6.71,25.83,41.86,23.14,partial,R4,jute,-0.5
521,81.58,56.9,75.73,7.5,22.57,,92.94,blackgram,1,weather update day 1,rain,increase,,81.58,56.9,75.73,7.5,22.57,77.3,92.94,partial,R1,blackgram,2.1
522,29.39,50.18,42.23,5.74,31.49,75.04,296.33,mungbean,53,weather update day 53,Rainfall,increase,0.34,29.39,50.18,42.23,5.74,31.49,75.04,297.34,FAILURE,r1,mungbean,2.5
523,79.82,61.02,59.93,7.44,26.91,45.55,173.98,sugarcane,27,weather update day 27,temp,increase,,79.82,61.02,59.93,7.44,26.91,45.55,173.98,success,R5,sugarcane,-2.0
524,43.85,26.03,36.66,7.09,25.02,58.03,152.66,rice,40,weather update day 40,,DECREASE,0.1,43.85,26.03,36.66,7.09,25.02,58.03,152.66,,R1,rice,-5.2
525,75.21,28.99,60.96,7.66,23.43,48.35,166.68,jute,86,weather update day 86,temperature ,decrease,46%,75.21,28.99,60.96,7.66,12.65,48.35,166.68,Success,R6,jute,1.1
526,59.35,67.93,50.09,5.82,28.01,72.02,888.2,sugarcane,84,weather update day 84, rainfall,,43%,59.35,67.93,50.09,5.82,28.01,72.02,888.2,yes,R2,sugarcane,-2.9
527,88.19,44.35,61.66,5.67,30.79,70.13,144.69,coffee,34,weather update day 34,temp,DECREASE,0.25,88.19,44.35,61.66,5.67,30.72,70.13,144.69,FAILURE,R3,coffee,0.4
528,54.06,89.72,60.52,8.81,30.14,56.58,199.76,mungbean,97,weather update day 97,,Increase,0.45,54.06,89.72,60.52,8.81,30.14,56.58,199.76,no,R3,mungbean,2.7
529,95.4,69.43,42.92,6.0,21.68,75.39,137.72,mango,1,weather update day 1,soilmoisture,Increase,47%,108.85,69.43,42.92,6.0,21.68,75.39,137.72,Success,R1,mango,-1.2
530,62.39,37.75,47.79,5.32,30.66,64.17,147.98,rice,74,weather update day 74,Soil Moisture,,0.41,62.39,37.75,47.79,5.32,30.66,64.17,147.98,failure,R6,rice,-0.3
531,78.79,63.56,32.05,7.12,20.97,59.49,-34.95,mungbean,147,weather update day 147,RAINFALL,,0.39,78.79,63.56,32.05,7.12,20.97,59.49,-34.95,,r1,mungbean,1.2
532,74.31,29.19,28.35,6.24,24.46,70.55,143.36,mungbean,87,weather update day 87,soil_moisture,decrease,0.17,74.31,29.19,28.35,6.24,24.46,70.55,143.36,success,R2,mungbean,2.4
533,32.47,38.01,58.63,6.67,29.03,58.56,53.29,coconut,56,weather update day 56,Soil Moisture,,0.34,32.47,38.01,58.63,6.67,29.03,58.56,53.29,yes,r1,coconut,5.0
534,42.45,75.5,79.31,6.57,17.15,48.7,52.57,chickpea,66,weather update day 66,soil_moisture,Increase,43%,42.45,75.5,79.31,6.57,17.15,48.7,52.57,FAILURE,r1,chickpea,-5.0
535,52.0,60.05,55.92,5.71,21.09,63.16,81.7,chickpea,74,weather update day 74,Humidity ,,28%,52.0,60.05,55.92,5.71,21.09,63.16,81.7,partial,R1,chickpea,3.3
536,72.0,58.17,30.03,7.5,26.47,78.76,202.58,sugarcane,100,weather update day 100,temp,decrease,0.32,72.0,58.17,30.03,7.5,26.38,78.76,202.58,partial,r1,sugarcane,1.6
537,54.99,31.31,14.02,6.02,35.75,69.07,206.37,blackgram,55,weather update day 55,soil_moisture,Increase,8%,54.99,31.31,14.02,6.02,35.75,69.07,206.37,Success,R5,blackgram,-2.7
538,,45.59,33.22,6.85,30.53,68.16,101.93,blackgram,33,weather update day 33, rainfall,,13%,86.37,45.59,33.22,6.85,30.53,68.16,101.93,FAILURE,R2,blackgram,1.4
539,46.86,30.0,20.07,7.03,31.94,92.74,200.59,blackgram,135,weather update day 135,temp,decrease,0.43,46.86,30.0,20.07,7.03,31.81,92.74,200.59,Success,R3,blackgram,3.4
540,72.06,15.29,78.12,6.85,32.14,41.29,224.67,chickpea,141,weather update day 141,Humidity ,,6%,72.06,15.29,78.12,6.85,32.14,41.29,224.67,failure,R6,chickpea,6.7
541,101.35,61.23,55.53,4.95,22.42,91.08,174.65,blackgram,121,weather update day 121,RAINFALL,increase,30%,101.35,61.23,55.53,4.95,22.42,91.08,227.04,FAILURE,r1,blackgram,0.6
542,63.15,52.73,22.87,6.54,28.39,54.61,121.75,watermelon,139,weather update day 139,Humidity ,Increase,50%,63.15,52.73,22.87,6.54,28.39,81.91,121.75,,,watermelon,-1.7
543,89.16,59.95,29.53,6.81,30.99,82.73,146.01,sugarcane,54,weather update day 54,Temperature,Increase,,89.16,59.95,29.53,6.81,30.99,82.73,146.01,success,R4,sugarcane,-1.1
544,66.71,75.3,50.36,6.07,17.6,52.19,96.43,watermelon,106,weather update day 106,temperature ,DECREASE,58%,66.71,75.3,50.36,6.07,7.39,52.19,96.43,failure,R3,watermelon,2.9
545,92.49,15.01,81.51,7.62,19.27,77.4,122.39,groundnut,8,weather update day 8,rain,increase,0.51,92.49,15.01,81.51,7.62,19.27,77.4,123.01,partial,R2,groundnut,-0.3
546,71.58,45.45,55.8,6.81,33.65,63.57,221.67,coconut,130,weather update day 130,Soil Moisture,,35%,71.58,45.45,55.8,6.81,33.65,63.57,221.67,partial,,coconut,2.8
547,82.5,55.69,38.14,12.95,21.73,40.4,224.67,maize,45,weather update day 45,temperature ,decrease,0.16,82.5,55.69,38.14,12.95,21.69,40.4,224.67,success,R3,maize,0.0
548,-8.31,46.98,43.75,7.34,27.55,89.18,221.85,maize,34,weather update day 34, rainfall,Increase,55%,-8.31,46.98,43.75,7.34,27.55,89.18,343.87,success,R3,maize,-3.8
549,59.27,60.74,37.29,6.47,20.79,83.4,117.29,maize,21,weather update day 21,soil_moisture,increase,0.45,59.27,60.74,37.29,6.47,20.79,83.4,117.29,failure,R6,maize,4.6
550,63.49,51.46,53.12,8.05,30.37,56.2,184.76,maize,53,weather update day 53, rainfall,decrease,22%,63.49,51.46,53.12,8.05,30.37,56.2,144.11,partial,R1,maize,3.5
551,103.43,36.48,57.1,6.43,32.29,71.09,135.9,watermelon,30,weather update day 30, rainfall,Increase,,103.43,36.48,57.1,6.43,32.29,71.09,135.9,yes,R6,watermelon,-2.7
552,73.87,36.92,44.43,6.61,30.64,68.37,115.71,mango,63,weather update day 63,humid,,0.56,73.87,36.92,44.43,6.61,30.64,68.37,115.71,failure,R1,mango,2.9
553,77.12,61.53,70.71,6.64,18.24,76.83,121.69,groundnut,104,weather update day 104,Rainfall,decrease,7%,77.12,61.53,70.71,6.64,18.24,76.83,113.17,success,R5,groundnut,-1.0
554,81.59,12.34,47.31,6.54,30.68,67.77,225.19,coconut,25,weather update day 25,humid,Increase,20%,81.59,12.34,47.31,6.54,30.68,81.33,225.19,yes,R1,coconut,1.2
555,,43.99,25.52,6.11,26.12,60.69,199.09,cotton,62,weather update day 62,temperature ,DECREASE,0.19,55.07,43.99,25.52,6.11,26.07,60.69,199.09,,R1,cotton,0.4
556,58.65,46.68,33.08,7.24,26.32,79.27,223.33,lentil,67,weather update day 67,,decrease,28%,58.65,46.68,33.08,7.24,26.32,79.27,223.33,yes,r1,lentil,-6.5
557,48.79,33.23,23.47,4.97,23.16,81.93,285.39,groundnut,30,weather update day 30,RAINFALL,,20%,48.79,33.23,23.47,4.97,23.16,81.93,285.39,yes,R4,groundnut,-1.7
558,89.69,46.79,47.11,7.04,20.39,70.74,159.99,wheat,117,weather update day 117,RAINFALL,increase,0.51,89.69,46.79,47.11,7.04,20.39,70.74,160.8,failure,R4,wheat,1.5
559,-4.2,58.21,27.69,7.51,33.16,54.16,161.62,groundnut,122,weather update day 122,humidity,decrease,9%,-4.2,58.21,27.69,7.51,33.16,49.28,161.62,partial,r1,groundnut,1.9
560,38.75,42.06,62.3,5.5,27.47,44.65,177.99,groundnut,128,weather update day 128, rainfall,,,38.75,42.06,62.3,5.5,27.47,44.65,177.99,partial,R4,groundnut,-0.1
561,73.13,54.98,39.24,6.61,24.63,50.01,146.78,watermelon,108,weather update day 108,soil_moisture,Increase,46%,73.13,54.98,39.24,6.61,24.63,50.01,146.78,partial,R3,watermelon,2.4
562,69.84,52.37,43.0,7.53,28.11,84.65,137.04,chickpea,11,weather update day 11,RAINFALL,DECREASE,43%,69.84,52.37,43.0,7.53,28.11,84.65,78.11,failure,R6,chickpea,4.0
563,41.13,60.3,56.75,6.24,34.1,55.73,139.86,coffee,52,weather update day 52,humid,decrease,41%,41.13,60.3,56.75,6.24,34.1,32.88,139.86,success,R5,coffee,2.3
564,49.21,46.46,39.7,5.71,36.18,85.45,1094.9,blackgram,98,weather update day 98,Soil Moisture,DECREASE,54%,41.24,46.46,39.7,5.71,36.18,85.45,1094.9,FAILURE,,blackgram,-0.3
565,49.26,61.16,50.02,7.9,24.59,71.37,103.22,cotton,28,weather update day 28,Temperature,increase,15%,49.26,61.16,50.02,7.9,28.28,71.37,103.22,no,R4,cotton,0.2
566,99.11,23.26,32.3,7.4,32.8,63.95,242.3,rice,27,weather update day 27,rain,Increase,0.21,99.11,23.26,32.3,7.4,32.8,63.95,242.81,Success,,rice,-2.2
567,61.98,87.87,46.63,6.26,26.39,50.49,245.83,chickpea,108,weather update day 108, rainfall,,0.31,61.98,87.87,46.63,6.26,26.39,50.49,245.83,yes,R3,chickpea,-4.4
568,80.87,66.25,32.69,6.58,17.26,46.14,203.05,coconut,90,weather update day 90,Temperature,increase,22%,80.87,66.25,32.69,6.58,21.05,46.14,203.05,no,R6,coconut,-1.7
569,57.78,46.39,17.38,6.8,27.32,65.96,136.99,mango,93,weather update day 93,soil_moisture,increase,0.07,57.78,46.39,17.38,6.8,27.32,65.96,136.99,,R2,mango,-0.9
570,78.63,29.85,60.92,7.51,29.89,51.63,106.08,coconut,98,weather update day 98,temperature ,DECREASE,,78.63,29.85,60.92,7.51,29.89,51.63,106.08,FAILURE,r1,coconut,-1.6
571,75.17,68.49,51.94,6.11,34.19,68.38,159.99,maize,53,weather update day 53,humid,decrease,41%,75.17,68.49,51.94,6.11,34.19,40.34,159.99,Success,R1,maize,2.4
572,75.19,36.44,59.49,5.17,25.67,46.83,110.89,blackgram,10,weather update day 10, rainfall,Increase,0.35,75.19,36.44,59.49,5.17,25.67,46.83,111.28,Success,R6,blackgram,0.1
573,50.58,61.68,73.45,7.56,25.03,26.26,164.02,chickpea,15,weather update day 15,temp,DECREASE,,50.58,61.68,73.45,7.56,25.03,26.26,164.02,yes,R3,chickpea,0.3
574,81.81,60.57,100.67,5.53,26.43,54.74,171.03,watermelon,94,weather update day 94,soil_moisture,increase,25%,81.81,60.57,100.67,5.53,26.43,54.74,171.03,partial,,watermelon,4.1
575,74.48,50.19,49.76,12.36,26.12,72.47,237.07,lentil,117,weather update day 117,soil_moisture,Increase,58%,74.48,50.19,49.76,12.36,26.12,72.47,237.07,FAILURE,R6,lentil,2.9
576,99.88,57.92,72.29,7.83,25.26,57.01,103.95,groundnut,129,weather update day 129,RAINFALL,Increase,19%,99.88,57.92,72.29,7.83,25.26,57.01,123.71,Success,R2,groundnut,-3.0
577,,71.28,54.28,6.72,28.07,72.86,198.54,maize,12,weather update day 12,soil_moisture,DECREASE,,38.84,71.28,54.28,6.72,28.07,72.86,198.54,success,r1,maize,-1.8
578,36.48,51.63,13.09,7.21,19.43,38.41,128.18,lentil,94,weather update day 94,humid,increase,0.56,36.48,51.63,13.09,7.21,19.43,38.63,128.18,no,R6,lentil,5.1
579,49.79,76.41,33.74,6.77,32.57,58.38,112.67,coffee,23,weather update day 23,humid,increase,30%,49.79,76.41,33.74,6.77,32.57,75.89,112.67,partial,R4,coffee,-1.7
580,65.47,35.61,41.3,7.37,35.42,88.15,120.67,watermelon,50,weather update day 50,humid,decrease,0.14,65.47,35.61,41.3,7.37,35.42,88.03,120.67,,r1,watermelon,-3.4
581,77.79,16.69,26.44,7.21,27.43,62.79,183.89,sugarcane,85,weather update day 85,temperature ,Increase,,77.79,16.69,26.44,7.21,27.43,62.79,183.89,,R1,sugarcane,4.9
582,59.36,44.17,27.77,6.8,38.3,76.72,98.14,mango,60,weather update day 60,,,,59.36,44.17,27.77,6.8,38.3,76.72,98.14,no,R1,mango,3.4
583,78.51,64.59,45.97,6.75,27.54,43.63,291.21,coconut,62,weather update day 62,Temperature,Increase,0.05,78.51,64.59,45.97,6.75,27.55,43.63,291.21,Success,R5,coconut,2.9
584,73.49,81.22,72.47,5.85,27.96,37.36,49.55,blackgram,83,weather update day 83,rain,Increase,0.4,73.49,81.22,72.47,5.85,27.96,37.36,49.75,FAILURE,r1,blackgram,-1.5
585,78.39,72.45,33.33,7.24,30.62,45.59,216.63,watermelon,96,weather update day 96,soil_moisture,,46%,78.39,72.45,33.33,7.24,30.62,45.59,216.63,partial,R3,watermelon,-1.8
586,36.62,54.48,20.21,6.95,21.96,50.87,166.37,groundnut,55,weather update day 55,Rainfall,decrease,17%,36.62,54.48,20.21,6.95,21.96,50.87,138.09,failure,R4,groundnut,2.9
587,35.16,66.13,41.86,6.3,25.2,80.19,139.23,sugarcane,38,weather update day 38,Temperature,DECREASE,19%,35.16,66.13,41.86,6.3,20.42,80.19,139.23,partial,r1,sugarcane,5.6
588,-11.95,25.54,69.71,7.12,28.33,87.82,93.07,mango,95,weather update day 95, rainfall,Increase,0.25,-11.95,25.54,69.71,7.12,28.33,87.82,93.3,Success,R3,mango,5.2
589,95.49,62.24,65.93,8.39,27.41,86.64,125.71,rice,145,weather update day 145,Soil Moisture,decrease,27%,87.75,62.24,65.93,8.39,27.41,86.64,125.71,no,R4,rice,1.6
590,50.45,32.67,67.6,5.83,31.0,67.23,216.1,groundnut,83,weather update day 83,humidity,decrease,0.24,50.45,32.67,67.6,5.83,31.0,67.07,216.1,yes,R5,groundnut,-3.3
591,43.86,45.52,30.39,5.77,18.08,66.72,244.4,coffee,32,weather update day 32, rainfall,decrease,,43.86,45.52,30.39,5.77,18.08,66.72,244.4,FAILURE,R4,coffee,1.7
592,58.31,23.49,88.28,4.74,29.99,45.2,86.95,rice,104,weather update day 104,Humidity ,Increase,11%,58.31,23.49,88.28,4.74,29.99,50.18,86.95,FAILURE,,rice,3.2
593,55.46,7.56,38.03,7.55,15.64,50.72,176.34,blackgram,127,weather update day 127,rain,,,55.46,7.56,38.03,7.55,15.64,50.72,176.34,success,r1,blackgram,-6.7
594,73.32,32.75,53.84,5.67,21.72,60.9,86.86,blackgram,118,weather update day 118,Soil Moisture,Increase,0.39,73.41,32.75,53.84,5.67,21.72,60.9,86.86,yes,R4,blackgram,-1.4
595,50.55,56.99,64.37,7.25,29.78,,118.68,lentil,116,weather update day 116,Temperature,,,50.55,56.99,64.37,7.25,29.78,63.0,118.68,no,R5,lentil,-2.2
596,62.23,52.37,22.57,6.75,25.27,70.97,182.84,lentil,43,weather update day 43,temperature ,DECREASE,,62.23,52.37,22.57,6.75,25.27,70.97,182.84,no,R5,lentil,-0.7
597,74.97,51.17,55.2,6.66,20.85,65.69,85.58,jute,19,weather update day 19,soilmoisture,DECREASE,,74.97,51.17,55.2,6.66,20.85,65.69,85.58,partial,R5,jute,0.2
598,78.37,45.09,46.62,6.38,24.45,55.98,165.91,maize,17,weather update day 17,Rainfall,Increase,0.52,78.37,45.09,46.62,6.38,24.45,55.98,166.77,Success,R6,maize,-2.0
599,43.63,66.3,58.24,5.66,17.1,75.77,51.4,coconut,23,weather update day 23,humid,decrease,54%,43.63,66.3,58.24,5.66,17.1,34.85,51.4,Success,R2,coconut,0.3
600,68.73,28.24,49.36,7.34,25.85,76.63,87.27,rice,33,weather update day 33,humidity,Increase,6%,68.73,28.24,49.36,7.34,25.85,81.22,87.27,success,R2,rice,-0.1
601,75.82,44.55,44.69,4.51,24.89,79.54,112.12,banana,1,weather update day 1,temp,,53%,75.82,44.55,44.69,4.51,24.89,79.54,112.12,partial,R6,banana,0.2
602,87.16,58.3,43.37,7.37,25.35,52.23,104.46,groundnut,129,weather update day 129,temp,Increase,55%,87.16,58.3,43.37,7.37,39.3,52.23,104.46,failure,R2,groundnut,1.2
603,64.8,30.49,21.41,5.16,26.98,61.48,151.96,mango,1,weather update day 1,Rainfall,,0.16,64.8,30.49,21.41,5.16,26.98,61.48,151.96,no,R5,mango,-1.6
604,52.3,54.3,50.97,6.96,21.63,58.99,180.56,blackgram,38,weather update day 38,Humidity ,,37%,52.3,54.3,50.97,6.96,21.63,58.99,180.56,,,blackgram,3.7
605,99.41,48.73,74.97,6.4,18.14,58.51,116.49,maize,15,weather update day 15,temperature ,DECREASE,38%,99.41,48.73,74.97,6.4,11.25,58.51,116.49,success,r1,maize,-2.8
606,62.9,57.53,46.96,6.7,23.31,41.03,237.93,coffee,30,weather update day 30,rain,Increase,0.42,62.9,57.53,46.96,6.7,23.31,41.03,238.93,failure,r1,coffee,-1.5
607,57.78,46.39,17.38,6.8,27.32,65.96,136.99,mango,93,weather update day 93,soil_moisture,increase,0.07,57.78,46.39,17.38,6.8,27.32,65.96,136.99,,R2,mango,-0.9
608,61.0,6.46,36.11,6.74,23.26,61.67,239.81,coconut,127,weather update day 127,Soil Moisture,Increase,52%,70.51,6.46,36.11,6.74,23.26,61.67,239.81,Success,R3,coconut,-0.2
609,62.78,-2.07,55.36,5.44,23.25,49.61,128.03,rice,68,weather update day 68,temperature ,Increase,19%,62.78,-2.07,55.36,5.44,27.66,49.61,128.03,failure,,rice,2.7
610,69.05,57.78,40.95,6.85,34.32,53.91,143.57,maize,19,weather update day 19,humidity,decrease,32%,69.05,57.78,40.95,6.85,34.32,36.66,143.57,failure,r1,maize,-1.5
611,52.83,66.88,43.09,5.88,29.64,57.68,211.65,mango,143,weather update day 143,,Increase,0.57,52.83,66.88,43.09,5.88,29.64,57.68,211.65,no,R2,mango,-2.0
612,86.12,31.63,70.0,6.04,20.86,70.24,186.97,sugarcane,16,weather update day 16,Humidity ,DECREASE,24%,86.12,31.63,70.0,6.04,20.86,53.39,186.97,partial,R3,sugarcane,1.7
613,43.47,67.32,21.84,8.07,35.81,59.22,169.71,wheat,32,weather update day 32,rain,,0.41,43.47,67.32,21.84,8.07,35.81,59.22,169.71,,R1,wheat,-0.2
614,65.35,50.16,68.52,5.56,28.09,64.79,129.99,blackgram,102,weather update day 102,Temperature,Increase,11%,65.35,50.16,68.52,5.56,31.18,64.79,129.99,,r1,blackgram,3.6
615,59.3,54.42,21.05,7.52,22.67,75.83,73.8,sugarcane,74,weather update day 74,temperature ,Increase,28%,59.3,54.42,21.05,7.52,29.02,75.83,73.8,no,,sugarcane,3.9
616,92.99,45.49,43.04,7.1,29.74,54.49,198.17,banana,60,weather update day 60,humidity,Increase,0.42,92.99,45.49,43.04,7.1,29.74,54.72,198.17,,r1,banana,-1.7
617,64.36,51.48,50.77,6.47,26.33,24.3,165.37,watermelon,80,weather update day 80,Humidity ,,51%,64.36,51.48,50.77,6.47,26.33,24.3,165.37,FAILURE,,watermelon,1.5
618,37.53,39.5,48.73,6.29,17.56,45.25,133.01,coconut,68,weather update day 68,,increase,0.25,37.53,39.5,48.73,6.29,17.56,45.25,133.01,failure,R5,coconut,-3.8
619,82.53,56.03,85.05,6.7,23.07,76.56,142.34,coffee,137,weather update day 137,,Increase,44%,82.53,56.03,85.05,6.7,23.07,76.56,142.34,failure,R4,coffee,0.2
620,72.22,28.6,54.45,4.8,16.74,77.28,117.19,mango,139,weather update day 139,Rainfall,Increase,56%,72.22,28.6,54.45,4.8,16.74,77.28,182.82,partial,R4,mango,-4.3
621,83.78,57.0,72.61,7.27,27.14,76.22,210.31,chickpea,119,weather update day 119,Soil Moisture,Increase,0.2,83.83,57.0,72.61,7.27,27.14,76.22,210.31,partial,R5,chickpea,-1.5
622,55.63,46.8,53.6,7.68,30.29,62.6,148.86,watermelon,141,weather update day 141,rain,DECREASE,54%,55.63,46.8,53.6,7.68,30.29,62.6,68.48,failure,R5,watermelon,-1.4
623,43.86,39.31,55.94,4.45,23.33,70.2,116.33,chickpea,76,weather update day 76, rainfall,Increase,0.2,43.86,39.31,55.94,4.45,23.33,70.2,116.57,Success,,chickpea,-3.9
624,42.0,53.44,37.51,6.71,25.64,49.64,227.3,coffee,95,weather update day 95,soil_moisture,Increase,53%,42.0,53.44,37.51,6.71,25.64,49.64,227.3,yes,R5,coffee,1.4
625,90.76,51.3,40.16,6.56,24.53,66.7,195.49,blackgram,45,weather update day 45,soilmoisture,DECREASE,0.27,90.69,51.3,40.16,6.56,24.53,66.7,195.49,failure,R2,blackgram,-0.3
626,57.41,31.51,55.72,5.34,29.02,74.42,50.33,cotton,121,weather update day 121,Humidity ,decrease,55%,57.41,31.51,55.72,5.34,29.02,33.49,50.33,no,R2,cotton,4.6
627,75.18,42.73,36.84,6.03,18.88,58.15,40.78,sugarcane,132,weather update day 132, rainfall,increase,56%,75.18,42.73,36.84,6.03,18.88,58.15,63.61,FAILURE,,sugarcane,3.1
628,34.09,19.75,66.32,4.62,28.31,60.58,95.94,banana,47,weather update day 47,Humidity ,increase,40%,34.09,19.75,66.32,4.62,28.31,84.81,95.94,Success,,banana,-1.3
629,78.8,23.97,52.45,7.89,32.18,55.75,179.68,cotton,36,weather update day 36,Humidity ,DECREASE,52%,78.8,23.97,52.45,7.89,32.18,26.76,179.68,partial,r1,cotton,0.9
630,82.82,55.92,40.86,5.5,25.35,73.49,154.34,BANANA,14,weather update day 14,Temperature,,57%,82.82,55.92,40.86,5.5,25.35,73.49,154.34,,R2,banana,-3.2
631,69.21,60.22,48.51,6.52,30.69,57.26,155.77,mungbean,108,weather update day 108, rainfall,increase,0.12,69.21,60.22,48.51,6.52,30.69,57.26,155.95,Success,R6,mungbean,-1.4
632,75.82,42.39,38.75,5.54,34.92,65.2,136.51,blackgram,106,weather update day 106,Temperature,increase,0.47,75.82,42.39,38.75,5.54,35.09,65.2,136.51,no,r1,blackgram,-2.7
633,67.91,9.45,51.36,5.66,32.95,60.95,206.57,watermelon,94,weather update day 94,temp,decrease,59%,67.91,9.45,51.36,5.66,13.51,60.95,206.57,FAILURE,R4,watermelon,-2.5
634,61.96,55.47,58.03,5.63,23.82,,175.7,sugarcane,2,weather update day 2,Soil Moisture,DECREASE,23%,57.68,55.47,58.03,5.63,23.82,74.37,175.7,yes,R1,sugarcane,-6.0
635,71.63,67.68,40.17,6.25,19.35,53.87,181.62,rice,7,weather update day 7,soilmoisture,increase,18%,75.49,67.68,40.17,6.25,19.35,53.87,181.62,no,R4,rice,0.0
636,81.26,47.93,62.04,5.56,24.22,89.72,154.1,coconut,78,weather update day 78,Temperature,increase,0.36,81.26,47.93,62.04,5.56,24.31,89.72,154.1,partial,R2,coconut,0.4
637,38.03,44.19,68.59,7.25,27.28,70.83,141.79,banana,146,weather update day 146,soil_moisture,increase,,38.03,44.19,68.59,7.25,27.28,70.83,141.79,no,r1,banana,-1.4
638,97.25,,45.96,6.77,27.92,59.91,119.05,banana,33,weather update day 33,temperature ,,57%,97.25,30.78,45.96,6.77,27.92,59.91,119.05,no,r1,banana,0.8
639,64.25,72.36,58.59,6.45,24.82,72.88,178.63,wheat,145,weather update day 145,Temperature,increase,6%,64.25,72.36,58.59,6.45,26.31,72.88,178.63,no,R5,wheat,-0.7
640,80.87,40.13,53.94,7.64,25.53,68.51,191.09,maize,135,weather update day 135,Temperature,increase,0.42,80.87,40.13,53.94,7.64,25.64,68.51,191.09,,R2,maize,-3.2
641,86.74,44.69,60.78,8.71,28.84,89.2,178.86,lentil,56,weather update day 56,soilmoisture,Increase,0.45,86.86,44.69,60.78,8.71,28.84,89.2,178.86,success,R4,lentil,-2.8
642,54.0,21.38,40.93,7.3,32.97,75.66,175.76,lentil,62,weather update day 62,humidity,increase,5%,54.0,21.38,40.93,7.3,32.97,79.44,175.76,failure,R4,lentil,1.1
643,79.51,53.78,34.59,6.27,27.76,42.36,151.16,sugarcane,138,weather update day 138,humid,increase,0.45,79.51,53.78,34.59,6.27,27.76,42.55,151.16,FAILURE,r1,sugarcane,2.1
644,50.47,36.61,54.39,6.32,21.8,51.16,131.77,WHEAT,70,weather update day 70,,increase,0.09,50.47,36.61,54.39,6.32,21.8,51.16,131.77,yes,R3,wheat,4.7
645,99.71,35.98,65.16,5.95,22.14,75.03,182.31,chickpea,39,weather update day 39,humid,DECREASE,0.51,99.71,35.98,65.16,5.95,22.14,74.65,182.31,yes,r1,chickpea,-3.4
646,79.51,23.8,38.3,6.3,27.28,82.9,103.7,groundnut,70,weather update day 70,Temperature,Increase,41%,79.51,23.8,38.3,6.3,38.47,82.9,103.7,failure,R3,groundnut,1.9
647,92.93,48.56,56.2,6.33,29.76,52.79,230.55,groundnut,141,weather update day 141,Rainfall,Increase,0.56,92.93,48.56,56.2,6.33,29.76,52.79,231.84,yes,,groundnut,2.1
648,49.51,51.88,44.98,6.78,24.16,74.62,115.98,lentil,138,weather update day 138,RAINFALL,DECREASE,0.1,49.51,51.88,44.98,6.78,24.16,74.62,115.87,FAILURE,R6,lentil,1.8
649,95.02,53.39,66.04,7.37,20.4,53.91,177.1,rice,35,weather update day 35,soil_moisture,increase,26%,95.02,53.39,66.04,7.37,20.4,53.91,177.1,yes,R4,rice,-1.1
650,84.48,41.41,25.91,6.82,17.14,70.14,82.06,lentil,139,weather update day 139,humidity,Increase,0.59,84.48,41.41,25.91,6.82,17.14,70.55,82.06,partial,R1,lentil,-4.0
651,88.24,39.97,55.83,6.26,22.28,60.04,170.19,lentil,51,weather update day 51, rainfall,DECREASE,44%,88.24,39.97,55.83,6.26,22.28,60.04,95.31,,R5,lentil,4.2
652,54.82,37.68,65.02,6.44,27.43,60.4,203.92,blackgram,13,weather update day 13,soilmoisture,DECREASE,0.18,54.79,37.68,65.02,6.44,27.43,60.4,203.92,partial,R5,blackgram,-1.8
653,43.07,54.45,71.57,7.38,28.81,68.94,13.93,sugarcane,52,weather update day 52,temperature ,decrease,22%,43.07,54.45,71.57,7.38,22.47,68.94,13.93,yes,R3,sugarcane,-1.8
654,74.55,28.33,38.92,5.65,32.1,91.08,128.72,wheat,84,weather update day 84,humid,,0.29,74.55,28.33,38.92,5.65,32.1,91.08,128.72,no,r1,wheat,-2.3
655,74.37,37.1,59.81,6.23,22.8,84.53,70.07,blackgram,62,weather update day 62,Rainfall,decrease,0.59,74.37,37.1,59.81,6.23,22.8,84.53,69.65,success,,blackgram,5.2
656,65.16,33.92,50.87,7.3,23.5,63.0,164.95,watermelon,25,weather update day 25,humid,,0.17,65.16,33.92,50.87,7.3,23.5,63.0,164.95,yes,R6,watermelon,1.4
657,58.93,46.85,40.59,7.34,25.55,89.13,131.03,blackgram,144,weather update day 144,humidity,Increase,0.13,58.93,46.85,40.59,7.34,25.55,89.25,131.03,,R3,blackgram,-0.8
658,60.8,35.71,47.29,6.45,20.61,51.58,91.61,watermelon,121,weather update day 121,soilmoisture,,46%,60.8,35.71,47.29,6.45,20.61,51.58,91.61,success,,watermelon,-2.9
659,17.61,,49.57,12.23,26.46,35.19,136.82,coconut,29,weather update day 29,humid,increase,0.18,17.61,62.33,49.57,12.23,26.46,35.25,136.82,FAILURE,R6,coconut,1.1
660,44.7,74.41,66.14,5.47,27.07,83.37,147.57,coffee,128,weather update day 128,RAINFALL,Increase,,44.7,74.41,66.14,5.47,27.07,83.37,147.57,no,R6,coffee,-1.5
661,67.78,42.37,41.56,5.8,28.68,83.55,97.6,mango,140,weather update day 140,soilmoisture,DECREASE,38%,60.05,42.37,41.56,5.8,28.68,83.55,97.6,partial,R5,mango,-0.4
662,65.21,46.65,88.76,6.54,27.15,61.84,4.31,cotton,133,weather update day 133,rain,,13%,65.21,46.65,88.76,6.54,27.15,61.84,4.31,yes,R3,cotton,2.6
663,51.83,39.27,55.96,6.16,27.9,62.14,154.05,lentil,6,weather update day 6,humid,,0.26,51.83,39.27,55.96,6.16,27.9,62.14,154.05,FAILURE,R3,lentil,1.3
664,61.6,39.33,59.88,5.37,23.25,64.21,14.53,blackgram,73,weather update day 73,Temperature,Increase,23%,61.6,39.33,59.88,5.37,28.6,64.21,14.53,Success,R1,blackgram,1.3
665,76.8,26.73,27.79,5.97,17.02,64.58,23.61,lentil,109,weather update day 109,rain,Increase,57%,76.8,26.73,27.79,5.97,17.02,64.58,37.07,no,R3,lentil,1.2
666,84.22,56.66,41.5,7.43,20.59,74.24,185.59,cotton,7,weather update day 7,rain,Increase,0.4,84.22,56.66,41.5,7.43,20.59,74.24,186.33,no,R1,cotton,-0.9
667,79.35,41.84,38.92,5.28,30.63,59.21,160.93,rice,94,weather update day 94,soil_moisture,DECREASE,0.3,79.35,41.84,38.92,5.28,30.63,59.21,160.93,yes,R6,rice,-3.1
668,59.32,52.26,48.8,7.51,38.97,82.06,122.81,wheat,2,weather update day 2,humidity,,19%,59.32,52.26,48.8,7.51,38.97,82.06,122.81,failure,R1,wheat,-1.5
669,60.8,35.71,47.29,6.45,20.61,51.58,91.61,watermelon,121,weather update day 121,soilmoisture,,46%,60.8,35.71,47.29,6.45,20.61,51.58,91.61,success,,watermelon,-2.9
670,60.37,28.95,54.65,6.85,21.51,52.72,108.79,sugarcane,137,weather update day 137,,increase,0.18,60.37,28.95,54.65,6.85,21.51,52.72,108.79,yes,R6,sugarcane,-3.5
671,66.11,44.06,35.98,7.1,31.0,63.77,84.2,blackgram,63,weather update day 63,humid,DECREASE,47%,66.11,44.06,35.98,7.1,31.0,33.8,84.2,failure,R2,blackgram,5.4
672,87.36,54.25,23.71,6.97,29.57,65.71,223.39,jute,62,weather update day 62,rain,Increase,57%,87.36,54.25,23.71,6.97,29.57,65.71,350.72,yes,R1,jute,-4.6
673,85.7,25.88,36.09,6.5,26.21,75.41,95.12,coffee,126,weather update day 126,RAINFALL,DECREASE,0.48,85.7,25.88,36.09,6.5,26.21,75.41,94.67,yes,,coffee,-1.4
674,66.77,39.36,30.04,13.72,30.36,55.55,140.7,rice,53,weather update day 53,temperature ,Increase,43%,66.77,39.36,30.04,13.72,43.42,55.55,140.7,yes,R3,rice,6.0
675,99.03,42.65,51.37,6.28,23.97,63.3,227.14,maize,22,weather update day 22,temp,,,99.03,42.65,51.37,6.28,23.97,63.3,227.14,FAILURE,R4,maize,-4.8
676,81.03,43.47,28.28,6.33,20.38,74.75,247.96,jute,76,weather update day 76,soilmoisture,increase,,81.03,43.47,28.28,6.33,20.38,74.75,247.96,success,R4,jute,-0.8
677,40.27,50.37,51.39,5.95,25.45,68.93,183.8,coffee,67,weather update day 67,soilmoisture,Increase,25%,43.29,50.37,51.39,5.95,25.45,68.93,183.8,FAILURE,R1,coffee,0.3
678,56.86,26.92,60.72,7.24,30.42,68.14,91.98,rice,134,weather update day 134,humid,Increase,0.19,56.86,26.92,60.72,7.24,30.42,68.27,91.98,failure,R4,rice,7.3
679,33.89,70.61,40.6,6.4,21.44,67.83,154.01,watermelon,40,weather update day 40,RAINFALL,DECREASE,54%,33.89,70.61,40.6,6.4,21.44,67.83,70.84,partial,R3,watermelon,4.9
680,52.34,75.42,49.03,6.17,24.73,89.28,204.68,sugarcane,18,weather update day 18,temperature ,decrease,,52.34,75.42,49.03,6.17,24.73,89.28,204.68,,,sugarcane,-0.5
681,110.79,64.11,46.96,6.58,18.08,80.07,203.84,banana,101,weather update day 101,,Increase,,110.79,64.11,46.96,6.58,18.08,80.07,203.84,partial,R5,banana,0.9
682,49.38,55.67,52.75,5.51,32.14,55.37,16.51,wheat,134,weather update day 134,humid,increase,0.27,49.38,55.67,52.75,5.51,32.14,55.52,16.51,failure,,wheat,4.6
683,58.07,66.11,40.43,7.59,27.65,78.42,149.87,groundnut,114,weather update day 114,soil_moisture,increase,0.41,58.07,66.11,40.43,7.59,27.65,78.42,149.87,partial,R6,groundnut,3.8
684,90.62,63.97,32.89,6.25,27.66,79.63,121.25,blackgram,62,weather update day 62,RAINFALL,decrease,28%,90.62,63.97,32.89,6.25,27.66,79.63,87.3,FAILURE,R6,blackgram,0.1
685,87.25,63.19,60.13,6.09,28.37,63.54,142.59,sugarcane,38,weather update day 38,humidity,DECREASE,20%,87.25,63.19,60.13,6.09,28.37,50.83,142.59,partial,R3,sugarcane,-2.4
686,69.6,55.75,31.56,6.27,30.33,76.46,196.39,rice,84,weather update day 84,soilmoisture,,10%,69.6,55.75,31.56,6.27,30.33,76.46,196.39,Success,R1,rice,-3.5
687,58.96,88.37,37.84,6.65,33.71,95.09,273.69,wheat,82,weather update day 82,Soil Moisture,decrease,0.38,58.9,88.37,37.84,6.65,33.71,95.09,273.69,success,R5,wheat,3.6
688,79.69,65.08,50.77,6.57,18.99,87.93,131.66,groundnut,76,weather update day 76,rain,Increase,26%,79.69,65.08,50.77,6.57,18.99,87.93,165.9,FAILURE,R6,groundnut,-3.6
689,87.54,58.44,61.03,5.55,17.98,45.21,94.65,mungbean,15,weather update day 15,Soil Moisture,Increase,,87.54,58.44,61.03,5.55,17.98,45.21,94.65,FAILURE,R3,mungbean,4.7
690,97.46,33.71,46.3,6.76,28.28,67.54,-26.53,lentil,103,weather update day 103,humidity,increase,9%,97.46,33.71,46.3,6.76,28.28,73.62,-26.53,,R3,lentil,-2.1
691,120.42,70.46,1.01,6.36,23.05,,177.89,jute,42,weather update day 42,,increase,0.29,120.42,70.46,1.01,6.36,23.05,42.94,177.89,success,R1,jute,-0.6
692,61.47,48.13,45.33,6.9,24.16,59.14,268.13,cotton,4,weather update day 4,temp,,34%,61.47,48.13,45.33,6.9,24.16,59.14,268.13,success,R2,cotton,2.8
693,116.23,53.2,27.5,7.63,28.83,70.67,244.99,coconut,96,weather update day 96, rainfall,increase,56%,116.23,53.2,27.5,7.63,28.83,70.67,382.19,success,,coconut,-6.2
694,43.2,56.48,35.74,7.27,30.97,85.61,98.86,banana,65,weather update day 65,,Increase,0.56,43.2,56.48,35.74,7.27,30.97,85.61,98.86,FAILURE,,banana,1.4
695,85.89,59.28,32.93,5.38,27.06,58.72,48.96,sugarcane,48,weather update day 48,Soil Moisture,DECREASE,0.08,85.87,59.28,32.93,5.38,27.06,58.72,48.96,,R5,sugarcane,-2.1
696,62.28,60.01,68.63,8.29,34.53,71.52,58.03,watermelon,7,weather update day 7,Humidity ,,53%,62.28,60.01,68.63,8.29,34.53,71.52,58.03,partial,R2,watermelon,-3.0
697,75.04,68.92,50.82,13.81,26.2,85.9,153.2,watermelon,131,weather update day 131,Temperature,DECREASE,0.44,75.04,68.92,50.82,13.81,26.08,85.9,153.2,,R4,watermelon,-2.0
698,95.48,11.71,40.76,4.11,21.84,57.64,233.09,wheat,121,weather update day 121,soil_moisture,,35%,95.48,11.71,40.76,4.11,21.84,57.64,233.09,success,R1,wheat,1.2
699,68.46,55.12,52.98,7.16,26.07,86.8,134.12,wheat,61,weather update day 61,soilmoisture,decrease,52%,57.78,55.12,52.98,7.16,26.07,86.8,134.12,yes,R2,wheat,8.2
700,63.32,60.69,57.23,5.94,23.46,30.47,195.0,chickpea,123,weather update day 123,humidity,decrease,0.48,63.32,60.69,57.23,5.94,23.46,30.32,195.0,FAILURE,,chickpea,0.7
701,65.45,60.73,22.82,5.28,28.25,80.1,55.73,wheat,29,weather update day 29,,decrease,9%,65.45,60.73,22.82,5.28,28.25,80.1,55.73,success,R3,wheat,3.2
702,112.1,31.85,61.58,6.47,26.01,52.81,211.16,maize,69,weather update day 69,soil_moisture,DECREASE,14%,112.1,31.85,61.58,6.47,26.01,52.81,211.16,,R1,maize,2.0
703,87.89,52.97,24.79,7.55,18.85,78.51,239.22,groundnut,148,weather update day 148,Humidity ,,54%,87.89,52.97,24.79,7.55,18.85,78.51,239.22,yes,,groundnut,-3.3
704,64.24,64.98,68.65,4.97,30.99,82.68,216.88,watermelon,107,weather update day 107,humid,DECREASE,49%,64.24,64.98,68.65,4.97,30.99,42.17,216.88,partial,,watermelon,-1.6
705,84.91,51.4,45.07,5.8,26.36,76.07,81.4,mango,137,weather update day 137,temperature ,Increase,30%,84.91,51.4,45.07,5.8,34.27,76.07,81.4,failure,R2,mango,2.6
706,51.5,43.25,49.33,7.45,19.3,60.2,158.66,wheat,83,weather update day 83,humidity,Increase,42%,51.5,43.25,49.33,7.45,19.3,85.49,158.66,FAILURE,,wheat,-5.5
707,33.26,24.24,80.15,5.78,41.47,37.91,160.2,jute,8,weather update day 8,humid,DECREASE,,33.26,24.24,80.15,5.78,41.47,37.91,160.2,partial,R2,jute,-0.1
708,71.93,39.79,30.17,7.0,21.43,66.22,245.01,lentil,145,weather update day 145,soilmoisture,Increase,0.22,71.98,39.79,30.17,7.0,21.43,66.22,245.01,,,lentil,-0.9
709,44.33,,53.87,7.8,19.71,62.28,162.57,coffee,16,weather update day 16,Humidity ,,24%,44.33,68.91,53.87,7.8,19.71,62.28,162.57,FAILURE,r1,coffee,0.2
710,83.14,47.91,75.23,5.59,23.18,59.44,140.85,rice,10,weather update day 10,RAINFALL,decrease,0.5,83.14,47.91,75.23,5.59,23.18,59.44,140.15,FAILURE,R1,rice,-1.0
711,95.06,43.84,49.7,6.76,26.87,87.41,106.81,wheat,98,weather update day 98,Rainfall,decrease,0.49,95.06,43.84,49.7,6.76,26.87,87.41,106.28,no,R6,wheat,-0.3
712,59.96,54.84,42.76,6.34,20.84,62.24,249.13,coconut,42,weather update day 42,temperature ,DECREASE,0.24,59.96,54.84,42.76,6.34,20.79,62.24,249.13,success,R1,coconut,-1.4
713,82.25,26.61,28.6,6.77,29.11,,102.78,rice,24,weather update day 24,temperature ,decrease,,82.25,26.61,28.6,6.77,29.11,74.62,102.78,Success,r1,rice,-2.9
714,99.21,53.82,63.32,5.48,29.41,40.33,93.11,watermelon,54,weather update day 54,rain,increase,,99.21,53.82,63.32,5.48,29.41,40.33,93.11,no,,watermelon,0.8
715,61.82,49.72,55.81,6.84,22.56,78.73,159.43,coconut,122,weather update day 122,humidity,DECREASE,,61.82,49.72,55.81,6.84,22.56,78.73,159.43,yes,R1,coconut,3.7
716,62.17,23.04,63.92,6.91,30.63,62.22,171.42,rice,138,weather update day 138,soilmoisture,increase,,62.17,23.04,63.92,6.91,30.63,62.22,171.42,yes,R4,rice,-2.0
717,60.12,27.77,47.08,5.23,27.94,75.23,100.38,cotton,130,weather update day 130,rain,increase,23%,60.12,27.77,47.08,5.23,27.94,75.23,123.47,partial,R6,cotton,0.0
718,78.19,52.53,45.91,6.27,30.56,62.88,146.16,coconut,141,weather update day 141,temperature ,,10%,78.19,52.53,45.91,6.27,30.56,62.88,146.16,success,R6,coconut,1.6
719,53.89,65.18,36.69,6.24,34.35,58.46,158.72,watermelon,84,weather update day 84,rain,decrease,53%,53.89,65.18,36.69,6.24,34.35,58.46,74.6,partial,R6,watermelon,3.5
720,95.09,68.77,56.23,7.01,36.8,50.56,157.99,blackgram,79,weather update day 79,Soil Moisture,DECREASE,10%,92.24,68.77,56.23,7.01,36.8,50.56,157.99,failure,R5,blackgram,5.9
721,86.84,43.19,28.95,6.75,21.66,75.08,266.13,coffee,145,weather update day 145,humidity,,33%,86.84,43.19,28.95,6.75,21.66,75.08,266.13,failure,R1,coffee,-2.7
722,103.27,54.58,58.57,7.63,28.24,57.48,123.09,coconut,147,weather update day 147,temp,DECREASE,43%,103.27,54.58,58.57,7.63,16.1,57.48,123.09,FAILURE,R5,coconut,-2.9
723,46.54,23.98,39.63,7.45,26.24,31.64,139.36,maize,108,weather update day 108,Rainfall,,35%,46.54,23.98,39.63,7.45,26.24,31.64,139.36,yes,R5,maize,-0.0
724,74.44,42.82,70.6,5.78,25.07,58.4,236.82,coconut,141,weather update day 141,humidity,DECREASE,,74.44,42.82,70.6,5.78,25.07,58.4,236.82,failure,R2,coconut,0.6
725,89.68,33.54,66.99,5.87,22.54,67.94,21.36,blackgram,125,weather update day 125,temperature ,increase,7%,89.68,33.54,66.99,5.87,24.11,67.94,21.36,partial,R5,blackgram,1.0
726,55.85,39.32,46.01,5.78,30.21,59.46,-24.42,mango,143,weather update day 143,Temperature,,40%,55.85,39.32,46.01,5.78,30.21,59.46,-24.42,,r1,mango,-1.1
727,69.42,52.09,68.0,5.3,24.38,85.03,208.51,chickpea,4,weather update day 4,temperature ,DECREASE,,69.42,52.09,68.0,5.3,24.38,85.03,208.51,yes,,chickpea,1.1
728,63.1,21.92,26.88,6.78,21.66,80.96,92.77,mango,137,weather update day 137, rainfall,,40%,63.1,21.92,26.88,6.78,21.66,80.96,92.77,no,r1,mango,1.4
729,97.39,44.24,79.49,7.14,28.29,47.1,206.11,groundnut,82,weather update day 82,Rainfall,Increase,0.09,97.39,44.24,79.49,7.14,28.29,47.1,206.3,Success,R3,groundnut,-1.5
730,3.58,41.15,46.53,6.95,24.66,70.22,19.21,groundnut,67,weather update day 67, rainfall,decrease,,3.58,41.15,46.53,6.95,24.66,70.22,19.21,,R6,groundnut,-0.2
731,54.63,32.78,69.5,6.57,15.95,69.71,89.27,chickpea,135,weather update day 135,Soil Moisture,decrease,9%,53.15,32.78,69.5,6.57,15.95,69.71,89.27,FAILURE,R4,chickpea,0.2
732,63.51,57.87,105.37,6.57,30.86,88.17,170.64,jute,84,weather update day 84,Rainfall,Increase,28%,63.51,57.87,105.37,6.57,30.86,88.17,218.42,partial,R5,jute,1.8
733,59.92,48.78,54.26,6.11,22.62,65.51,84.77,cotton,3,weather update day 3, rainfall,,0.54,59.92,48.78,54.26,6.11,22.62,65.51,84.77,yes,R4,cotton,-3.3
734,77.97,42.66,20.17,7.42,27.8,42.91,221.39,cotton,117,weather update day 117, rainfall,,0.11,77.97,42.66,20.17,7.42,27.8,42.91,221.39,yes,R4,cotton,-4.8
735,,26.01,53.67,6.37,20.34,,208.72,mango,116,weather update day 116,temperature ,DECREASE,,50.97,26.01,53.67,6.37,20.34,78.1,208.72,Success,R3,mango,1.2
736,52.74,71.31,33.13,6.04,18.73,69.03,187.86,watermelon,16,weather update day 16,Temperature,increase,17%,52.74,71.31,33.13,6.04,21.91,69.03,187.86,Success,R1,watermelon,3.3
737,40.45,58.52,41.6,4.86,22.57,91.9,174.63,jute,48,weather update day 48, rainfall,increase,0.59,40.45,58.52,41.6,4.86,22.57,91.9,175.66,,R4,jute,2.3
738,86.37,31.92,58.58,7.37,26.97,52.72,205.18,chickpea,76,weather update day 76,,DECREASE,0.09,86.37,31.92,58.58,7.37,26.97,52.72,205.18,partial,R3,chickpea,0.3
739,46.04,44.14,42.87,6.05,26.64,56.11,165.25,blackgram,20,weather update day 20,rain,decrease,53%,46.04,44.14,42.87,6.05,26.64,56.11,77.67,partial,R6,blackgram,0.2
740,90.46,54.54,52.84,6.09,25.97,53.39,33.57,rice,138,weather update day 138,Humidity ,DECREASE,41%,90.46,54.54,52.84,6.09,25.97,31.5,33.57,failure,r1,rice,-0.8
741,57.65,31.29,54.95,6.46,29.06,76.92,223.52,sugarcane,112,weather update day 112,rain,,22%,57.65,31.29,54.95,6.46,29.06,76.92,223.52,,,sugarcane,0.4
742,40.92,49.52,64.02,7.35,27.85,61.5,175.28,cotton,26,weather update day 26,Soil Moisture,Increase,28%,44.36,49.52,64.02,7.35,27.85,61.5,175.28,no,R6,cotton,2.4
743,36.69,45.63,44.1,6.72,19.37,73.16,264.7,groundnut,32,weather update day 32,Soil Moisture,Increase,32%,40.22,45.63,44.1,6.72,19.37,73.16,264.7,FAILURE,R5,groundnut,1.4
744,69.73,58.05,40.36,5.75,33.39,57.56,189.6,banana,118,weather update day 118,temp,increase,0.36,69.73,58.05,40.36,5.75,33.51,57.56,189.6,yes,R1,banana,4.3
745,53.6,31.23,39.57,5.58,20.52,69.48,146.69,wheat,34,weather update day 34,Soil Moisture,decrease,7%,52.47,31.23,39.57,5.58,20.52,69.48,146.69,yes,r1,wheat,1.5
746,59.28,24.39,27.9,7.49,25.22,56.78,159.6,wheat,135,weather update day 135,Temperature,increase,19%,59.28,24.39,27.9,7.49,30.01,56.78,159.6,partial,R4,wheat,2.9
747,89.0,75.9,56.24,5.15,27.63,63.78,178.07,cotton,142,weather update day 142,RAINFALL,DECREASE,0.32,89.0,75.9,56.24,5.15,27.63,63.78,177.5,failure,R6,cotton,2.2
748,83.31,54.4,51.95,7.71,23.95,50.74,211.33,maize,66,weather update day 66,humidity,,0.17,83.31,54.4,51.95,7.71,23.95,50.74,211.33,,R1,maize,0.7
749,56.22,52.14,41.0,6.82,30.58,76.24,186.58,sugarcane,88,weather update day 88,Temperature,,0.27,56.22,52.14,41.0,6.82,30.58,76.24,186.58,partial,R6,sugarcane,5.0
750,59.45,42.32,43.36,5.92,21.94,79.01,212.98,lentil,143,weather update day 143, rainfall,Increase,0.55,59.45,42.32,43.36,5.92,21.94,79.01,214.15,Success,R2,lentil,-4.2
751,,58.13,41.92,6.5,24.63,58.14,108.65,mungbean,105,weather update day 105,Soil Moisture,Increase,17%,69.11,58.13,41.92,6.5,24.63,58.14,108.65,Success,R6,mungbean,1.4
752,79.41,79.22,33.36,4.95,22.68,78.22,124.29,maize,28,weather update day 28,Rainfall,Increase,,79.41,79.22,33.36,4.95,22.68,78.22,124.29,failure,R5,maize,-2.5
753,50.68,56.4,48.69,6.83,22.5,82.44,152.81,coconut,53,weather update day 53,soilmoisture,decrease,28%,46.43,56.4,48.69,6.83,22.5,82.44,152.81,success,R1,coconut,2.1
754,46.13,45.48,35.79,6.47,32.16,26.94,125.32,rice,136,weather update day 136, rainfall,DECREASE,0.17,46.13,45.48,35.79,6.47,32.16,26.94,125.1,Success,R4,rice,-1.4
755,73.29,82.94,56.87,6.45,31.38,68.16,162.57,cotton,72,weather update day 72,humidity,decrease,58%,73.29,82.94,56.87,6.45,31.38,28.63,162.57,yes,R4,cotton,-3.3
756,57.71,40.87,43.39,6.33,29.5,,194.37,wheat,6,weather update day 6,RAINFALL,decrease,48%,57.71,40.87,43.39,6.33,29.5,59.86,101.07,failure,R1,wheat,4.5
757,40.57,39.91,50.11,6.91,21.08,73.53,200.13,banana,77,weather update day 77,temp,Increase,0.23,40.57,39.91,50.11,6.91,21.12,73.53,200.13,failure,R3,banana,-1.9
758,85.01,37.25,62.51,6.16,22.05,89.19,160.62,blackgram,128,weather update day 128,soilmoisture,,0.49,85.01,37.25,62.51,6.16,22.05,89.19,160.62,,R5,blackgram,-1.0
759,43.32,56.8,43.8,7.4,32.63,77.59,199.04,watermelon,49,weather update day 49,soilmoisture,DECREASE,0.23,43.29,56.8,43.8,7.4,32.63,77.59,199.04,partial,,watermelon,-10.3
760,-14.12,42.57,58.57,6.66,24.36,59.67,230.0,coconut,115,weather update day 115,Temperature,increase,0.09,-14.12,42.57,58.57,6.66,24.38,59.67,230.0,,R6,coconut,-0.9
761,76.5,48.8,40.25,5.7,16.81,44.68,83.0,watermelon,34,weather update day 34,humidity,decrease,,76.5,48.8,40.25,5.7,16.81,44.68,83.0,failure,r1,watermelon,2.0
762,78.66,25.94,22.01,6.52,25.89,70.15,262.51,cotton,23,weather update day 23,soilmoisture,DECREASE,0.55,78.53,25.94,22.01,6.52,25.89,70.15,262.51,partial,r1,cotton,0.3
763,85.07,55.72,71.22,7.04,25.31,46.64,137.46,maize,106,weather update day 106,Humidity ,,38%,85.07,55.72,71.22,7.04,25.31,46.64,137.46,Success,R1,maize,-2.6
764,85.19,38.19,72.97,6.84,24.79,70.21,272.18,sugarcane,140,weather update day 140, rainfall,DECREASE,45%,85.19,38.19,72.97,6.84,24.79,70.21,149.7,success,R5,sugarcane,4.7
765,100.27,72.22,7.24,5.75,14.63,47.1,111.03,chickpea,74,weather update day 74,humidity,Increase,0.31,100.27,72.22,7.24,5.75,14.63,47.24,111.03,partial,R2,chickpea,1.2
766,50.69,47.57,52.65,6.27,24.55,,241.57,maize,18,weather update day 18,temp,decrease,0.26,50.69,47.57,52.65,6.27,24.49,71.33,241.57,partial,R3,maize,2.3
767,75.25,65.77,37.89,5.44,36.95,44.32,128.46,chickpea,75,weather update day 75,,,52%,75.25,65.77,37.89,5.44,36.95,44.32,128.46,yes,R4,chickpea,0.7
768,54.54,48.29,41.88,8.06,19.87,67.02,148.9,mango,60,weather update day 60,Rainfall,Increase,0.09,54.54,48.29,41.88,8.06,19.87,67.02,149.03,FAILURE,,mango,-0.4
769,67.33,48.39,80.33,6.82,28.72,72.99,187.72,chickpea,39,weather update day 39,soilmoisture,DECREASE,0.16,67.3,48.39,80.33,6.82,28.72,72.99,187.72,failure,R1,chickpea,-4.2
770,-5.29,44.45,41.94,6.78,25.54,72.54,173.01,sugarcane,126,weather update day 126,Soil Moisture,,,-5.29,44.45,41.94,6.78,25.54,72.54,173.01,yes,R2,sugarcane,3.1
771,91.71,46.51,60.46,6.62,27.83,76.67,81.58,jute,149,weather update day 149,rain,DECREASE,0.28,91.71,46.51,60.46,6.62,27.83,76.67,81.36,partial,R4,jute,1.9
772,57.27,36.08,50.56,6.96,29.71,79.98,232.33,wheat,145,weather update day 145,Temperature,Increase,0.44,57.27,36.08,50.56,6.96,29.84,79.98,232.33,failure,R4,wheat,1.9
773,61.06,74.17,59.32,5.42,28.75,54.66,158.14,mungbean,110,weather update day 110,,DECREASE,,61.06,74.17,59.32,5.42,28.75,54.66,158.14,partial,R1,mungbean,-2.2
774,79.48,39.19,75.34,7.03,16.7,77.96,115.72,watermelon,100,weather update day 100,RAINFALL,DECREASE,26%,79.48,39.19,75.34,7.03,16.7,77.96,85.63,,R6,watermelon,1.2
775,65.19,36.92,19.46,7.0,28.6,55.79,172.73,wheat,118,weather update day 118,humidity,DECREASE,0.54,65.19,36.92,19.46,7.0,28.6,55.49,172.73,success,R6,wheat,-0.5
776,53.61,67.38,70.03,7.26,28.62,66.39,120.18,mango,47,weather update day 47,humid,Increase,,53.61,67.38,70.03,7.26,28.62,66.39,120.18,,R4,mango,-2.9
777,96.91,40.27,81.5,6.72,32.36,66.73,103.16,cotton,68,weather update day 68,temp,DECREASE,33%,96.91,40.27,81.5,6.72,21.68,66.73,103.16,,,cotton,-4.0
778,85.58,33.34,61.68,7.72,27.31,55.85,158.7,sugarcane,58,weather update day 58,soilmoisture,DECREASE,,85.58,33.34,61.68,7.72,27.31,55.85,158.7,success,R1,sugarcane,-2.0
779,66.11,50.51,39.48,6.35,32.71,,158.12,rice,126,weather update day 126,soil_moisture,decrease,0.57,66.11,50.51,39.48,6.35,32.71,66.39,158.12,FAILURE,R2,rice,-4.3
780,73.59,57.25,56.21,6.97,23.94,29.98,114.7,lentil,89,weather update day 89,temp,DECREASE,0.25,73.59,57.25,56.21,6.97,23.88,29.98,114.7,FAILURE,R6,lentil,-2.7
781,102.11,18.79,69.7,5.75,19.14,82.7,193.91,lentil,74,weather update day 74, rainfall,Increase,0.35,102.11,18.79,69.7,5.75,19.14,82.7,194.59,no,R1,lentil,3.7
782,67.57,55.29,74.3,6.5,28.13,51.02,80.71,mango,59,weather update day 59,temperature ,,54%,67.57,55.29,74.3,6.5,28.13,51.02,80.71,success,R1,mango,-3.8
783,14.73,74.29,25.93,6.27,24.11,83.48,236.09,coffee,21,weather update day 21,humidity,decrease,0.54,14.73,74.29,25.93,6.27,24.11,83.03,236.09,yes,R3,coffee,-3.9
784,,55.39,90.28,5.93,23.92,,173.75,maize,43,weather update day 43,RAINFALL,,53%,60.42,55.39,90.28,5.93,23.92,64.05,173.75,yes,R3,maize,0.8
785,66.01,61.17,48.33,8.55,24.95,70.28,105.05,wheat,137,weather update day 137,soil_moisture,DECREASE,27%,66.01,61.17,48.33,8.55,24.95,70.28,105.05,FAILURE,R5,wheat,2.6
786,52.38,55.82,58.24,6.71,31.7,96.02,156.72,rice,87,weather update day 87,Humidity ,decrease,0.55,52.38,55.82,58.24,6.71,31.7,95.5,156.72,no,,rice,1.2
787,88.79,26.93,33.11,7.82,24.88,79.98,122.79,mungbean,62,weather update day 62,rain,increase,53%,88.79,26.93,33.11,7.82,24.88,79.98,187.87,FAILURE,r1,mungbean,-1.6
788,60.51,43.5,27.01,8.42,31.55,74.06,71.8,jute,89,weather update day 89,Soil Moisture,,,60.51,43.5,27.01,8.42,31.55,74.06,71.8,no,R5,jute,-1.4
789,63.04,52.98,22.18,6.96,18.38,53.02,230.48,banana,39,weather update day 39,soil_moisture,decrease,44%,63.04,52.98,22.18,6.96,18.38,53.02,230.48,,R2,banana,-2.7
790,83.57,43.79,27.19,6.75,25.88,69.83,82.02,chickpea,41,weather update day 41,Temperature,Increase,0.39,83.57,43.79,27.19,6.75,25.98,69.83,82.02,partial,R4,chickpea,1.0
791,87.66,57.75,56.24,7.21,26.08,74.3,122.13,mungbean,68,weather update day 68,RAINFALL,DECREASE,0.54,87.66,57.75,56.24,7.21,26.08,74.3,121.47,FAILURE,R4,mungbean,2.6
792,56.38,51.36,54.19,6.35,32.77,46.68,254.04,watermelon,118,weather update day 118,Soil Moisture,,58%,56.38,51.36,54.19,6.35,32.77,46.68,254.04,partial,R2,watermelon,2.0
793,94.19,28.41,51.25,6.62,22.9,69.7,242.38,coconut,128,weather update day 128,temp,increase,,94.19,28.41,51.25,6.62,22.9,69.7,242.38,,R6,coconut,-2.1
794,104.38,58.06,45.68,7.47,26.75,89.0,109.67,cotton,84,weather update day 84,humid,,,104.38,58.06,45.68,7.47,26.75,89.0,109.67,failure,R6,cotton,-3.4
795,52.34,39.51,40.47,6.41,18.28,81.75,80.67,coffee,90,weather update day 90,Soil Moisture,DECREASE,38%,46.37,39.51,40.47,6.41,18.28,81.75,80.67,,R6,coffee,4.7
796,45.78,60.96,48.26,5.74,23.96,75.29,156.35,watermelon,139,weather update day 139,temp,decrease,55%,45.78,60.96,48.26,5.74,10.78,75.29,156.35,yes,R3,watermelon,-2.2
797,46.46,73.44,64.0,7.88,28.7,58.55,229.4,mango,17,weather update day 17,humid,increase,54%,46.46,73.44,64.0,7.88,28.7,90.17,229.4,failure,R2,mango,-0.1
798,86.6,32.65,20.12,6.7,32.29,69.32,154.73,lentil,71,weather update day 71,temp,increase,0.45,86.6,32.65,20.12,6.7,32.43,69.32,154.73,Success,R6,lentil,-0.8
799,41.15,51.73,25.7,5.54,22.47,70.45,109.49,coconut,80,weather update day 80,humid,,,41.15,51.73,25.7,5.54,22.47,70.45,109.49,,r1,coconut,-3.7
800,19.39,45.71,67.82,8.07,19.85,72.45,122.08,coffee,145,weather update day 145,humid,increase,,19.39,45.71,67.82,8.07,19.85,72.45,122.08,FAILURE,R4,coffee,-0.3
801,64.59,29.15,72.34,8.18,25.79,97.39,155.48,COTTON,81,weather update day 81,Rainfall,DECREASE,,64.59,29.15,72.34,8.18,25.79,97.39,155.48,partial,,cotton,-1.1
802,78.22,57.91,49.82,4.52,17.74,61.42,119.91,blackgram,9,weather update day 9,humidity,,38%,78.22,57.91,49.82,4.52,17.74,61.42,119.91,failure,r1,blackgram,0.0
803,108.24,67.46,72.29,6.52,27.6,,243.62,watermelon,125,weather update day 125,soilmoisture,increase,0.43,108.38,67.46,72.29,6.52,27.6,80.03,243.62,partial,R5,watermelon,-5.9
804,77.79,56.55,43.07,7.88,30.94,,139.68,coconut,54,weather update day 54,Soil Moisture,DECREASE,0.59,77.65,56.55,43.07,7.88,30.94,41.03,139.68,success,R1,coconut,-2.8
805,97.4,25.51,52.24,6.07,26.62,75.65,163.25,jute,73,weather update day 73,Soil Moisture,increase,36%,107.92,25.51,52.24,6.07,26.62,75.65,163.25,failure,R1,jute,-3.0
806,72.09,41.99,33.57,6.58,22.54,84.35,112.75,lentil,115,weather update day 115,temperature ,Increase,0.47,72.09,41.99,33.57,6.58,22.65,84.35,112.75,,R4,lentil,4.5
807,85.35,76.66,26.24,6.07,23.42,68.98,178.4,groundnut,121,weather update day 121,temp,DECREASE,47%,85.35,76.66,26.24,6.07,12.41,68.98,178.4,yes,R5,groundnut,-3.6
808,51.32,34.63,51.93,6.28,27.65,46.86,98.66,banana,138,weather update day 138, rainfall,increase,55%,51.32,34.63,51.93,6.28,27.65,46.86,152.92,yes,R4,banana,-3.7
809,102.8,46.67,80.13,13.75,30.97,65.25,41.62,groundnut,71,weather update day 71, rainfall,,0.2,102.8,46.67,80.13,13.75,30.97,65.25,41.62,partial,R2,groundnut,-1.9
810,20.68,63.38,40.32,6.94,22.75,45.1,170.38,cotton,75,weather update day 75,humid,decrease,28%,20.68,63.38,40.32,6.94,22.75,32.47,170.38,,R1,cotton,-4.5
811,73.82,50.64,25.02,7.26,17.46,71.92,186.93,mango,88,weather update day 88,soil_moisture,Increase,20%,73.82,50.64,25.02,7.26,17.46,71.92,186.93,,R1,mango,-0.7
812,56.14,49.18,40.13,5.2,22.14,78.34,245.3,banana,138,weather update day 138, rainfall,DECREASE,16%,56.14,49.18,40.13,5.2,22.14,78.34,206.05,partial,,banana,2.7
813,80.47,51.96,52.44,6.67,16.11,72.16,117.74,lentil,27,weather update day 27,temperature ,increase,0.26,80.47,51.96,52.44,6.67,16.15,72.16,117.74,no,R5,lentil,5.4
814,100.33,45.17,31.98,5.61,18.9,73.12,41.74,coconut,108,weather update day 108, rainfall,,0.44,100.33,45.17,31.98,5.61,18.9,73.12,41.74,yes,R3,coconut,4.0
815,75.37,45.56,51.27,7.01,21.22,58.52,96.06,sugarcane,120,weather update day 120,soilmoisture,DECREASE,0.57,75.24,45.56,51.27,7.01,21.22,58.52,96.06,success,,sugarcane,-2.6
816,104.41,44.68,44.2,5.84,23.51,53.56,220.59,wheat,138,weather update day 138,humid,Increase,0.45,104.41,44.68,44.2,5.84,23.51,53.8,220.59,failure,R1,wheat,-4.0
817,90.49,45.71,52.6,5.13,23.92,77.84,69.65,cotton,63,weather update day 63,rain,DECREASE,59%,90.49,45.71,52.6,5.13,23.92,77.84,28.56,success,R3,cotton,1.3
818,48.14,41.96,44.43,6.55,27.96,37.91,173.71,groundnut,110,weather update day 110,soilmoisture,increase,24%,51.61,41.96,44.43,6.55,27.96,37.91,173.71,partial,R1,groundnut,-5.2
819,89.92,53.82,14.77,7.24,26.92,85.86,157.44,coffee,78,weather update day 78,humidity,Increase,22%,89.92,53.82,14.77,7.24,26.92,104.75,157.44,failure,R2,coffee,-2.4
820,75.69,53.27,38.82,4.84,24.94,64.44,127.97,sugarcane,87,weather update day 87,temperature ,increase,0.15,75.69,53.27,38.82,4.84,24.97,64.44,127.97,FAILURE,R6,sugarcane,-5.5
821,69.05,26.27,31.07,6.05,15.82,65.71,135.06,coffee,39,weather update day 39,soil_moisture,increase,0.56,69.05,26.27,31.07,6.05,15.82,65.71,135.06,Success,,coffee,-5.0
822,45.97,65.02,6.62,5.6,29.16,57.46,125.62,jute,66,weather update day 66,temp,Increase,,45.97,65.02,6.62,5.6,29.16,57.46,125.62,success,R1,jute,0.3
823,74.28,28.64,51.04,7.61,33.1,95.46,209.35,mango,57,weather update day 57,,decrease,0.17,74.28,28.64,51.04,7.61,33.1,95.46,209.35,no,R3,mango,1.4
824,75.67,46.19,18.57,5.26,24.01,48.13,129.97,watermelon,129,weather update day 129,,DECREASE,0.11,75.67,46.19,18.57,5.26,24.01,48.13,129.97,yes,R1,watermelon,2.7
825,61.7,12.05,47.34,6.34,21.51,54.9,148.4,groundnut,104,weather update day 104, rainfall,increase,40%,61.7,12.05,47.34,6.34,21.51,54.9,207.76,partial,R2,groundnut,-3.0
826,84.44,,89.49,8.45,26.11,53.04,166.43,sugarcane,129,weather update day 129,Rainfall,decrease,0.44,84.44,35.98,89.49,8.45,26.11,53.04,165.7,partial,r1,sugarcane,-2.4
827,70.31,35.2,37.74,6.53,25.89,84.62,70.94,jute,80,weather update day 80,soilmoisture,,14%,70.31,35.2,37.74,6.53,25.89,84.62,70.94,,R6,jute,-3.3
828,80.94,47.76,38.95,5.5,25.28,68.42,89.56,watermelon,142,weather update day 142,RAINFALL,increase,0.12,80.94,47.76,38.95,5.5,25.28,68.42,89.66,yes,R1,watermelon,-0.6
829,97.02,63.29,46.87,6.69,24.53,85.35,137.98,watermelon,63,weather update day 63,soil_moisture,increase,59%,97.02,63.29,46.87,6.69,24.53,85.35,137.98,Success,R1,watermelon,0.7
830,74.53,71.4,81.78,5.52,18.11,59.76,196.99,lentil,25,weather update day 25,soil_moisture,increase,8%,74.53,71.4,81.78,5.52,18.11,59.76,196.99,,,lentil,1.1
831,69.55,62.94,23.0,6.32,25.22,,70.47,chickpea,124,weather update day 124,soil_moisture,DECREASE,33%,69.55,62.94,23.0,6.32,25.22,64.02,70.47,yes,R6,chickpea,2.1
832,69.0,72.08,51.2,5.86,22.44,73.93,227.92,groundnut,3,weather update day 3,Rainfall,,0.49,69.0,72.08,51.2,5.86,22.44,73.93,227.92,success,R5,groundnut,0.8
833,82.88,26.53,27.97,6.47,21.96,50.03,97.05,coffee,96,weather update day 96,Humidity ,increase,30%,82.88,26.53,27.97,6.47,21.96,65.04,97.05,,r1,coffee,-4.3
834,41.7,30.5,63.32,7.7,25.62,46.74,107.67,coffee,99,weather update day 99,Rainfall,Increase,,41.7,30.5,63.32,7.7,25.62,46.74,107.67,no,,coffee,3.0
835,68.03,62.4,43.94,7.83,22.61,55.79,241.47,mango,18,weather update day 18,humidity,,0.06,68.03,62.4,43.94,7.83,22.61,55.79,241.47,yes,R6,mango,-1.3
836,80.0,42.0,69.97,5.8,34.56,38.79,176.09,mango,126,weather update day 126, rainfall,DECREASE,53%,80.0,42.0,69.97,5.8,34.56,38.79,82.76,,R2,mango,3.3
837,102.11,71.25,76.59,6.64,27.4,55.21,99.18,coconut,129,weather update day 129, rainfall,decrease,55%,102.11,71.25,76.59,6.64,27.4,55.21,44.63,FAILURE,R3,coconut,1.2
838,72.94,67.06,31.6,6.34,33.42,54.85,140.92,coconut,26,weather update day 26,rain,,25%,72.94,67.06,31.6,6.34,33.42,54.85,140.92,yes,R6,coconut,0.8
839,78.98,37.77,53.02,7.15,23.47,66.93,69.8,mango,53,weather update day 53,Humidity ,DECREASE,0.22,78.98,37.77,53.02,7.15,23.47,66.78,69.8,yes,R4,mango,1.6
840,73.51,47.72,62.57,7.49,18.37,56.05,199.21,mango,36,weather update day 36,RAINFALL,,5%,73.51,47.72,62.57,7.49,18.37,56.05,199.21,FAILURE,R6,mango,-1.4
841,65.24,67.67,41.23,6.44,30.75,74.05,94.49,wheat,20,weather update day 20,humidity,decrease,31%,65.24,67.67,41.23,6.44,30.75,51.1,94.49,FAILURE,R6,wheat,1.3
842,-19.2,64.14,56.77,7.36,21.6,70.23,142.49,blackgram,51,weather update day 51,humidity,,6%,-19.2,64.14,56.77,7.36,21.6,70.23,142.49,,R5,blackgram,2.5
843,53.85,44.36,46.37,5.91,23.71,,124.64,blackgram,55,weather update day 55,soil_moisture,DECREASE,19%,53.85,44.36,46.37,5.91,23.71,50.0,124.64,failure,R4,blackgram,3.5
844,58.53,27.41,28.26,7.07,34.0,77.4,149.68,mungbean,109,weather update day 109,,increase,56%,58.53,27.41,28.26,7.07,34.0,77.4,149.68,success,R6,mungbean,-2.7
845,46.22,32.72,33.14,7.39,33.18,80.23,214.62,coconut,58,weather update day 58,temp,decrease,0.48,46.22,32.72,33.14,7.39,33.02,80.23,214.62,Success,R5,coconut,4.9
846,45.16,66.24,64.69,5.98,22.91,82.8,181.9,groundnut,125,weather update day 125, rainfall,Increase,29%,45.16,66.24,64.69,5.98,22.91,82.8,234.65,Success,R6,groundnut,-6.4
847,80.62,74.34,48.4,5.33,22.56,38.31,227.42,rice,59,weather update day 59,Temperature,decrease,,80.62,74.34,48.4,5.33,22.56,38.31,227.42,Success,R4,rice,2.3
848,78.37,39.08,15.57,6.87,18.24,57.34,106.02,rice,135,weather update day 135,rain,Increase,0.33,78.37,39.08,15.57,6.87,18.24,57.34,106.37,failure,R3,rice,0.6
849,62.87,43.56,61.7,7.04,18.33,56.1,225.03,cotton,65,weather update day 65,soil_moisture,DECREASE,0.39,62.87,43.56,61.7,7.04,18.33,56.1,225.03,failure,r1,cotton,0.9
850,94.46,60.41,45.99,7.11,29.95,59.13,61.86,jute,89,weather update day 89,rain,increase,25%,94.46,60.41,45.99,7.11,29.95,59.13,77.32,FAILURE,R5,jute,-3.0
851,38.69,65.39,52.36,11.82,19.24,70.81,232.49,watermelon,131,weather update day 131,rain,decrease,9%,38.69,65.39,52.36,11.82,19.24,70.81,211.56,failure,R3,watermelon,-2.9
852,67.66,43.34,65.56,6.71,25.34,,243.31,coconut,70,weather update day 70,soil_moisture,decrease,32%,67.66,43.34,65.56,6.71,25.34,49.66,243.31,,R5,coconut,0.3
853,93.45,48.6,40.71,6.6,24.23,65.46,109.0,jute,104,weather update day 104,,DECREASE,,93.45,48.6,40.71,6.6,24.23,65.46,109.0,success,R6,jute,3.3
854,73.14,52.64,36.0,6.66,22.96,58.93,108.82,groundnut,53,weather update day 53,temp,decrease,0.51,73.14,52.64,36.0,6.66,22.85,58.93,108.82,partial,R3,groundnut,-4.3
855,73.14,66.06,60.41,6.64,32.25,81.23,130.15,coconut,60,weather update day 60, rainfall,Increase,26%,73.14,66.06,60.41,6.64,32.25,81.23,163.98,,R1,coconut,0.1
856,65.9,54.13,-2.55,6.37,20.38,48.47,133.67,mungbean,98,weather update day 98,rain,decrease,31%,65.9,54.13,-2.55,6.37,20.38,48.47,92.23,,R1,mungbean,-4.6
857,51.75,45.82,41.03,6.3,24.34,69.19,47.39,sugarcane,56,weather update day 56,Rainfall,DECREASE,27%,51.75,45.82,41.03,6.3,24.34,69.19,34.59,success,R6,sugarcane,3.4
858,81.56,42.16,40.19,6.06,26.44,73.2,157.39,chickpea,54,weather update day 54,Soil Moisture,Increase,,81.56,42.16,40.19,6.06,26.44,73.2,157.39,FAILURE,R2,chickpea,2.1
859,64.94,51.91,63.6,6.88,24.21,78.53,97.73,coconut,119,weather update day 119,temperature ,decrease,41%,64.94,51.91,63.6,6.88,14.28,78.53,97.73,,R2,coconut,-3.7
860,61.36,86.61,32.9,7.44,30.28,64.79,98.09,chickpea,96,weather update day 96,humidity,,0.29,61.36,86.61,32.9,7.44,30.28,64.79,98.09,yes,R3,chickpea,-2.3
861,86.37,44.3,33.39,7.07,26.92,59.5,232.53,lentil,48,weather update day 48,Soil Moisture,decrease,0.46,86.25,44.3,33.39,7.07,26.92,59.5,232.53,success,r1,lentil,-1.7
862,100.59,65.63,53.44,7.68,27.12,57.03,183.31,wheat,119,weather update day 119,rain,Increase,0.53,100.59,65.63,53.44,7.68,27.12,57.03,184.28,partial,,wheat,-2.5
863,117.88,48.15,51.07,6.21,33.71,,194.05,jute,35,weather update day 35,rain,increase,9%,117.88,48.15,51.07,6.21,33.71,104.07,211.51,success,,jute,-5.2
864,51.01,89.49,56.88,6.65,21.71,75.5,115.46,blackgram,109,weather update day 109, rainfall,,0.14,51.01,89.49,56.88,6.65,21.71,75.5,115.46,success,R1,blackgram,0.4
865,96.11,26.31,29.31,7.53,28.95,103.11,154.1,banana,95,weather update day 95,soilmoisture,DECREASE,0.13,96.07,26.31,29.31,7.53,28.95,103.11,154.1,partial,,banana,5.1
866,70.08,74.33,25.74,7.04,28.36,51.76,238.01,mungbean,115,weather update day 115,rain,Increase,,70.08,74.33,25.74,7.04,28.36,51.76,238.01,success,R5,mungbean,1.6
867,76.45,46.65,60.54,7.29,30.94,69.77,176.09,cotton,123,weather update day 123, rainfall,decrease,12%,76.45,46.65,60.54,7.29,30.94,69.77,154.96,success,R6,cotton,-0.5
868,38.98,72.58,76.36,6.52,32.61,56.72,38.03,groundnut,122,weather update day 122,temperature ,,,38.98,72.58,76.36,6.52,32.61,56.72,38.03,failure,R1,groundnut,-2.3
869,72.53,32.34,81.72,7.28,26.19,60.9,161.92,lentil,21,weather update day 21,humid,increase,9%,72.53,32.34,81.72,7.28,26.19,66.38,161.92,failure,r1,lentil,1.6
870,71.58,46.64,71.83,6.58,30.57,56.33,97.47,maize,135,weather update day 135,soilmoisture,DECREASE,8%,69.86,46.64,71.83,6.58,30.57,56.33,97.47,partial,,maize,-0.5
871,89.25,67.48,46.94,6.32,26.96,47.75,138.38,mango,57,weather update day 57,rain,,58%,89.25,67.48,46.94,6.32,26.96,47.75,138.38,partial,R5,mango,2.2
872,101.86,42.33,30.19,6.4,26.28,81.41,48.45,jute,53,weather update day 53,temp,DECREASE,13%,101.86,42.33,30.19,6.4,22.86,81.41,48.45,yes,R3,jute,3.6
873,31.37,36.35,25.47,5.51,26.35,68.86,101.65,groundnut,141,weather update day 141,Rainfall,Increase,0.13,31.37,36.35,25.47,5.51,26.35,68.86,101.78,success,R6,groundnut,-0.3
874,66.19,52.76,45.76,7.27,30.69,66.77,95.73,mango,55,weather update day 55,soilmoisture,decrease,5%,65.19,52.76,45.76,7.27,30.69,66.77,95.73,no,R4,mango,-1.7
875,95.6,28.12,51.61,6.71,18.58,52.57,94.46,coconut,13,weather update day 13, rainfall,DECREASE,33%,95.6,28.12,51.61,6.71,18.58,52.57,63.29,,R5,coconut,-3.3
876,66.89,44.71,53.01,7.12,23.38,70.93,181.17,sugarcane,32,weather update day 32,Rainfall,DECREASE,53%,66.89,44.71,53.01,7.12,23.38,70.93,85.15,failure,r1,sugarcane,-1.9
877,38.29,39.52,44.01,6.74,26.86,46.58,175.67,maize,129,weather update day 129,humid,Increase,,38.29,39.52,44.01,6.74,26.86,46.58,175.67,yes,R6,maize,0.4
878,69.43,24.25,29.23,7.56,28.24,63.82,16.99,coffee,99,weather update day 99,Humidity ,increase,0.28,69.43,24.25,29.23,7.56,28.24,64.0,16.99,FAILURE,R5,coffee,4.2
879,96.02,34.29,46.67,11.97,19.0,55.12,206.52,banana,144,weather update day 144,humidity,,,96.02,34.29,46.67,11.97,19.0,55.12,206.52,yes,R2,banana,0.8
880,109.07,48.07,61.12,5.38,23.83,71.94,156.35,watermelon,76,weather update day 76, rainfall,DECREASE,0.5,109.07,48.07,61.12,5.38,23.83,71.94,155.57,,R2,watermelon,2.5
881,36.97,43.29,65.67,6.72,19.05,57.76,141.43,jute,78,weather update day 78,humidity,,53%,36.97,43.29,65.67,6.72,19.05,57.76,141.43,success,R4,jute,-5.1
882,48.14,41.96,44.43,6.55,27.96,37.91,173.71,groundnut,110,weather update day 110,soilmoisture,increase,24%,51.61,41.96,44.43,6.55,27.96,37.91,173.71,partial,R1,groundnut,-5.2
883,100.8,18.97,60.12,5.68,25.75,73.45,53.68,sugarcane,73,weather update day 73,RAINFALL,increase,8%,100.8,18.97,60.12,5.68,25.75,73.45,57.97,success,R2,sugarcane,0.3
884,84.36,73.51,26.8,5.96,17.6,55.92,195.72,sugarcane,104,weather update day 104,,DECREASE,22%,84.36,73.51,26.8,5.96,17.6,55.92,195.72,,R5,sugarcane,0.6
885,86.27,39.71,53.36,7.3,19.81,65.37,109.08,maize,105,weather update day 105,soilmoisture,increase,,86.27,39.71,53.36,7.3,19.81,65.37,109.08,Success,R1,maize,-3.5
886,47.42,57.12,23.65,6.44,15.39,63.46,26.79,maize,30,weather update day 30,,Increase,45%,47.42,57.12,23.65,6.44,15.39,63.46,26.79,FAILURE,R1,maize,-1.8
887,85.87,44.59,59.14,7.4,27.37,64.69,174.86,blackgram,96,weather update day 96,soil_moisture,DECREASE,0.06,85.87,44.59,59.14,7.4,27.37,64.69,174.86,partial,R1,blackgram,0.9
888,43.31,48.18,89.01,4.27,30.35,80.86,68.5,lentil,22,weather update day 22,,Increase,0.51,43.31,48.18,89.01,4.27,30.35,80.86,68.5,failure,R4,lentil,-1.4
889,46.46,77.31,37.8,7.17,27.05,50.23,149.64,mango,110,weather update day 110,Humidity ,Increase,9%,46.46,77.31,37.8,7.17,27.05,54.75,149.64,failure,,mango,2.4
890,73.72,52.83,48.18,7.15,23.16,43.14,188.67,watermelon,125,weather update day 125,temperature ,increase,0.41,73.72,52.83,48.18,7.15,23.25,43.14,188.67,failure,R3,watermelon,1.2
891,46.83,24.13,53.65,5.96,17.84,83.44,159.86,lentil,129,weather update day 129,soilmoisture,Increase,44%,53.02,24.13,53.65,5.96,17.84,83.44,159.86,partial,R3,lentil,-1.6
892,52.95,51.09,67.11,5.82,31.05,46.84,94.83,rice,22,weather update day 22,Temperature,increase,0.48,52.95,51.09,67.11,5.82,31.2,46.84,94.83,yes,r1,rice,4.4
893,65.94,50.7,80.08,6.97,27.08,71.63,165.01,watermelon,122,weather update day 122,humidity,,13%,65.94,50.7,80.08,6.97,27.08,71.63,165.01,yes,,watermelon,-3.4
894,91.54,52.67,79.17,5.15,28.12,56.55,174.86,jute,86,weather update day 86,humidity,decrease,33%,91.54,52.67,79.17,5.15,28.12,37.89,174.86,success,R4,jute,0.8
895,51.54,58.05,68.73,6.76,30.05,77.25,209.4,groundnut,57,weather update day 57,humid,increase,0.13,51.54,58.05,68.73,6.76,30.05,77.35,209.4,no,R4,groundnut,0.1
896,,52.79,85.15,6.18,24.66,88.21,820.92,jute,100,weather update day 100,RAINFALL,Increase,12%,61.46,52.79,85.15,6.18,24.66,88.21,919.43,yes,R3,jute,4.6
897,49.74,72.38,52.46,6.65,24.73,60.23,191.3,coffee,119,weather update day 119,soil_moisture,,0.39,49.74,72.38,52.46,6.65,24.73,60.23,191.3,,R2,coffee,-3.1
898,29.75,51.49,44.09,7.32,29.06,69.35,133.72,blackgram,15,weather update day 15,Rainfall,DECREASE,56%,29.75,51.49,44.09,7.32,29.06,69.35,58.84,failure,R2,blackgram,4.8
899,-5.01,41.46,38.02,8.05,22.29,84.37,81.87,coffee,43,weather update day 43,Humidity ,DECREASE,0.11,-5.01,41.46,38.02,8.05,22.29,84.28,81.87,Success,R4,coffee,1.5
900,,37.73,41.17,6.54,13.92,71.89,252.56,banana,140,weather update day 140,temp,DECREASE,14%,50.85,37.73,41.17,6.54,11.97,71.89,252.56,success,R4,banana,1.4
901,54.35,47.6,32.54,6.68,27.97,71.31,81.64,maize,51,weather update day 51,Soil Moisture,decrease,0.05,54.34,47.6,32.54,6.68,27.97,71.31,81.64,partial,R2,maize,0.3
902,62.59,25.94,40.86,6.87,25.32,70.87,114.79,groundnut,44,weather update day 44,humid,increase,16%,62.59,25.94,40.86,6.87,25.32,82.21,114.79,yes,R6,groundnut,3.0
903,65.7,54.15,77.96,7.08,21.68,90.43,152.63,maize,49,weather update day 49,soilmoisture,,0.35,65.7,54.15,77.96,7.08,21.68,90.43,152.63,Success,r1,maize,-0.8
904,99.27,69.72,39.16,7.61,30.72,82.13,280.04,coffee,77,weather update day 77,Soil Moisture,Increase,32%,108.81,69.72,39.16,7.61,30.72,82.13,280.04,partial,R6,coffee,3.3
905,98.69,54.27,12.66,6.87,31.24,63.78,254.68,cotton,30,weather update day 30,Soil Moisture,decrease,0.52,98.53,54.27,12.66,6.87,31.24,63.78,254.68,success,R6,cotton,2.6
906,67.49,43.67,69.75,6.12,21.99,94.14,122.92,lentil,99,weather update day 99,humid,decrease,49%,67.49,43.67,69.75,6.12,21.99,48.01,122.92,FAILURE,R3,lentil,0.5
907,53.98,72.6,25.83,7.55,20.5,59.72,188.36,lentil,21,weather update day 21,Humidity ,increase,0.41,53.98,72.6,25.83,7.55,20.5,59.97,188.36,no,,lentil,-4.4
908,81.07,56.76,81.43,7.5,28.83,60.34,148.64,jute,135,weather update day 135,humidity,decrease,0.41,81.07,56.76,81.43,7.5,28.83,60.09,148.64,Success,R6,jute,-0.2
909,86.1,49.45,37.43,6.77,28.55,56.41,159.98,maize,12,weather update day 12,Soil Moisture,,0.58,86.1,49.45,37.43,6.77,28.55,56.41,159.98,failure,R6,maize,3.7
910,104.94,19.1,17.29,6.85,13.61,34.35,220.51,cotton,51,weather update day 51,Humidity ,,0.38,104.94,19.1,17.29,6.85,13.61,34.35,220.51,,,cotton,-1.2
911,41.75,47.64,18.24,6.83,24.37,51.23,-8.67,chickpea,90,weather update day 90,Soil Moisture,,48%,41.75,47.64,18.24,6.83,24.37,51.23,-8.67,partial,R1,chickpea,-2.7
912,65.56,56.33,40.17,7.1,26.98,69.75,203.32,chickpea,19,weather update day 19,Temperature,decrease,51%,65.56,56.33,40.17,7.1,13.22,69.75,203.32,no,r1,chickpea,-5.7
913,47.11,51.04,46.24,5.29,25.76,56.26,234.83,watermelon,17,weather update day 17,Humidity ,,0.08,47.11,51.04,46.24,5.29,25.76,56.26,234.83,yes,,watermelon,-1.2
914,91.16,64.06,59.41,6.57,14.04,63.88,177.25,lentil,128,weather update day 128,Rainfall,Increase,8%,91.16,64.06,59.41,6.57,14.04,63.88,191.43,Success,R1,lentil,-1.9
915,50.37,67.12,32.97,6.13,23.53,40.91,98.2,mango,59,weather update day 59,temp,Increase,45%,50.37,67.12,32.97,6.13,34.12,40.91,98.2,,R4,mango,6.9
916,89.13,72.19,43.77,6.18,16.43,95.63,171.66,blackgram,65,weather update day 65,Rainfall,,30%,89.13,72.19,43.77,6.18,16.43,95.63,171.66,yes,R4,blackgram,2.3
917,70.28,34.03,49.66,6.67,32.07,93.61,133.94,coffee,145,weather update day 145, rainfall,Increase,18%,70.28,34.03,49.66,6.67,32.07,93.61,158.05,failure,R4,coffee,-4.3
918,71.38,48.01,69.19,5.45,28.68,39.93,99.7,maize,31,weather update day 31,Soil Moisture,Increase,23%,76.3,48.01,69.19,5.45,28.68,39.93,99.7,yes,R4,maize,-3.6
919,80.14,49.14,22.88,5.93,24.69,41.06,105.66,sugarcane,92,weather update day 92,humidity,Increase,57%,80.14,49.14,22.88,5.93,24.69,64.47,105.66,FAILURE,R1,sugarcane,2.0
920,47.34,38.72,62.94,6.56,31.56,77.68,122.79,jute,132,weather update day 132,Humidity ,decrease,41%,47.34,38.72,62.94,6.56,31.56,45.83,122.79,success,R6,jute,3.1
921,105.02,41.34,55.43,5.55,21.36,81.98,171.95,banana,15,weather update day 15,Humidity ,,50%,105.02,41.34,55.43,5.55,21.36,81.98,171.95,yes,R6,banana,3.5
922,60.44,34.95,38.75,5.86,25.22,90.3,62.44,mungbean,122,weather update day 122,soil_moisture,,47%,60.44,34.95,38.75,5.86,25.22,90.3,62.44,no,,mungbean,-4.2
923,59.42,42.62,31.73,5.06,9.73,82.93,56.77,mango,87,weather update day 87,humid,decrease,7%,59.42,42.62,31.73,5.06,9.73,77.13,56.77,success,R1,mango,4.7
924,39.79,49.14,50.43,5.88,25.42,51.32,188.23,cotton,100,weather update day 100, rainfall,DECREASE,22%,39.79,49.14,50.43,5.88,25.42,51.32,146.82,yes,R1,cotton,-3.2
925,70.85,25.21,39.69,6.99,35.01,45.09,-19.15,maize,31,weather update day 31, rainfall,Increase,,70.85,25.21,39.69,6.99,35.01,45.09,-19.15,yes,R3,maize,-3.9
926,95.89,69.17,32.46,6.66,30.2,69.51,236.78,lentil,78,weather update day 78,soilmoisture,,22%,95.89,69.17,32.46,6.66,30.2,69.51,236.78,FAILURE,R5,lentil,-1.2
927,71.89,27.9,18.27,6.71,26.6,61.85,178.98,lentil,90,weather update day 90,Rainfall,increase,32%,71.89,27.9,18.27,6.71,26.6,61.85,236.25,Success,R5,lentil,2.6
928,,41.53,66.38,8.17,18.07,36.8,262.26,watermelon,98,weather update day 98,temperature ,DECREASE,0.28,42.45,41.53,66.38,8.17,18.02,36.8,262.26,,R4,watermelon,1.2
929,80.3,53.86,69.5,7.03,20.48,57.6,67.15,chickpea,39,weather update day 39,Humidity ,,,80.3,53.86,69.5,7.03,20.48,57.6,67.15,FAILURE,R2,chickpea,3.4
930,81.23,42.99,61.76,6.81,23.09,81.91,105.54,blackgram,138,weather update day 138,Soil Moisture,,26%,81.23,42.99,61.76,6.81,23.09,81.91,105.54,FAILURE,R2,blackgram,2.6
931,67.53,53.92,43.91,6.94,22.48,76.72,76.94,jute,108,weather update day 108,RAINFALL,,0.46,67.53,53.92,43.91,6.94,22.48,76.72,76.94,Success,R3,jute,3.5
932,75.62,77.49,20.45,6.4,21.46,74.06,52.97,coconut,78,weather update day 78,temperature ,increase,20%,75.62,77.49,20.45,6.4,25.75,74.06,52.97,failure,R3,coconut,2.3
933,61.88,58.06,65.0,6.66,34.33,62.32,187.49,wheat,53,weather update day 53,RAINFALL,Increase,52%,61.88,58.06,65.0,6.66,34.33,62.32,284.98,success,r1,wheat,0.5
934,42.97,67.26,56.44,7.38,23.82,43.31,160.78,coconut,21,weather update day 21,temp,decrease,,42.97,67.26,56.44,7.38,23.82,43.31,160.78,success,R2,coconut,4.2
935,69.81,54.6,80.64,6.23,27.39,57.36,99.22,sugarcane,49,weather update day 49,humidity,decrease,0.06,69.81,54.6,80.64,6.23,27.39,57.33,99.22,success,R3,sugarcane,-1.8
936,79.42,53.28,52.46,7.53,28.7,,218.36,coffee,149,weather update day 149,soilmoisture,increase,21%,84.43,53.28,52.46,7.53,28.7,68.25,218.36,FAILURE,r1,coffee,1.3
937,64.55,53.65,49.42,6.63,33.61,66.15,282.65,wheat,17,weather update day 17,Humidity ,DECREASE,,64.55,53.65,49.42,6.63,33.61,66.15,282.65,Success,,wheat,1.1
938,58.99,81.17,66.65,7.73,22.66,66.56,226.92,groundnut,46,weather update day 46,humidity,DECREASE,0.06,58.99,81.17,66.65,7.73,22.66,66.52,226.92,partial,,groundnut,1.9
939,60.08,50.7,37.99,6.62,33.7,79.53,181.25,cotton,9,weather update day 9,rain,decrease,0.26,60.08,50.7,37.99,6.62,33.7,79.53,180.78,,R5,cotton,-1.5
940,,33.85,35.87,7.27,12.44,62.76,64.15,cotton,105,weather update day 105,humid,increase,0.54,91.66,33.85,35.87,7.27,12.44,63.1,64.15,partial,R3,cotton,-1.4
941,50.63,70.35,48.1,7.29,20.13,73.83,213.7,groundnut,22,weather update day 22,,Increase,,50.63,70.35,48.1,7.29,20.13,73.83,213.7,partial,R3,groundnut,-0.7
942,67.55,43.47,62.69,5.45,17.29,64.93,126.62,sugarcane,82,weather update day 82,soil_moisture,decrease,44%,67.55,43.47,62.69,5.45,17.29,64.93,126.62,success,R5,sugarcane,1.7
943,67.9,65.78,31.23,5.89,25.61,66.32,72.4,banana,38,weather update day 38,RAINFALL,decrease,0.31,67.9,65.78,31.23,5.89,25.61,66.32,72.18,success,R4,banana,-0.9
944,59.16,49.27,65.14,6.49,29.06,78.45,201.01,banana,34,weather update day 34, rainfall,decrease,40%,59.16,49.27,65.14,6.49,29.06,78.45,120.61,,R1,banana,6.8
945,63.96,62.37,25.69,5.03,36.53,,33.27,lentil,48,weather update day 48,Rainfall,Increase,,63.96,62.37,25.69,5.03,36.53,92.54,33.27,yes,,lentil,-0.1
946,82.71,31.41,49.08,6.72,32.8,45.37,-31.17,mango,10,weather update day 10,Humidity ,Increase,,82.71,31.41,49.08,6.72,32.8,45.37,-31.17,FAILURE,R2,mango,0.6
947,81.25,56.26,68.48,6.78,23.25,84.05,232.02,jute,104,weather update day 104,soil_moisture,decrease,6%,81.25,56.26,68.48,6.78,23.25,84.05,232.02,Success,R2,jute,0.7
948,80.42,18.74,37.95,6.99,23.89,84.08,185.29,groundnut,120,weather update day 120,rain,increase,,80.42,18.74,37.95,6.99,23.89,84.08,185.29,success,,groundnut,-2.1
949,69.24,46.4,84.06,6.68,25.6,52.2,79.45,rice,50,weather update day 50,soilmoisture,Increase,55%,80.66,46.4,84.06,6.68,25.6,52.2,79.45,no,R6,rice,2.3
950,35.91,64.73,57.11,6.92,23.15,62.19,31.64,mango,27,weather update day 27,temperature ,decrease,0.19,35.91,64.73,57.11,6.92,23.1,62.19,31.64,partial,r1,mango,2.6
951,94.44,76.24,29.74,7.13,21.17,65.45,134.6,lentil,86,weather update day 86,soilmoisture,Increase,48%,108.03,76.24,29.74,7.13,21.17,65.45,134.6,no,R3,lentil,-7.2
952,69.23,73.85,43.43,7.25,21.77,45.75,177.23,cotton,42,weather update day 42,Humidity ,increase,56%,69.23,73.85,43.43,7.25,21.77,71.37,177.23,partial,R3,cotton,5.3
953,59.64,53.62,46.64,7.2,24.06,51.73,129.06,cotton,21,weather update day 21,humid,decrease,,59.64,53.62,46.64,7.2,24.06,51.73,129.06,,r1,cotton,-1.1
954,103.67,55.89,28.42,6.4,20.41,74.64,68.92,sugarcane,130,weather update day 130,temperature ,Increase,44%,103.67,55.89,28.42,6.4,29.39,74.64,68.92,,R1,sugarcane,1.8
955,93.54,77.51,16.11,5.52,21.98,57.95,131.97,groundnut,6,weather update day 6,soil_moisture,increase,0.48,93.54,77.51,16.11,5.52,21.98,57.95,131.97,success,R6,groundnut,-1.3
956,62.8,64.01,59.72,6.67,27.11,47.74,196.12,maize,38,weather update day 38,temp,DECREASE,29%,62.8,64.01,59.72,6.67,19.25,47.74,196.12,success,R3,maize,0.0
957,79.97,61.31,64.9,5.52,27.53,46.45,132.91,blackgram,16,weather update day 16,soilmoisture,decrease,0.47,79.86,61.31,64.9,5.52,27.53,46.45,132.91,Success,R1,blackgram,1.9
958,33.46,64.15,45.46,7.57,25.99,54.17,168.49,blackgram,102,weather update day 102,temp,DECREASE,46%,33.46,64.15,45.46,7.57,14.04,54.17,168.49,,R3,blackgram,-3.7
959,117.66,82.21,46.7,6.65,32.84,63.65,101.75,chickpea,42,weather update day 42,,decrease,53%,117.66,82.21,46.7,6.65,32.84,63.65,101.75,Success,,chickpea,2.7
960,69.78,76.78,63.25,6.68,17.7,43.65,150.26,mungbean,55,weather update day 55,RAINFALL,Increase,0.35,69.78,76.78,63.25,6.68,17.7,43.65,150.79,partial,R1,mungbean,-1.5
961,75.2,61.73,25.73,5.44,28.61,69.45,165.03,cotton,116,weather update day 116,Rainfall,,0.1,75.2,61.73,25.73,5.44,28.61,69.45,165.03,success,R2,cotton,1.0
962,63.79,35.47,32.99,11.59,25.11,44.54,43.83,mango,83,weather update day 83,Temperature,Increase,51%,63.79,35.47,32.99,11.59,37.91,44.54,43.83,failure,R3,mango,2.0
963,96.6,36.69,83.45,5.91,19.61,47.74,83.42,blackgram,101,weather update day 101,temp,,0.59,96.6,36.69,83.45,5.91,19.61,47.74,83.42,partial,R3,blackgram,-0.7
964,91.84,27.85,56.22,6.3,22.85,67.95,153.74,COTTON,23,weather update day 23,humidity,DECREASE,,91.84,27.85,56.22,6.3,22.85,67.95,153.74,,R6,cotton,-2.4
965,60.87,43.88,57.85,5.5,23.19,80.49,120.78,coffee,45,weather update day 45,temp,Increase,11%,60.87,43.88,57.85,5.5,25.74,80.49,120.78,failure,R5,coffee,-0.9
966,110.74,46.67,79.85,4.93,26.74,59.99,118.05,coffee,102,weather update day 102,rain,,58%,110.74,46.67,79.85,4.93,26.74,59.99,118.05,,R3,coffee,2.0
967,79.04,30.15,73.57,5.84,15.48,87.42,31.62,jute,69,weather update day 69,temperature ,increase,0.17,79.04,30.15,73.57,5.84,15.51,87.42,31.62,success,R4,jute,2.9
968,34.71,54.37,53.65,7.03,29.36,91.56,46.91,lentil,59,weather update day 59,temperature ,increase,40%,34.71,54.37,53.65,7.03,41.11,91.56,46.91,FAILURE,r1,lentil,-0.1
969,79.78,65.94,62.19,6.12,21.06,4.71,93.27,chickpea,16,weather update day 16,RAINFALL,increase,21%,79.78,65.94,62.19,6.12,21.06,4.71,112.86,failure,r1,chickpea,-1.5
970,82.89,54.59,43.44,6.62,26.7,67.85,78.94,banana,81,weather update day 81,Rainfall,increase,0.25,82.89,54.59,43.44,6.62,26.7,67.85,79.14,failure,R1,banana,0.6
971,22.68,34.7,37.97,6.24,19.6,81.95,107.31,rice,40,weather update day 40,RAINFALL,Increase,8%,22.68,34.7,37.97,6.24,19.6,81.95,115.9,partial,R1,rice,1.8
972,74.1,45.86,39.52,5.69,31.48,58.58,181.34,coffee,111,weather update day 111, rainfall,DECREASE,9%,74.1,45.86,39.52,5.69,31.48,58.58,165.02,failure,r1,coffee,-1.3
973,64.63,72.51,58.31,6.86,22.76,72.64,124.26,blackgram,26,weather update day 26,temp,decrease,,64.63,72.51,58.31,6.86,22.76,72.64,124.26,FAILURE,r1,blackgram,1.4
974,80.28,45.09,54.01,5.92,25.13,39.5,87.23,chickpea,145,weather update day 145,,,39%,80.28,45.09,54.01,5.92,25.13,39.5,87.23,yes,R6,chickpea,-3.6
975,49.93,55.48,63.18,5.75,21.31,67.7,163.52,rice,103,weather update day 103,Rainfall,decrease,,49.93,55.48,63.18,5.75,21.31,67.7,163.52,success,R1,rice,4.0
976,65.92,96.77,47.78,5.6,25.71,64.24,159.64,rice,49,weather update day 49,RAINFALL,decrease,,65.92,96.77,47.78,5.6,25.71,64.24,159.64,partial,r1,rice,2.0
977,86.45,55.03,51.25,5.74,23.05,83.68,146.91,rice,24,weather update day 24,temperature ,Increase,0.31,86.45,55.03,51.25,5.74,23.12,83.68,146.91,Success,,rice,1.1
978,58.81,44.65,46.92,7.05,25.5,35.45,113.83,wheat,97,weather update day 97,humidity,decrease,,58.81,44.65,46.92,7.05,25.5,35.45,113.83,Success,R4,wheat,1.5
979,59.02,43.68,71.67,7.39,26.12,89.82,180.54,blackgram,14,weather update day 14,temp,,8%,59.02,43.68,71.67,7.39,26.12,89.82,180.54,failure,R2,blackgram,3.5
980,85.27,66.91,31.54,6.04,25.18,89.3,183.79,cotton,85,weather update day 85,temp,Increase,52%,85.27,66.91,31.54,6.04,38.28,89.3,183.79,no,R2,cotton,-0.0
981,45.25,59.44,51.44,5.78,21.59,89.24,268.3,groundnut,126,weather update day 126,Soil Moisture,increase,38%,50.41,59.44,51.44,5.78,21.59,89.24,268.3,failure,r1,groundnut,-0.6
982,49.75,23.6,39.98,6.1,28.63,68.66,78.42,wheat,52,weather update day 52,temperature ,decrease,35%,49.75,23.6,39.98,6.1,18.61,68.66,78.42,success,R6,wheat,-4.2
983,85.01,44.26,68.26,5.27,28.25,61.53,107.72,mango,98,weather update day 98,humidity,increase,15%,85.01,44.26,68.26,5.27,28.25,70.76,107.72,,R5,mango,2.3
984,60.89,53.67,56.54,7.07,31.89,71.12,1004.81,watermelon,21,weather update day 21,soilmoisture,increase,0.29,60.94,53.67,56.54,7.07,31.89,71.12,1004.81,failure,R1,watermelon,-1.4
985,76.1,37.99,53.05,6.79,26.72,48.07,178.07,watermelon,22,weather update day 22,,DECREASE,0.42,76.1,37.99,53.05,6.79,26.72,48.07,178.07,,R5,watermelon,6.2
986,35.82,35.1,35.19,6.4,10.99,75.75,978.38,lentil,6,weather update day 6,Humidity ,decrease,52%,35.82,35.1,35.19,6.4,10.99,36.36,978.38,Success,R6,lentil,3.5
987,64.98,47.54,21.43,7.69,25.88,70.33,175.02,chickpea,73,weather update day 73,soilmoisture,increase,43%,73.36,47.54,21.43,7.69,25.88,70.33,175.02,no,R2,chickpea,2.5
988,68.45,50.23,57.69,6.47,36.09,68.24,213.22,groundnut,104,weather update day 104,Temperature,decrease,32%,68.45,50.23,57.69,6.47,24.54,68.24,213.22,success,R4,groundnut,-5.6
989,70.3,49.84,37.68,5.2,23.63,46.11,1107.64,wheat,35,weather update day 35, rainfall,Increase,22%,70.3,49.84,37.68,5.2,23.63,46.11,1351.32,partial,R4,wheat,-5.1
990,10.63,70.24,60.96,6.92,22.96,71.42,107.74,banana,51,weather update day 51,soil_moisture,increase,0.18,10.63,70.24,60.96,6.92,22.96,71.42,107.74,partial,R2,banana,0.6
991,44.39,76.32,10.53,7.86,27.06,63.55,117.3,wheat,120,weather update day 120,RAINFALL,decrease,0.59,44.39,76.32,10.53,7.86,27.06,63.55,116.61,yes,r1,wheat,1.2
992,54.59,57.74,16.63,6.65,28.57,44.71,145.41,coconut,27,weather update day 27,temp,Increase,0.2,54.59,57.74,16.63,6.65,28.63,44.71,145.41,Success,r1,coconut,-2.7
993,54.44,31.49,23.37,6.36,22.3,51.64,271.23,blackgram,48,weather update day 48,Rainfall,,10%,54.44,31.49,23.37,6.36,22.3,51.64,271.23,partial,r1,blackgram,-2.0
994,61.62,51.85,54.54,7.31,29.64,82.08,153.68,mango,58,weather update day 58,,decrease,0.43,61.62,51.85,54.54,7.31,29.64,82.08,153.68,failure,R3,mango,-1.9
995,73.51,29.95,40.59,6.61,23.73,61.72,144.52,coffee,112,weather update day 112,Rainfall,,0.42,73.51,29.95,40.59,6.61,23.73,61.72,144.52,yes,R2,coffee,-0.2
996,75.3,49.32,68.68,7.65,20.05,61.17,151.96,groundnut,97,weather update day 97,RAINFALL,Increase,8%,75.3,49.32,68.68,7.65,20.05,61.17,164.12,no,R3,groundnut,-1.0
997,52.64,43.21,30.43,5.89,26.79,69.17,215.45,mungbean,21,weather update day 21,humid,,30%,52.64,43.21,30.43,5.89,26.79,69.17,215.45,failure,R5,mungbean,-2.3
998,79.37,37.25,50.06,6.8,30.84,96.79,164.23,blackgram,48,weather update day 48,Temperature,DECREASE,0.53,79.37,37.25,50.06,6.8,30.68,96.79,164.23,FAILURE,r1,blackgram,-1.3
999,67.23,44.34,104.84,7.23,28.07,61.5,122.93,cotton,14,weather update day 14, rainfall,,,67.23,44.34,104.84,7.23,28.07,61.5,122.93,failure,R3,cotton,-0.4
1000,,50.63,43.75,6.24,13.88,45.58,188.56,mango,10,weather update day 10,Soil Moisture,,,56.2,50.63,43.75,6.24,13.88,45.58,188.56,no,R1,mango,2.4
1001,110.71,79.88,45.64,6.04,29.49,59.79,80.61,watermelon,32,weather update day 32,Soil Moisture,,50%,110.71,79.88,45.64,6.04,29.49,59.79,80.61,Success,r1,watermelon,3.8
1002,48.3,,36.47,6.75,19.78,,147.36,rice,24,weather update day 24, rainfall,Increase,28%,48.3,44.55,36.47,6.75,19.78,79.38,188.62,FAILURE,R3,rice,-1.8
1003,48.67,,37.87,6.38,27.08,84.16,94.28,blackgram,100,weather update day 100,temp,Increase,0.33,48.67,37.71,37.87,6.38,27.17,84.16,94.28,no,R1,blackgram,-1.9
1004,68.04,62.15,78.08,6.7,29.28,,211.05,jute,4,weather update day 4,Humidity ,,5%,68.04,62.15,78.08,6.7,29.28,69.93,211.05,FAILURE,R2,jute,-1.4
1005,82.87,53.84,37.74,6.46,24.54,79.85,190.88,wheat,80,weather update day 80, rainfall,decrease,50%,82.87,53.84,37.74,6.46,24.54,79.85,95.44,failure,R4,wheat,-4.5
1006,51.77,31.44,27.53,6.91,25.65,77.97,217.54,coffee,144,weather update day 144,Soil Moisture,increase,29%,56.27,31.44,27.53,6.91,25.65,77.97,217.54,no,r1,coffee,-2.2
1007,89.4,,41.66,6.16,25.74,92.61,125.62,cotton,141,weather update day 141,Rainfall,,,89.4,60.81,41.66,6.16,25.74,92.61,125.62,Success,R3,cotton,0.8
1008,-9.25,40.32,49.66,6.02,32.87,55.6,197.52,jute,112,weather update day 112,,increase,24%,-9.25,40.32,49.66,6.02,32.87,55.6,197.52,no,R4,jute,-5.0
1009,74.77,29.65,28.66,6.21,28.72,97.14,140.44,watermelon,94,weather update day 94,temperature ,Increase,57%,74.77,29.65,28.66,6.21,45.1,97.14,140.44,yes,R2,watermelon,-0.4
1010,52.56,69.56,63.56,5.18,27.73,64.31,224.63,lentil,95,weather update day 95,,DECREASE,0.59,52.56,69.56,63.56,5.18,27.73,64.31,224.63,success,R4,lentil,-4.7
1011,94.22,58.67,30.62,7.02,26.82,60.31,263.91,wheat,13,weather update day 13,RAINFALL,increase,,94.22,58.67,30.62,7.02,26.82,60.31,263.91,Success,R2,wheat,0.3
1012,77.54,34.37,33.0,6.21,24.8,64.37,152.93,banana,149,weather update day 149,Temperature,Increase,50%,77.54,34.37,33.0,6.21,37.2,64.37,152.93,no,R3,banana,7.4
1013,58.78,46.24,77.62,6.31,22.55,54.73,117.05,sugarcane,88,weather update day 88,temperature ,increase,29%,58.78,46.24,77.62,6.31,29.09,54.73,117.05,Success,,sugarcane,0.2
1014,76.5,43.31,61.57,5.61,29.71,66.71,111.6,coconut,54,weather update day 54,Soil Moisture,,,76.5,43.31,61.57,5.61,29.71,66.71,111.6,no,R3,coconut,-0.5
1015,65.94,49.18,40.42,6.57,25.81,52.38,250.97,chickpea,126,weather update day 126,temperature ,,0.58,65.94,49.18,40.42,6.57,25.81,52.38,250.97,,R4,chickpea,-4.5
1016,74.36,50.31,28.58,6.97,33.58,70.37,-2.61,sugarcane,76,weather update day 76,Rainfall,Increase,48%,74.36,50.31,28.58,6.97,33.58,70.37,-3.86,success,R2,sugarcane,6.0
1017,-10.22,65.06,43.13,5.62,17.38,63.18,88.46,banana,119,weather update day 119,rain,decrease,,-10.22,65.06,43.13,5.62,17.38,63.18,88.46,FAILURE,R2,banana,-1.3
1018,64.87,29.94,70.63,6.77,19.67,71.58,252.09,coffee,50,weather update day 50,Temperature,DECREASE,18%,64.87,29.94,70.63,6.77,16.13,71.58,252.09,Success,R3,coffee,-1.2
1019,41.66,23.05,70.9,6.35,27.46,56.39,73.93,coffee,126,weather update day 126,humidity,Increase,0.4,41.66,23.05,70.9,6.35,27.46,56.61,73.93,Success,R5,coffee,-3.2
1020,56.35,49.28,70.88,7.12,28.46,66.33,63.26,banana,56,weather update day 56, rainfall,Increase,37%,56.35,49.28,70.88,7.12,28.46,66.33,86.67,no,R6,banana,-3.0
1021,-8.15,47.24,12.67,6.18,16.06,61.14,1077.86,banana,131,weather update day 131,humidity,DECREASE,39%,-8.15,47.24,12.67,6.18,16.06,37.29,1077.86,,,banana,-0.1
1022,88.59,52.79,62.32,6.48,32.62,52.08,234.96,chickpea,14,weather update day 14,,DECREASE,40%,88.59,52.79,62.32,6.48,32.62,52.08,234.96,no,R1,chickpea,-2.1
1023,85.35,49.97,67.61,8.39,18.81,61.62,7.29,mungbean,129,weather update day 129,Soil Moisture,decrease,0.24,85.29,49.97,67.61,8.39,18.81,61.62,7.29,failure,R4,mungbean,0.6
1024,85.18,56.72,75.58,6.84,35.24,73.1,213.73,wheat,4,weather update day 4,temp,Increase,48%,85.18,56.72,75.58,6.84,52.16,73.1,213.73,success,,wheat,4.1
1025,75.63,73.53,44.94,5.45,31.44,67.73,207.22,mungbean,108,weather update day 108,humid,DECREASE,0.51,75.63,73.53,44.94,5.45,31.44,67.38,207.22,,R3,mungbean,-0.1
1026,79.45,49.06,51.19,6.8,24.75,70.62,224.03,coconut,138,weather update day 138,Temperature,increase,0.48,79.45,49.06,51.19,6.8,24.87,70.62,224.03,success,R2,coconut,-2.2
1027,67.2,68.96,61.42,6.48,29.91,69.03,79.81,groundnut,89,weather update day 89,soil_moisture,Increase,17%,67.2,68.96,61.42,6.48,29.91,69.03,79.81,yes,,groundnut,-0.4
1028,78.75,56.73,57.73,6.89,25.54,42.84,209.52,lentil,73,weather update day 73,Soil Moisture,DECREASE,0.49,78.63,56.73,57.73,6.89,25.54,42.84,209.52,partial,R3,lentil,-0.1
1029,-8.2,27.34,49.2,7.22,24.26,50.59,101.68,rice,70,weather update day 70,soilmoisture,,50%,-8.2,27.34,49.2,7.22,24.26,50.59,101.68,no,R1,rice,1.6
1030,85.9,80.1,70.27,7.76,30.39,85.23,269.65,chickpea,28,weather update day 28,Temperature,DECREASE,0.13,85.9,80.1,70.27,7.76,30.35,85.23,269.65,Success,R5,chickpea,0.6
1031,78.74,62.02,58.94,6.89,26.56,63.04,211.18,watermelon,74,weather update day 74,humid,,0.11,78.74,62.02,58.94,6.89,26.56,63.04,211.18,failure,R2,watermelon,0.0
1032,84.37,47.6,37.39,4.82,25.58,,225.56,mango,46,weather update day 46, rainfall,decrease,,84.37,47.6,37.39,4.82,25.58,81.45,225.56,failure,r1,mango,0.2
1033,85.93,74.96,42.15,7.19,21.09,54.7,173.1,chickpea,5,weather update day 5,Rainfall,increase,0.09,85.93,74.96,42.15,7.19,21.09,54.7,173.25,,,chickpea,2.4
1034,70.68,51.67,44.78,6.82,29.46,76.02,90.85,rice,130,weather update day 130,humidity,DECREASE,29%,70.68,51.67,44.78,6.82,29.46,53.97,90.85,partial,,rice,-0.9
1035,64.66,56.95,41.53,8.5,29.9,66.26,168.75,cotton,36,weather update day 36,soil_moisture,increase,29%,64.66,56.95,41.53,8.5,29.9,66.26,168.75,Success,R6,cotton,1.2
1036,45.82,41.22,73.8,5.95,33.85,56.8,158.89,chickpea,121,weather update day 121,humid,DECREASE,,45.82,41.22,73.8,5.95,33.85,56.8,158.89,yes,R1,chickpea,-0.6
1037,46.96,52.67,50.22,7.24,23.78,82.92,117.58,banana,129,weather update day 129,humidity,increase,24%,46.96,52.67,50.22,7.24,23.78,102.83,117.58,success,R3,banana,-4.0
1038,48.22,47.66,48.68,6.97,26.02,40.61,118.2,sugarcane,38,weather update day 38,humid,,26%,48.22,47.66,48.68,6.97,26.02,40.61,118.2,,R2,sugarcane,0.7
1039,93.5,21.82,42.1,6.47,26.08,67.71,186.63,watermelon,14,weather update day 14,rain,Increase,43%,93.5,21.82,42.1,6.47,26.08,67.71,266.88,success,R1,watermelon,-1.7
1040,37.26,64.13,67.21,6.94,25.83,95.91,144.11,mango,129,weather update day 129,Rainfall,Increase,57%,37.26,64.13,67.21,6.94,25.83,95.91,226.25,no,R2,mango,-1.0
1041,-18.55,55.63,57.26,6.2,31.57,,186.59,mungbean,142,weather update day 142,Rainfall,Increase,,-18.55,55.63,57.26,6.2,31.57,48.6,186.59,FAILURE,R4,mungbean,-6.2
1042,73.83,61.03,39.75,7.47,31.47,63.75,208.87,sugarcane,139,weather update day 139,humid,decrease,0.43,73.83,61.03,39.75,7.47,31.47,63.47,208.87,failure,R2,sugarcane,-7.2
1043,86.36,39.24,36.22,6.13,31.53,39.53,173.17,coconut,38,weather update day 38,rain,decrease,0.36,86.36,39.24,36.22,6.13,31.53,39.53,172.54,Success,R3,coconut,-2.8
1044,100.36,39.03,67.26,5.98,19.84,52.95,157.88,mango,123,weather update day 123,Rainfall,,0.43,100.36,39.03,67.26,5.98,19.84,52.95,157.88,yes,R5,mango,3.1
1045,39.11,57.55,9.81,6.73,20.67,66.38,153.83,chickpea,8,weather update day 8,soilmoisture,Increase,,39.11,57.55,9.81,6.73,20.67,66.38,153.83,success,R2,chickpea,0.4
1046,96.7,42.91,20.93,6.45,25.99,49.52,185.42,mango,135,weather update day 135,temp,,19%,96.7,42.91,20.93,6.45,25.99,49.52,185.42,yes,R1,mango,3.4
1047,67.58,60.91,40.73,7.16,14.04,,208.76,cotton,88,weather update day 88,Rainfall,decrease,0.41,67.58,60.91,40.73,7.16,14.04,49.7,207.9,failure,R3,cotton,-0.7
1048,78.63,29.85,60.92,7.51,29.89,51.63,106.08,coconut,98,weather update day 98,temperature ,DECREASE,,78.63,29.85,60.92,7.51,29.89,51.63,106.08,FAILURE,r1,coconut,-1.6
1049,68.86,44.95,35.84,7.42,19.06,69.5,128.69,MANGO,46,weather update day 46,Temperature,Increase,0.5,68.86,44.95,35.84,7.42,19.15,69.5,128.69,,R2,mango,1.3
1050,32.41,32.16,51.33,6.87,29.69,66.66,177.69,sugarcane,23,weather update day 23,temperature ,Increase,25%,32.41,32.16,51.33,6.87,37.11,66.66,177.69,yes,r1,sugarcane,4.9
1051,87.81,62.15,17.55,5.96,21.5,64.02,151.1,mango,54,weather update day 54,RAINFALL,increase,0.18,87.81,62.15,17.55,5.96,21.5,64.02,151.37,,R1,mango,-4.1
1052,80.04,40.05,49.15,6.25,30.5,73.1,148.16,wheat,26,weather update day 26,Soil Moisture,DECREASE,5%,78.84,40.05,49.15,6.25,30.5,73.1,148.16,failure,r1,wheat,-2.1
1053,67.03,57.5,43.06,6.96,24.06,65.52,284.19,sugarcane,91,weather update day 91,humid,DECREASE,,67.03,57.5,43.06,6.96,24.06,65.52,284.19,yes,R4,sugarcane,1.1
1054,117.49,65.22,40.07,7.77,24.06,54.97,233.74,sugarcane,59,weather update day 59,rain,DECREASE,,117.49,65.22,40.07,7.77,24.06,54.97,233.74,failure,R1,sugarcane,-3.9
1055,84.2,50.82,54.19,6.65,22.49,49.47,149.99,sugarcane,90,weather update day 90,Soil Moisture,Increase,29%,91.52,50.82,54.19,6.65,22.49,49.47,149.99,success,R6,sugarcane,-2.3
1056,73.22,68.26,45.24,6.31,19.64,55.54,134.35,cotton,73,weather update day 73,Humidity ,increase,35%,73.22,68.26,45.24,6.31,19.64,74.98,134.35,failure,R3,cotton,-3.7
1057,55.23,45.26,70.95,6.85,20.11,71.12,224.34,chickpea,94,weather update day 94,temperature ,DECREASE,29%,55.23,45.26,70.95,6.85,14.28,71.12,224.34,,r1,chickpea,-1.2
1058,65.0,29.95,44.86,5.96,22.63,86.51,207.09,sugarcane,81,weather update day 81,Rainfall,Increase,8%,65.0,29.95,44.86,5.96,22.63,86.51,223.66,failure,R4,sugarcane,-5.4
1059,48.53,55.46,33.08,6.66,30.3,33.06,83.13,wheat,32,weather update day 32,Soil Moisture,increase,,48.53,55.46,33.08,6.66,30.3,33.06,83.13,no,R1,wheat,-1.1
1060,70.82,62.07,44.86,6.52,23.09,42.32,39.21,sugarcane,147,weather update day 147,Humidity ,increase,0.06,70.82,62.07,44.86,6.52,23.09,42.35,39.21,,R4,sugarcane,-1.1
1061,74.47,27.74,74.13,5.74,32.27,63.65,220.56,chickpea,15,weather update day 15, rainfall,,48%,74.47,27.74,74.13,5.74,32.27,63.65,220.56,failure,R6,chickpea,3.4
1062,99.19,24.2,37.23,6.68,35.01,70.75,178.82,mungbean,9,weather update day 9, rainfall,DECREASE,,99.19,24.2,37.23,6.68,35.01,70.75,178.82,Success,R3,mungbean,-1.7
1063,70.6,46.13,65.71,7.88,28.43,89.13,56.8,lentil,93,weather update day 93,Rainfall,,,70.6,46.13,65.71,7.88,28.43,89.13,56.8,success,r1,lentil,2.0
1064,106.29,32.44,19.68,5.6,31.95,91.34,103.07,coconut,58,weather update day 58,temperature ,increase,41%,106.29,32.44,19.68,5.6,45.04,91.34,103.07,failure,R6,coconut,2.5
1065,92.44,47.2,61.12,12.54,27.71,60.93,77.01,rice,105,weather update day 105,RAINFALL,DECREASE,0.46,92.44,47.2,61.12,12.54,27.71,60.93,76.65,yes,,rice,-3.4
1066,66.57,87.69,24.88,5.91,25.88,101.24,148.73,cotton,118,weather update day 118,soilmoisture,Increase,21%,70.76,87.69,24.88,5.91,25.88,101.24,148.73,yes,R6,cotton,0.8
1067,85.26,71.23,48.36,5.22,24.41,67.27,101.42,cotton,20,weather update day 20,humid,Increase,27%,85.26,71.23,48.36,5.22,24.41,85.44,101.42,partial,R3,cotton,1.8
1068,28.16,49.19,12.95,5.78,16.35,67.39,197.62,groundnut,67,weather update day 67,Temperature,,,28.16,49.19,12.95,5.78,16.35,67.39,197.62,,R6,groundnut,1.2
1069,78.86,68.09,42.47,7.32,27.46,54.04,138.13,chickpea,58,weather update day 58,temp,increase,44%,78.86,68.09,42.47,7.32,39.54,54.04,138.13,no,R5,chickpea,2.5
1070,82.51,63.28,37.34,6.6,35.77,57.41,86.47,mungbean,75,weather update day 75,humid,increase,25%,82.51,63.28,37.34,6.6,35.77,71.77,86.47,success,R6,mungbean,4.4
1071,33.2,49.52,59.53,6.6,25.43,45.51,163.97,maize,116,weather update day 116,temperature ,Increase,,33.2,49.52,59.53,6.6,25.43,45.51,163.97,,,maize,-2.3
1072,42.92,61.02,10.61,13.2,36.73,41.83,31.08,banana,125,weather update day 125, rainfall,increase,27%,42.92,61.02,10.61,13.2,36.73,41.83,39.47,partial,R6,banana,-4.7
1073,72.62,37.15,30.64,6.46,33.24,75.27,167.15,jute,3,weather update day 3, rainfall,increase,25%,72.62,37.15,30.64,6.46,33.24,75.27,208.94,,R4,jute,-0.3
1074,63.57,78.11,27.66,6.53,20.69,56.88,254.17,sugarcane,53,weather update day 53,Rainfall,,54%,63.57,78.11,27.66,6.53,20.69,56.88,254.17,yes,R1,sugarcane,0.8
1075,57.35,35.12,35.53,5.48,26.74,77.21,145.72,banana,107,weather update day 107,soilmoisture,increase,36%,63.54,35.12,35.53,5.48,26.74,77.21,145.72,partial,R1,banana,5.2
1076,54.06,43.12,54.29,6.77,28.54,81.51,64.5,rice,51,weather update day 51,Humidity ,,,54.06,43.12,54.29,6.77,28.54,81.51,64.5,FAILURE,R2,rice,-2.9
1077,125.64,61.93,34.69,7.98,22.08,75.71,147.23,rice,7,weather update day 7,temperature ,DECREASE,23%,125.64,61.93,34.69,7.98,17.0,75.71,147.23,no,R2,rice,-1.0
1078,56.92,81.81,75.94,5.16,16.35,63.71,264.7,blackgram,86,weather update day 86,temp,increase,0.31,56.92,81.81,75.94,5.16,16.4,63.71,264.7,yes,R6,blackgram,2.0
1079,78.08,39.58,16.47,6.06,25.91,,72.83,coconut,7,weather update day 7,Humidity ,Increase,33%,78.08,39.58,16.47,6.06,25.91,73.53,72.83,success,R5,coconut,-2.2
1080,101.35,61.23,55.53,4.95,22.42,91.08,174.65,blackgram,121,weather update day 121,RAINFALL,increase,30%,101.35,61.23,55.53,4.95,22.42,91.08,227.04,FAILURE,r1,blackgram,0.6
1081,61.32,75.83,34.19,11.96,23.76,46.78,17.5,mungbean,36,weather update day 36,Humidity ,increase,36%,61.32,75.83,34.19,11.96,23.76,63.62,17.5,partial,R6,mungbean,-0.7
1082,96.56,58.34,56.21,8.23,22.78,78.92,153.42,mungbean,95,weather update day 95,soil_moisture,,0.34,96.56,58.34,56.21,8.23,22.78,78.92,153.42,no,R5,mungbean,0.8
1083,80.3,53.86,69.5,7.03,20.48,57.6,67.15,chickpea,39,weather update day 39,Humidity ,,,80.3,53.86,69.5,7.03,20.48,57.6,67.15,FAILURE,R2,chickpea,3.4
1084,76.68,47.67,13.66,5.81,23.93,93.32,183.39,lentil,65,weather update day 65,humidity,,0.13,76.68,47.67,13.66,5.81,23.93,93.32,183.39,failure,R6,lentil,-4.0
1085,,35.8,36.48,5.85,31.46,69.43,49.96,mungbean,31,weather update day 31,RAINFALL,decrease,0.27,75.73,35.8,36.48,5.85,31.46,69.43,49.83,no,R6,mungbean,4.4
1086,60.4,84.48,25.18,5.44,34.27,54.44,93.32,banana,35,weather update day 35,,Increase,,60.4,84.48,25.18,5.44,34.27,54.44,93.32,partial,R1,banana,6.9
1087,63.22,67.5,46.18,4.83,18.47,71.28,145.99,watermelon,84,weather update day 84, rainfall,increase,29%,63.22,67.5,46.18,4.83,18.47,71.28,188.32,,r1,watermelon,3.5
1088,72.87,37.8,62.8,6.61,20.38,66.22,99.03,blackgram,46,weather update day 46,humidity,Increase,,72.87,37.8,62.8,6.61,20.38,66.22,99.03,yes,R4,blackgram,0.5
1089,69.76,35.33,21.05,7.08,29.47,88.77,102.6,cotton,35,weather update day 35, rainfall,Increase,27%,69.76,35.33,21.05,7.08,29.47,88.77,130.3,no,,cotton,1.5
1090,85.52,43.62,54.79,4.33,29.63,103.85,149.54,jute,12,weather update day 12,rain,increase,56%,85.52,43.62,54.79,4.33,29.63,103.85,233.28,success,R2,jute,-2.5
1091,64.84,56.91,23.71,5.68,26.64,46.26,266.71,cotton,59,weather update day 59,humidity,Increase,,64.84,56.91,23.71,5.68,26.64,46.26,266.71,Success,R1,cotton,-0.5
1092,64.01,31.46,44.9,7.65,26.83,65.19,248.23,mango,137,weather update day 137,temp,Increase,24%,64.01,31.46,44.9,7.65,33.26,65.19,248.23,,R2,mango,-2.4
1093,95.55,41.13,57.85,6.34,24.91,81.48,199.52,groundnut,105,weather update day 105,rain,,34%,95.55,41.13,57.85,6.34,24.91,81.48,199.52,,R2,groundnut,2.4
1094,98.2,47.82,42.1,7.14,20.45,82.21,158.57,blackgram,117,weather update day 117,soilmoisture,DECREASE,42%,85.83,47.82,42.1,7.14,20.45,82.21,158.57,failure,,blackgram,-1.7
1095,38.51,34.99,44.73,6.96,21.68,,77.0,blackgram,148,weather update day 148,Temperature,Increase,25%,38.51,34.99,44.73,6.96,27.1,61.39,77.0,,R4,blackgram,4.6
1096,53.3,55.05,38.23,5.94,25.63,70.15,63.82,jute,124,weather update day 124,soil_moisture,,50%,53.3,55.05,38.23,5.94,25.63,70.15,63.82,Success,,jute,1.7
1097,65.5,40.59,51.91,6.55,25.88,71.19,124.21,mungbean,133,weather update day 133,soilmoisture,DECREASE,34%,58.82,40.59,51.91,6.55,25.88,71.19,124.21,no,R2,mungbean,-1.5
1098,77.24,54.8,44.08,6.81,24.57,74.63,112.35,watermelon,111,weather update day 111,Rainfall,increase,30%,77.24,54.8,44.08,6.81,24.57,74.63,146.06,yes,R5,watermelon,-0.5
1099,81.74,50.1,57.76,5.85,33.79,79.89,69.3,watermelon,101,weather update day 101, rainfall,decrease,,81.74,50.1,57.76,5.85,33.79,79.89,69.3,partial,R2,watermelon,-3.2
1100,69.3,36.39,58.06,6.18,19.88,51.61,254.04,jute,48,weather update day 48,soilmoisture,DECREASE,,69.3,36.39,58.06,6.18,19.88,51.61,254.04,no,r1,jute,1.2
1101,121.95,40.24,35.8,5.28,24.67,55.03,254.26,cotton,3,weather update day 3,humidity,Increase,0.31,121.95,40.24,35.8,5.28,24.67,55.2,254.26,failure,R5,cotton,0.5
1102,75.87,43.09,52.26,6.42,21.15,83.01,162.45,jute,36,weather update day 36,temp,increase,36%,75.87,43.09,52.26,6.42,28.76,83.01,162.45,Success,R1,jute,-3.2
1103,93.72,73.1,38.04,6.3,22.23,70.74,217.5,mungbean,38,weather update day 38,temp,decrease,43%,93.72,73.1,38.04,6.3,12.67,70.74,217.5,partial,R4,lentil,-8.1
1104,59.05,35.93,35.39,5.99,19.37,76.29,117.17,watermelon,2,weather update day 2,Soil Moisture,Increase,39%,65.96,35.93,35.39,5.99,19.37,76.29,117.17,no,R1,watermelon,0.5
1105,85.98,37.25,33.32,7.39,16.61,62.77,176.39,mungbean,110,weather update day 110,humid,DECREASE,33%,85.98,37.25,33.32,7.39,16.61,42.05,176.39,yes,R6,mungbean,-5.3
1106,46.04,47.55,63.92,7.38,29.82,62.93,110.04,lentil,47,weather update day 47,soil_moisture,DECREASE,,46.04,47.55,63.92,7.38,29.82,62.93,110.04,no,R3,lentil,-3.2
1107,57.93,58.6,17.98,7.29,21.61,50.23,143.17,lentil,83,weather update day 83,soilmoisture,decrease,0.51,57.85,58.6,17.98,7.29,21.61,50.23,143.17,FAILURE,R6,lentil,1.3
1108,83.29,51.36,44.75,6.25,24.79,67.53,137.46,lentil,102,weather update day 102,Humidity ,increase,33%,83.29,51.36,44.75,6.25,24.79,89.81,137.46,Success,R6,lentil,-1.9
1109,-18.33,61.6,59.15,6.75,36.0,55.14,131.46,jute,79,weather update day 79,temperature ,increase,0.08,-18.33,61.6,59.15,6.75,36.03,55.14,131.46,partial,,jute,4.9
1110,26.78,68.46,69.97,6.15,24.15,63.91,153.12,mango,147,weather update day 147,,decrease,7%,26.78,68.46,69.97,6.15,24.15,63.91,153.12,yes,R6,mango,0.4
1111,20.04,54.69,85.65,6.47,16.05,54.88,138.98,mungbean,87,weather update day 87,temp,decrease,49%,20.04,54.69,85.65,6.47,8.19,54.88,138.98,Success,R4,mungbean,-5.7
1112,96.97,60.68,51.33,5.34,29.72,85.8,184.29,maize,77,weather update day 77,soil_moisture,increase,0.55,96.97,60.68,51.33,5.34,29.72,85.8,184.29,failure,R2,maize,-0.1
1113,73.79,49.26,28.63,5.78,26.16,48.6,171.4,lentil,41,weather update day 41,temp,decrease,0.05,73.79,49.26,28.63,5.78,26.15,48.6,171.4,failure,R1,lentil,-3.2
1114,62.91,41.82,56.05,7.45,26.29,83.72,191.4,cotton,147,weather update day 147,humid,Increase,,62.91,41.82,56.05,7.45,26.29,83.72,191.4,FAILURE,R5,cotton,-0.6
1115,96.75,19.2,59.38,6.07,31.24,49.37,306.89,coffee,8,weather update day 8,Humidity ,DECREASE,53%,96.75,19.2,59.38,6.07,31.24,23.2,306.89,yes,,coffee,1.2
1116,98.68,39.56,57.53,7.58,23.5,72.98,88.19,banana,26,weather update day 26,humidity,Increase,0.54,98.68,39.56,57.53,7.58,23.5,73.37,88.19,FAILURE,R6,banana,7.3
1117,58.07,57.93,57.84,7.43,30.83,72.37,82.34,watermelon,63,weather update day 63,Humidity ,,0.22,58.07,57.93,57.84,7.43,30.83,72.37,82.34,no,R4,watermelon,7.3
1118,70.42,39.08,44.71,7.6,22.77,53.01,121.04,maize,110,weather update day 110,RAINFALL,Increase,,70.42,39.08,44.71,7.6,22.77,53.01,121.04,success,R4,maize,-2.9
1119,38.14,61.36,66.43,7.01,26.43,49.99,233.49,watermelon,62,weather update day 62,rain,Increase,11%,38.14,61.36,66.43,7.01,26.43,49.99,259.17,,,watermelon,-0.4
1120,67.82,65.51,36.25,7.47,26.32,84.66,113.73,groundnut,116,weather update day 116,humidity,Increase,,67.82,65.51,36.25,7.47,26.32,84.66,113.73,partial,,groundnut,-0.1
1121,87.35,64.97,49.65,5.96,27.38,73.49,165.71,groundnut,66,weather update day 66,temperature ,DECREASE,0.17,87.35,64.97,49.65,5.96,27.33,73.49,165.71,,R4,groundnut,3.7
1122,67.33,80.86,44.19,5.88,28.26,34.92,154.76,maize,13,weather update day 13,Soil Moisture,increase,0.15,67.36,80.86,44.19,5.88,28.26,34.92,154.76,yes,,maize,2.5
1123,80.8,30.76,30.6,11.36,22.56,64.06,116.18,groundnut,115,weather update day 115,Humidity ,DECREASE,0.15,80.8,30.76,30.6,11.36,22.56,63.96,116.18,no,R4,groundnut,-1.2
1124,85.72,43.22,60.01,7.79,28.3,61.25,92.79,rice,37,weather update day 37,soilmoisture,Increase,,85.72,43.22,60.01,7.79,28.3,61.25,92.79,success,R3,rice,-0.8
1125,89.15,48.41,70.2,6.49,24.06,84.59,120.51,cotton,101,weather update day 101,humidity,decrease,,89.15,48.41,70.2,6.49,24.06,84.59,120.51,failure,R5,cotton,-4.2
1126,58.6,54.94,20.69,7.1,23.92,48.05,123.0,sugarcane,139,weather update day 139,Soil Moisture,increase,43%,66.16,54.94,20.69,7.1,23.92,48.05,123.0,failure,R1,sugarcane,3.8
1127,33.38,97.51,88.24,5.97,14.77,51.82,139.14,MUNGBEAN,76,weather update day 76, rainfall,,46%,33.38,97.51,88.24,5.97,14.77,51.82,139.14,no,R5,mungbean,-5.3
1128,41.28,53.97,56.93,6.29,17.21,65.32,72.32,coffee,97,weather update day 97,,decrease,,41.28,53.97,56.93,6.29,17.21,65.32,72.32,yes,R4,coffee,1.3
1129,78.21,68.22,45.39,6.82,26.08,50.2,14.65,groundnut,58,weather update day 58,temperature ,decrease,0.45,78.21,68.22,45.39,6.82,25.96,50.2,14.65,Success,R5,groundnut,1.3
1130,51.75,45.82,41.03,6.3,24.34,69.19,47.39,sugarcane,56,weather update day 56,Rainfall,DECREASE,27%,51.75,45.82,41.03,6.3,24.34,69.19,34.59,success,R6,sugarcane,3.4
1131,13.96,56.51,22.32,6.9,26.64,74.54,120.05,jute,128,weather update day 128,rain,,49%,13.96,56.51,22.32,6.9,26.64,74.54,120.05,yes,R2,jute,-5.6
1132,33.51,38.58,44.73,6.64,30.4,62.72,131.04,coffee,132,weather update day 132,Temperature,increase,27%,33.51,38.58,44.73,6.64,38.6,62.72,131.04,yes,,coffee,5.8
1133,44.81,43.94,29.1,6.13,25.22,58.91,64.3,jute,84,weather update day 84,Temperature,,58%,44.81,43.94,29.1,6.13,25.22,58.91,64.3,failure,,jute,-0.6
1134,89.04,66.52,40.62,5.9,31.73,57.03,96.34,cotton,57,weather update day 57,Rainfall,increase,0.49,89.04,66.52,40.62,5.9,31.73,57.03,96.81,partial,,cotton,-2.1
1135,97.62,50.53,82.94,6.57,26.81,50.53,124.59,blackgram,80,weather update day 80,RAINFALL,decrease,0.41,97.62,50.53,82.94,6.57,26.81,50.53,124.08,failure,R2,blackgram,-4.7
1136,88.19,27.81,29.62,6.43,24.83,64.02,197.77,watermelon,77,weather update day 77,soilmoisture,decrease,24%,81.84,27.81,29.62,6.43,24.83,64.02,197.77,yes,,watermelon,0.9
1137,87.96,33.87,71.66,6.61,26.65,62.35,145.32,chickpea,103,weather update day 103,Rainfall,,,87.96,33.87,71.66,6.61,26.65,62.35,145.32,no,r1,chickpea,4.1
1138,68.45,85.62,35.71,6.21,24.02,63.86,130.28,groundnut,129,weather update day 129,Rainfall,,10%,68.45,85.62,35.71,6.21,24.02,63.86,130.28,yes,R3,groundnut,-4.2
1139,74.4,30.11,77.19,6.0,30.67,60.12,200.25,lentil,100,weather update day 100,,,49%,74.4,30.11,77.19,6.0,30.67,60.12,200.25,Success,R2,lentil,3.9
1140,48.15,68.01,51.77,6.62,28.83,45.94,56.79,sugarcane,148,weather update day 148,Rainfall,increase,9%,48.15,68.01,51.77,6.62,28.83,45.94,61.9,no,R3,sugarcane,-0.5
1141,79.93,47.93,59.66,7.72,24.83,61.49,244.75,mango,53,weather update day 53,RAINFALL,,0.58,79.93,47.93,59.66,7.72,24.83,61.49,244.75,failure,R6,mango,2.3
1142,85.25,,62.18,5.36,25.53,,202.2,watermelon,79,weather update day 79,soil_moisture,,0.48,85.25,37.78,62.18,5.36,25.53,52.69,202.2,Success,R5,watermelon,3.3
1143,83.72,46.07,40.16,6.47,26.2,78.42,185.47,maize,4,weather update day 4,Humidity ,increase,40%,83.72,46.07,40.16,6.47,26.2,109.79,185.47,no,R3,maize,-0.5
1144,77.6,59.16,58.08,7.36,30.17,71.89,145.79,cotton,143,weather update day 143,soil_moisture,,0.43,77.6,59.16,58.08,7.36,30.17,71.89,145.79,success,R5,cotton,-5.0
1145,64.25,35.88,69.79,7.0,23.71,59.63,126.36,sugarcane,20,weather update day 20,humid,increase,21%,64.25,35.88,69.79,7.0,23.71,72.16,126.36,yes,R6,sugarcane,-1.2
1146,44.46,26.77,70.43,6.4,29.75,54.24,249.42,chickpea,42,weather update day 42, rainfall,,,44.46,26.77,70.43,6.4,29.75,54.24,249.42,success,R6,chickpea,-4.6
1147,55.48,71.73,47.5,7.04,32.22,69.08,128.9,mango,35,weather update day 35,Rainfall,Increase,32%,55.48,71.73,47.5,7.04,32.22,69.08,170.14,Success,R3,mango,-1.4
1148,76.51,66.49,7.53,5.6,23.1,64.95,141.3,banana,21,weather update day 21,Humidity ,decrease,35%,76.51,66.49,7.53,5.6,23.1,42.22,141.3,no,,banana,-0.4
1149,38.74,60.88,41.7,7.12,20.93,51.11,165.1,blackgram,137,weather update day 137,Soil Moisture,DECREASE,17%,36.77,60.88,41.7,7.12,20.93,51.11,165.1,,r1,blackgram,-3.3
1150,32.18,52.69,17.21,5.97,22.39,57.37,1073.37,rice,54,weather update day 54,Rainfall,decrease,44%,32.18,52.69,17.21,5.97,22.39,57.37,601.09,failure,R4,rice,7.3
1151,90.86,18.35,42.24,5.69,27.55,64.49,228.54,groundnut,146,weather update day 146,Soil Moisture,increase,0.15,90.91,18.35,42.24,5.69,27.55,64.49,228.54,success,R1,groundnut,-4.0
1152,46.41,56.97,76.86,6.87,22.52,79.92,291.94,lentil,5,weather update day 5,humidity,DECREASE,34%,46.41,56.97,76.86,6.87,22.52,52.75,291.94,no,r1,lentil,0.7
1153,64.71,38.39,37.15,6.5,20.7,57.5,119.03,coconut,39,weather update day 39,temp,increase,42%,64.71,38.39,37.15,6.5,29.4,57.5,119.03,no,R4,coconut,9.0
1154,57.14,,28.05,5.17,21.86,55.06,45.15,chickpea,124,weather update day 124,soil_moisture,DECREASE,28%,57.14,75.52,28.05,5.17,21.86,55.06,45.15,FAILURE,R6,chickpea,-0.4
1155,61.79,77.28,69.19,6.61,14.48,59.58,312.18,cotton,144,weather update day 144,Humidity ,DECREASE,0.43,61.79,77.28,69.19,6.61,14.48,59.33,312.18,success,R1,cotton,-0.7
1156,46.99,50.0,59.22,5.55,20.45,61.31,127.72,mungbean,51,weather update day 51,Soil Moisture,,0.2,46.99,50.0,59.22,5.55,20.45,61.31,127.72,success,,mungbean,-0.0
1157,70.43,55.67,68.21,6.91,25.24,71.25,168.06,mango,26,weather update day 26,Rainfall,increase,0.13,70.43,55.67,68.21,6.91,25.24,71.25,168.28,,R4,mango,5.2
1158,47.98,39.33,37.44,6.34,22.2,65.5,112.69,coffee,149,weather update day 149, rainfall,DECREASE,12%,47.98,39.33,37.44,6.34,22.2,65.5,99.17,FAILURE,R2,coffee,2.4
1159,67.1,,66.41,6.35,23.13,60.78,184.76,watermelon,38,weather update day 38,RAINFALL,Increase,0.08,67.1,50.65,66.41,6.35,23.13,60.78,184.91,Success,,watermelon,4.2
1160,73.84,64.72,18.09,5.5,29.65,88.09,175.04,banana,86,weather update day 86,Rainfall,increase,36%,73.84,64.72,18.09,5.5,29.65,88.09,238.05,,R4,banana,-2.8
1161,92.71,77.85,46.35,6.48,27.81,57.03,78.95,coffee,78,weather update day 78, rainfall,Increase,26%,92.71,77.85,46.35,6.48,27.81,57.03,99.47,yes,,coffee,-0.7
1162,57.21,34.11,63.54,6.75,33.99,68.04,193.93,wheat,45,weather update day 45,Temperature,Increase,0.29,57.21,34.11,63.54,6.75,34.09,68.04,193.93,Success,R2,wheat,3.5
1163,72.75,38.65,65.65,6.82,21.81,,58.99,rice,88,weather update day 88,soil_moisture,DECREASE,23%,72.75,38.65,65.65,6.82,21.81,57.16,58.99,failure,r1,rice,-3.8
1164,100.79,66.59,88.07,6.51,25.72,59.26,110.5,sugarcane,85,weather update day 85,,Increase,8%,100.79,66.59,88.07,6.51,25.72,59.26,110.5,yes,R6,sugarcane,-1.2
1165,22.42,72.06,49.72,7.74,33.49,76.02,153.55,cotton,126,weather update day 126, rainfall,DECREASE,0.06,22.42,72.06,49.72,7.74,33.49,76.02,153.46,,R1,cotton,-1.2
1166,71.86,41.99,59.47,6.45,26.85,58.99,30.41,mango,20,weather update day 20,Soil Moisture,Increase,0.58,71.99,41.99,59.47,6.45,26.85,58.99,30.41,success,R6,mango,-6.2
1167,115.43,43.93,56.85,6.96,26.98,63.52,176.16,maize,95,weather update day 95,humidity,DECREASE,0.6,115.43,43.93,56.85,6.96,26.98,63.14,176.16,,R1,maize,-7.6
1168,45.62,51.77,65.69,7.03,30.17,58.58,134.07,rice,40,weather update day 40,Temperature,Increase,42%,45.62,51.77,65.69,7.03,42.84,58.58,134.07,failure,R3,rice,5.3
1169,65.94,38.42,65.1,7.52,18.79,77.4,100.6,jute,47,weather update day 47,RAINFALL,decrease,0.24,65.94,38.42,65.1,7.52,18.79,77.4,100.36,Success,R1,jute,-0.8
1170,74.9,69.13,37.01,6.19,13.03,63.6,184.78,chickpea,19,weather update day 19,,decrease,8%,74.9,69.13,37.01,6.19,13.03,63.6,184.78,partial,R4,chickpea,0.9
1171,71.99,42.45,20.09,6.55,20.69,72.1,94.83,mango,82,weather update day 82,humid,DECREASE,44%,71.99,42.45,20.09,6.55,20.69,40.38,94.83,Success,R2,mango,4.6
1172,64.27,42.48,28.58,7.17,20.38,57.16,202.72,cotton,142,weather update day 142,RAINFALL,,0.24,64.27,42.48,28.58,7.17,20.38,57.16,202.72,FAILURE,R1,cotton,-1.7
1173,57.23,30.33,61.92,7.21,21.6,56.9,146.2,banana,47,weather update day 47,Humidity ,,,57.23,30.33,61.92,7.21,21.6,56.9,146.2,,R5,banana,6.8
1174,79.34,39.19,77.89,6.38,22.35,93.98,225.99,cotton,77,weather update day 77,Rainfall,decrease,54%,79.34,39.19,77.89,6.38,22.35,93.98,103.96,yes,R2,cotton,0.3
1175,80.32,57.13,37.67,5.96,29.71,68.65,199.21,mungbean,146,weather update day 146,rain,increase,0.5,80.32,57.13,37.67,5.96,29.71,68.65,200.21,no,r1,mungbean,-5.1
1176,60.15,35.19,71.88,8.01,29.09,70.76,141.48,lentil,16,weather update day 16,rain,increase,,60.15,35.19,71.88,8.01,29.09,70.76,141.48,no,R3,lentil,-2.7
1177,110.7,55.37,42.98,6.71,22.13,59.21,293.52,coconut,133,weather update day 133,Rainfall,decrease,0.06,110.7,55.37,42.98,6.71,22.13,59.21,293.34,partial,R3,coconut,-2.3
1178,61.34,25.29,72.68,7.82,37.25,82.21,126.27,maize,34,weather update day 34,soilmoisture,Increase,0.3,61.39,25.29,72.68,7.82,37.25,82.21,126.27,failure,R6,maize,-1.2
1179,76.29,77.57,26.98,6.92,29.15,36.85,174.63,mungbean,35,weather update day 35,Soil Moisture,DECREASE,0.22,76.24,77.57,26.98,6.92,29.15,36.85,174.63,,R4,mungbean,2.6
1180,59.61,52.3,51.2,6.54,26.48,53.77,195.02,maize,143,weather update day 143,temp,decrease,0.16,59.61,52.3,51.2,6.54,26.43,53.77,195.02,success,r1,maize,1.8
1181,58.86,73.72,29.74,6.55,31.54,92.62,108.31,mango,83,weather update day 83,soilmoisture,DECREASE,38%,52.15,73.72,29.74,6.55,31.54,92.62,108.31,failure,R4,mango,2.9
1182,67.86,67.33,41.27,6.81,28.24,50.42,173.25,coconut,127,weather update day 127,temp,Increase,0.22,67.86,67.33,41.27,6.81,28.31,50.42,173.25,partial,R2,coconut,6.6
1183,70.28,26.35,54.36,6.3,32.85,86.44,237.87,rice,146,weather update day 146,RAINFALL,Increase,54%,70.28,26.35,54.36,6.3,32.85,86.44,366.32,yes,r1,rice,-4.3
1184,81.94,46.52,48.53,6.28,25.47,90.57,293.45,watermelon,126,weather update day 126, rainfall,increase,43%,81.94,46.52,48.53,6.28,25.47,90.57,419.63,FAILURE,R5,watermelon,-1.4
1185,86.23,36.65,27.68,7.42,24.26,89.99,201.4,jute,55,weather update day 55,soil_moisture,decrease,28%,86.23,36.65,27.68,7.42,24.26,89.99,201.4,no,r1,jute,-1.3
1186,75.12,64.74,77.98,7.31,16.8,45.81,112.51,chickpea,54,weather update day 54,rain,,,75.12,64.74,77.98,7.31,16.8,45.81,112.51,yes,R3,chickpea,0.1
1187,58.09,55.72,71.42,5.06,27.34,39.79,281.13,coffee,59,weather update day 59,,decrease,0.2,58.09,55.72,71.42,5.06,27.34,39.79,281.13,FAILURE,r1,coffee,1.6
1188,-18.13,48.42,22.95,6.58,23.28,68.16,1082.73,lentil,63,weather update day 63,Rainfall,Increase,5%,-18.13,48.42,22.95,6.58,23.28,68.16,1136.86,yes,R3,lentil,2.6
1189,48.57,37.12,43.88,6.54,30.12,46.59,190.7,groundnut,71,weather update day 71,RAINFALL,decrease,16%,48.57,37.12,43.88,6.54,30.12,46.59,160.19,yes,R5,groundnut,-0.5
1190,57.23,46.37,66.18,5.43,20.91,40.92,100.45,coconut,76,weather update day 76,rain,increase,31%,57.23,46.37,66.18,5.43,20.91,40.92,131.59,partial,R1,coconut,-4.4
1191,62.17,49.52,48.27,6.21,27.67,67.22,1049.26,coconut,46,weather update day 46,temperature ,,0.49,62.17,49.52,48.27,6.21,27.67,67.22,1049.26,no,R6,coconut,-1.9
1192,91.2,59.26,60.3,5.41,32.06,68.92,127.84,rice,113,weather update day 113,RAINFALL,decrease,16%,91.2,59.26,60.3,5.41,32.06,68.92,107.39,success,R4,rice,0.8
1193,81.31,50.54,52.79,6.02,21.87,76.39,136.56,rice,145,weather update day 145,Rainfall,Increase,0.07,81.31,50.54,52.79,6.02,21.87,76.39,136.66,partial,R5,rice,-0.2
1194,107.57,42.35,45.61,9.05,24.88,79.3,184.59,cotton,139,weather update day 139, rainfall,,46%,107.57,42.35,45.61,9.05,24.88,79.3,184.59,no,R3,cotton,7.0
1195,85.75,50.51,38.38,6.57,18.04,74.19,202.09,banana,36,weather update day 36,soil_moisture,increase,28%,85.75,50.51,38.38,6.57,18.04,74.19,202.09,Success,R3,banana,-2.0
1196,76.62,62.5,12.11,6.8,32.14,46.86,250.35,lentil,30,weather update day 30,Soil Moisture,increase,56%,89.49,62.5,12.11,6.8,32.14,46.86,250.35,partial,r1,lentil,1.3
1197,71.66,54.34,44.36,6.6,28.5,54.1,51.95,mungbean,141,weather update day 141,Rainfall,Increase,0.38,71.66,54.34,44.36,6.6,28.5,54.1,52.15,success,,mungbean,-6.2
1198,76.01,61.51,53.39,7.09,29.8,60.5,181.52,rice,8,weather update day 8,Humidity ,DECREASE,0.34,76.01,61.51,53.39,7.09,29.8,60.3,181.52,,,rice,-5.2
1199,65.01,32.55,40.56,6.53,33.31,60.64,214.35,rice,143,weather update day 143,humidity,DECREASE,0.06,65.01,32.55,40.56,6.53,33.31,60.61,214.35,Success,r1,rice,4.3
1200,55.43,37.3,11.77,6.61,23.39,54.01,95.19,cotton,39,weather update day 39,Soil Moisture,increase,53%,64.24,37.3,11.77,6.61,23.39,54.01,95.19,success,,cotton,-0.1
1201,111.2,37.36,54.81,6.01,24.12,39.66,221.81,coconut,143,weather update day 143,humidity,Increase,0.37,111.2,37.36,54.81,6.01,24.12,39.81,221.81,,R4,coconut,-0.8
1202,52.25,61.58,54.41,7.51,22.66,54.01,215.76,watermelon,26,weather update day 26,soil_moisture,decrease,9%,52.25,61.58,54.41,7.51,22.66,54.01,215.76,success,R2,watermelon,1.3
1203,110.83,70.28,22.4,5.84,22.04,56.74,87.43,cotton,90,weather update day 90,temperature ,decrease,12%,110.83,70.28,22.4,5.84,19.4,56.74,87.43,FAILURE,r1,cotton,-2.6
1204,68.09,75.95,7.58,6.66,35.59,59.7,136.47,maize,107,weather update day 107,humidity,decrease,20%,68.09,75.95,7.58,6.66,35.59,47.76,136.47,,R1,maize,0.9
1205,67.31,47.61,30.55,6.94,35.23,68.33,159.63,jute,42,weather update day 42,,increase,,67.31,47.61,30.55,6.94,35.23,68.33,159.63,success,R2,jute,-2.8
1206,,69.5,37.92,6.81,19.0,65.91,138.98,blackgram,43,weather update day 43, rainfall,DECREASE,0.49,118.58,69.5,37.92,6.81,19.0,65.91,138.3,,R1,blackgram,-2.5
1207,81.59,54.89,51.5,6.22,27.69,60.57,160.11,watermelon,60,weather update day 60,soilmoisture,DECREASE,0.22,81.54,54.89,51.5,6.22,27.69,60.57,160.11,failure,R3,watermelon,4.0
1208,58.16,80.88,18.47,5.73,25.22,35.24,-4.26,coconut,2,weather update day 2,temperature ,decrease,0.26,58.16,80.88,18.47,5.73,25.16,35.24,-4.26,FAILURE,R1,coconut,-5.9
1209,94.36,65.52,44.99,6.18,25.88,67.2,131.99,coffee,21,weather update day 21,Soil Moisture,increase,0.51,94.5,65.52,44.99,6.18,25.88,67.2,131.99,yes,R1,coffee,3.0
1210,-18.26,38.72,53.75,7.57,16.62,66.73,140.39,watermelon,41,weather update day 41,Humidity ,DECREASE,0.5,-18.26,38.72,53.75,7.57,16.62,66.39,140.39,no,,watermelon,2.0
1211,39.98,55.92,51.19,6.64,29.59,86.76,145.77,coffee,135,weather update day 135,humid,increase,0.25,39.98,55.92,51.19,6.64,29.59,86.98,145.77,FAILURE,R5,coffee,0.2
1212,65.89,48.27,29.23,4.61,30.35,51.05,125.95,cotton,84,weather update day 84,temp,,0.36,65.89,48.27,29.23,4.61,30.35,51.05,125.95,success,,cotton,4.8
1213,43.35,48.64,81.94,6.39,26.33,53.07,146.3,coconut,75,weather update day 75,soil_moisture,,,43.35,48.64,81.94,6.39,26.33,53.07,146.3,Success,R1,coconut,3.7
1214,80.05,75.81,93.28,5.17,23.91,57.77,247.59,wheat,131,weather update day 131,humidity,DECREASE,33%,80.05,75.81,93.28,5.17,23.91,38.71,247.59,FAILURE,R5,wheat,-7.4
1215,62.56,39.67,41.83,7.03,29.96,87.67,59.53,mungbean,84,weather update day 84,humidity,,35%,62.56,39.67,41.83,7.03,29.96,87.67,59.53,yes,R3,mungbean,-1.3
1216,,49.8,67.74,6.95,23.13,67.74,172.36,rice,52,weather update day 52,Temperature,,0.34,113.59,49.8,67.74,6.95,23.13,67.74,172.36,no,r1,rice,-3.9
1217,61.06,24.06,49.92,6.42,23.5,68.7,228.91,blackgram,47,weather update day 47,Soil Moisture,Increase,0.27,61.11,24.06,49.92,6.42,23.5,68.7,228.91,FAILURE,R4,blackgram,3.9
1218,114.13,51.19,-21.06,7.49,23.3,52.98,126.09,sugarcane,75,weather update day 75,humidity,decrease,0.13,114.13,51.19,-21.06,7.49,23.3,52.91,126.09,yes,r1,sugarcane,-1.3
1219,101.5,61.38,50.55,7.84,30.38,54.0,268.8,mango,48,weather update day 48,Soil Moisture,decrease,0.31,101.4,61.38,50.55,7.84,30.38,54.0,268.8,failure,R2,mango,1.9
1220,73.06,38.45,47.6,7.03,28.27,53.45,55.48,wheat,39,weather update day 39, rainfall,DECREASE,0.26,73.06,38.45,47.6,7.03,28.27,53.45,55.34,success,R1,wheat,-1.2
1221,85.47,64.11,53.63,7.18,25.71,63.46,122.47,wheat,73,weather update day 73,humidity,Increase,,85.47,64.11,53.63,7.18,25.71,63.46,122.47,yes,R6,wheat,1.3
1222,83.46,47.53,54.7,6.03,24.28,94.47,101.51,lentil,13,weather update day 13,humidity,increase,0.08,83.46,47.53,54.7,6.03,24.28,94.55,101.51,FAILURE,R2,lentil,0.5
1223,98.08,35.91,39.55,5.62,29.83,41.37,160.62,banana,81,weather update day 81,temp,decrease,,98.08,35.91,39.55,5.62,29.83,41.37,160.62,partial,R1,banana,-3.7
1224,46.23,54.68,70.85,7.06,41.71,65.5,52.16,watermelon,15,weather update day 15,Soil Moisture,DECREASE,47%,39.71,54.68,70.85,7.06,41.71,65.5,52.16,failure,R3,watermelon,0.5
1225,48.87,34.12,31.43,6.11,24.08,69.33,96.53,rice,35,weather update day 35,temperature ,Increase,0.47,48.87,34.12,31.43,6.11,24.19,69.33,96.53,,R2,rice,1.0
1226,90.4,80.32,78.58,5.58,17.95,69.9,68.75,wheat,11,weather update day 11,RAINFALL,increase,0.28,90.4,80.32,78.58,5.58,17.95,69.9,68.95,,,wheat,-5.8
1227,82.35,50.23,82.24,6.34,24.98,75.24,141.21,groundnut,73,weather update day 73,RAINFALL,increase,,82.35,50.23,82.24,6.34,24.98,75.24,141.21,Success,R2,groundnut,0.8
1228,90.95,7.21,42.44,7.74,28.59,84.0,27.95,cotton,99,weather update day 99,Temperature,Increase,,90.95,7.21,42.44,7.74,28.59,84.0,27.95,FAILURE,R2,cotton,-3.7
1229,54.42,48.03,53.53,6.16,28.7,60.56,177.5,maize,41,weather update day 41,Soil Moisture,DECREASE,0.12,54.4,48.03,53.53,6.16,28.7,60.56,177.5,Success,,maize,1.0
1230,58.66,54.18,61.02,13.15,30.6,43.1,152.93,mungbean,112,weather update day 112,Soil Moisture,DECREASE,,58.66,54.18,61.02,13.15,30.6,43.1,152.93,Success,R1,mungbean,4.0
1231,38.53,55.58,27.93,6.28,24.14,69.21,116.83,banana,136,weather update day 136,temperature ,Increase,56%,38.53,55.58,27.93,6.28,37.66,69.21,116.83,,,banana,2.3
1232,108.08,74.39,87.94,6.37,27.48,42.25,238.62,cotton,120,weather update day 120,Temperature,Increase,0.15,108.08,74.39,87.94,6.37,27.52,42.25,238.62,failure,R5,cotton,-3.5
1233,59.01,62.89,41.03,6.46,26.13,36.2,149.17,rice,68,weather update day 68,humidity,,0.17,59.01,62.89,41.03,6.46,26.13,36.2,149.17,Success,R1,rice,-2.1
1234,73.81,39.71,27.96,7.72,31.15,80.05,879.28,blackgram,37,weather update day 37,soilmoisture,Increase,54%,85.77,39.71,27.96,7.72,31.15,80.05,879.28,yes,R1,blackgram,-3.7
1235,82.8,39.12,52.33,4.56,39.58,60.95,221.64,mungbean,4,weather update day 4,Humidity ,increase,0.49,82.8,39.12,52.33,4.56,39.58,61.25,221.64,partial,R5,mungbean,-1.0
1236,74.31,52.9,79.53,6.14,31.58,68.5,53.97,groundnut,21,weather update day 21,Temperature,increase,0.23,74.31,52.9,79.53,6.14,31.66,68.5,53.97,yes,R3,groundnut,-2.5
1237,56.59,37.63,29.79,6.36,27.16,56.84,243.89,groundnut,41,weather update day 41,Rainfall,decrease,56%,56.59,37.63,29.79,6.36,27.16,56.84,107.31,yes,R4,groundnut,0.8
1238,93.93,76.8,43.27,4.74,22.56,101.49,880.91,wheat,94,weather update day 94,humidity,decrease,52%,93.93,76.8,43.27,4.74,22.56,48.71,880.91,Success,R3,wheat,5.3
1239,49.93,45.03,73.5,7.12,25.21,69.62,113.98,cotton,131,weather update day 131,Rainfall,DECREASE,42%,49.93,45.03,73.5,7.12,25.21,69.62,66.11,partial,r1,cotton,1.4
1240,93.65,46.86,12.54,6.41,29.24,49.79,229.97,blackgram,30,weather update day 30, rainfall,increase,14%,93.65,46.86,12.54,6.41,29.24,49.79,262.17,FAILURE,R5,blackgram,-3.4
1241,-7.61,46.91,58.89,7.39,31.26,68.36,133.18,banana,116,weather update day 116,soilmoisture,,0.3,-7.61,46.91,58.89,7.39,31.26,68.36,133.18,partial,R5,banana,-5.5
1242,41.22,69.99,55.17,6.44,24.36,56.77,225.41,groundnut,113,weather update day 113,soilmoisture,increase,16%,43.2,69.99,55.17,6.44,24.36,56.77,225.41,no,R3,groundnut,-0.1
1243,76.79,61.0,52.63,7.53,34.87,67.99,159.46,cotton,74,weather update day 74,Temperature,Increase,0.09,76.79,61.0,52.63,7.53,34.9,67.99,159.46,yes,R3,cotton,1.0
1244,82.12,38.92,19.06,6.8,24.17,57.94,108.43,watermelon,37,weather update day 37,Soil Moisture,,0.29,82.12,38.92,19.06,6.8,24.17,57.94,108.43,yes,R6,watermelon,0.4
1245,54.21,67.6,65.5,5.61,30.51,57.99,209.83,groundnut,92,weather update day 92, rainfall,Increase,,54.21,67.6,65.5,5.61,30.51,57.99,209.83,success,r1,groundnut,-1.0
1246,,52.66,50.96,6.41,19.06,74.55,200.05,mungbean,45,weather update day 45,Temperature,decrease,0.59,62.4,52.66,50.96,6.41,18.95,74.55,200.05,partial,R5,mungbean,4.9
1247,100.66,68.19,36.75,5.92,29.34,68.9,125.88,banana,83,weather update day 83,temperature ,increase,0.17,100.66,68.19,36.75,5.92,29.39,68.9,125.88,failure,r1,banana,2.2
1248,70.51,28.84,17.25,7.31,30.81,67.59,253.0,maize,35,weather update day 35,soilmoisture,Increase,0.18,70.55,28.84,17.25,7.31,30.81,67.59,253.0,Success,r1,maize,1.3
1249,55.19,62.97,50.73,6.74,22.09,75.61,275.08,chickpea,83,weather update day 83,Temperature,decrease,0.11,55.19,62.97,50.73,6.74,22.06,75.61,275.08,failure,R5,chickpea,-3.0
1250,73.93,60.64,46.38,7.65,22.62,92.01,147.59,chickpea,63,weather update day 63,Temperature,DECREASE,,73.93,60.64,46.38,7.65,22.62,92.01,147.59,partial,R2,chickpea,-4.3
1251,73.83,53.58,19.53,7.14,23.18,64.5,121.61,cotton,64,weather update day 64,,increase,0.58,73.83,53.58,19.53,7.14,23.18,64.5,121.61,FAILURE,R2,cotton,0.4
1252,70.25,46.81,72.19,6.2,29.6,66.05,208.02,mungbean,51,weather update day 51,RAINFALL,DECREASE,0.18,70.25,46.81,72.19,6.2,29.6,66.05,207.64,Success,R4,mungbean,-4.1
1253,-8.78,51.17,60.49,7.06,33.11,67.51,50.36,sugarcane,140,weather update day 140,humid,Increase,21%,-8.78,51.17,60.49,7.06,33.11,81.69,50.36,no,r1,sugarcane,2.6
1254,39.75,36.51,48.12,6.05,34.52,46.58,95.44,lentil,110,weather update day 110,RAINFALL,increase,0.15,39.75,36.51,48.12,6.05,34.52,46.58,95.59,partial,R6,lentil,0.9
1255,93.27,64.28,74.24,6.6,23.34,74.32,127.63,jute,137,weather update day 137,RAINFALL,decrease,27%,93.27,64.28,74.24,6.6,23.34,74.32,93.17,FAILURE,R5,jute,2.5
1256,89.69,46.79,47.11,7.04,20.39,70.74,159.99,wheat,117,weather update day 117,RAINFALL,increase,0.51,89.69,46.79,47.11,7.04,20.39,70.74,160.8,failure,R4,wheat,1.5
1257,57.62,69.78,69.78,6.69,25.35,59.31,147.36,sugarcane,138,weather update day 138,,DECREASE,17%,57.62,69.78,69.78,6.69,25.35,59.31,147.36,FAILURE,R3,sugarcane,-2.6
1258,58.54,41.34,38.67,7.41,16.69,62.57,244.35,chickpea,116,weather update day 116,temp,DECREASE,0.5,58.54,41.34,38.67,7.41,16.61,62.57,244.35,success,,chickpea,2.1
1259,67.79,60.61,6.5,7.83,20.22,103.12,277.15,groundnut,71,weather update day 71,temperature ,increase,52%,67.79,60.61,6.5,7.83,30.73,103.12,277.15,success,R1,groundnut,-0.8
1260,78.62,53.65,41.81,7.74,20.42,47.43,206.53,blackgram,64,weather update day 64,soil_moisture,,0.53,78.62,53.65,41.81,7.74,20.42,47.43,206.53,partial,r1,blackgram,2.6
1261,78.52,50.29,36.45,6.89,35.02,62.14,193.19,jute,39,weather update day 39,humid,decrease,,78.52,50.29,36.45,6.89,35.02,62.14,193.19,failure,,jute,-3.9
1262,69.4,40.22,34.96,7.71,29.48,53.61,157.14,mango,79,weather update day 79,humidity,Increase,0.36,69.4,40.22,34.96,7.71,29.48,53.8,157.14,success,R1,mango,-7.1
1263,102.87,,44.4,5.55,14.05,66.92,74.42,wheat,3,weather update day 3,humid,DECREASE,0.36,102.87,54.84,44.4,5.55,14.05,66.68,74.42,FAILURE,R2,wheat,-7.6
1264,86.97,59.72,50.52,6.96,27.23,,173.46,chickpea,52,weather update day 52,temp,decrease,,86.97,59.72,50.52,6.96,27.23,62.87,173.46,Success,R3,chickpea,4.3
1265,65.23,47.41,70.3,11.63,19.93,92.25,151.5,mango,66,weather update day 66,Humidity ,Increase,42%,65.23,47.41,70.3,11.63,19.93,131.0,151.5,failure,r1,mango,-0.2
1266,79.22,51.29,20.82,7.08,21.78,57.3,147.39,maize,129,weather update day 129,temperature ,Increase,0.16,79.22,51.29,20.82,7.08,21.82,57.3,147.39,yes,R5,maize,-0.8
1267,,33.18,51.42,6.45,25.97,50.71,40.41,banana,63,weather update day 63,Temperature,increase,0.38,90.17,33.18,51.42,6.45,26.07,50.71,40.41,Success,R2,banana,-2.2
1268,93.69,46.78,75.98,7.04,34.55,48.99,140.72,mungbean,82,weather update day 82,rain,Increase,0.06,93.69,46.78,75.98,7.04,34.55,48.99,140.8,failure,R1,mungbean,-0.2
1269,60.75,33.31,63.61,7.27,28.09,36.7,286.4,maize,22,weather update day 22,soilmoisture,increase,0.18,60.78,33.31,63.61,7.27,28.09,36.7,286.4,,R1,maize,0.4
1270,57.52,78.71,44.57,6.67,30.35,72.44,159.03,blackgram,114,weather update day 114,Rainfall,decrease,22%,57.52,78.71,44.57,6.67,30.35,72.44,124.04,,r1,blackgram,1.8
1271,41.75,63.26,23.17,7.22,22.14,41.19,150.06,lentil,21,weather update day 21, rainfall,,5%,41.75,63.26,23.17,7.22,22.14,41.19,150.06,success,R5,lentil,3.5
1272,63.37,51.21,48.73,7.11,25.4,59.75,139.15,coconut,25,weather update day 25,temperature ,Increase,12%,63.37,51.21,48.73,7.11,28.44,59.75,139.15,,r1,coconut,-1.2
1273,76.56,63.86,29.75,6.57,21.37,68.83,96.28,wheat,26,weather update day 26,temp,Increase,0.33,76.56,63.86,29.75,6.57,21.44,68.83,96.28,Success,,wheat,-1.2
1274,79.15,62.9,31.48,5.98,22.26,57.03,139.67,mungbean,136,weather update day 136,Rainfall,DECREASE,22%,79.15,62.9,31.48,5.98,22.26,57.03,108.94,yes,r1,mungbean,-2.0
1275,90.32,43.95,21.27,4.86,32.3,74.25,155.28,lentil,119,weather update day 119,soil_moisture,increase,0.48,90.32,43.95,21.27,4.86,32.3,74.25,155.28,failure,R5,lentil,-1.3
1276,71.33,72.44,47.78,7.59,27.89,59.34,169.22,rice,71,weather update day 71, rainfall,increase,22%,71.33,72.44,47.78,7.59,27.89,59.34,206.44,success,r1,rice,-0.6
1277,104.15,63.75,57.86,7.08,33.2,81.13,184.01,wheat,81,weather update day 81,humid,increase,39%,104.15,63.75,57.86,7.08,33.2,112.78,184.01,,R2,wheat,3.2
1278,81.59,54.89,51.5,6.22,27.69,60.57,160.11,watermelon,60,weather update day 60,soilmoisture,DECREASE,0.22,81.54,54.89,51.5,6.22,27.69,60.57,160.11,failure,R3,watermelon,4.0
1279,78.07,49.64,31.73,6.76,20.1,82.82,122.12,banana,148,weather update day 148,soil_moisture,increase,0.17,78.07,49.64,31.73,6.76,20.1,82.82,122.12,yes,,banana,0.6
1280,104.2,47.47,44.71,5.62,18.59,63.68,129.5,lentil,23,weather update day 23,RAINFALL,Increase,0.59,104.2,47.47,44.71,5.62,18.59,63.68,130.27,,R1,lentil,-0.0
1281,7.23,47.95,27.45,6.55,17.87,66.24,125.11,cotton,104,weather update day 104,Soil Moisture,Increase,,7.23,47.95,27.45,6.55,17.87,66.24,125.11,partial,R1,cotton,4.5
1282,80.38,35.34,57.83,5.87,36.1,65.9,188.99,jute,15,weather update day 15,soil_moisture,decrease,23%,80.38,35.34,57.83,5.87,36.1,65.9,188.99,FAILURE,R3,jute,-2.4
1283,59.07,59.33,69.2,5.96,21.71,67.23,264.54,blackgram,112,weather update day 112, rainfall,,0.48,59.07,59.33,69.2,5.96,21.71,67.23,264.54,FAILURE,R3,blackgram,-4.6
1284,64.76,86.62,40.83,6.01,35.05,42.89,39.16,lentil,41,weather update day 41,temperature ,,,64.76,86.62,40.83,6.01,35.05,42.89,39.16,failure,r1,lentil,0.4
1285,38.28,40.06,55.47,5.97,23.04,76.45,116.7,maize,14,weather update day 14,humidity,increase,0.52,38.28,40.06,55.47,5.97,23.04,76.85,116.7,no,,maize,4.0
1286,70.37,55.21,38.28,5.88,26.98,50.32,174.5,blackgram,122,weather update day 122,temp,DECREASE,16%,70.37,55.21,38.28,5.88,22.66,50.32,174.5,failure,R3,blackgram,-6.4
1287,58.2,54.97,33.43,5.68,15.68,83.33,126.01,banana,55,weather update day 55,temperature ,decrease,13%,58.2,54.97,33.43,5.68,13.64,83.33,126.01,Success,r1,banana,-0.1
1288,76.01,,53.84,7.67,25.91,67.85,204.94,groundnut,125,weather update day 125,humidity,,53%,76.01,16.45,53.84,7.67,25.91,67.85,204.94,FAILURE,R6,groundnut,2.0
1289,110.97,32.98,30.85,6.76,21.92,79.0,215.65,wheat,122,weather update day 122,humid,decrease,23%,110.97,32.98,30.85,6.76,21.92,60.83,215.65,failure,R2,wheat,-1.6
1290,71.7,34.09,30.16,6.24,25.89,,138.98,sugarcane,93,weather update day 93,Humidity ,,0.56,71.7,34.09,30.16,6.24,25.89,66.22,138.98,yes,R3,sugarcane,7.0
1291,74.89,48.54,60.33,7.21,24.21,70.23,126.67,banana,61,weather update day 61,temperature ,increase,35%,74.89,48.54,60.33,7.21,32.68,70.23,126.67,FAILURE,R1,banana,4.4
1292,43.88,51.94,22.72,7.23,28.95,73.36,70.69,cotton,37,weather update day 37,soil_moisture,decrease,0.49,43.88,51.94,22.72,7.23,28.95,73.36,70.69,success,R3,cotton,-0.4
1293,20.29,34.41,32.9,6.07,22.39,79.75,103.49,rice,7,weather update day 7,soil_moisture,increase,40%,20.29,34.41,32.9,6.07,22.39,79.75,103.49,failure,R4,rice,-2.1
1294,66.66,32.55,51.08,6.43,18.29,66.4,209.02,maize,3,weather update day 3,Rainfall,,47%,66.66,32.55,51.08,6.43,18.29,66.4,209.02,FAILURE,R5,maize,-0.7
1295,,40.95,69.42,8.47,28.07,64.38,95.26,groundnut,87,weather update day 87,Temperature,DECREASE,0.28,77.17,40.95,69.42,8.47,27.99,64.38,95.26,partial,R4,groundnut,1.1
1296,73.74,27.96,54.88,7.39,29.31,97.37,33.7,groundnut,128,weather update day 128,Rainfall,decrease,,73.74,27.96,54.88,7.39,29.31,97.37,33.7,FAILURE,R6,groundnut,0.4
1297,66.22,69.04,52.71,6.8,19.75,59.76,153.06,banana,127,weather update day 127,Soil Moisture,decrease,0.59,66.1,69.04,52.71,6.8,19.75,59.76,153.06,success,,banana,2.1
1298,67.05,56.57,50.95,5.45,31.13,82.63,87.54,watermelon,9,weather update day 9,Soil Moisture,increase,24%,71.88,56.57,50.95,5.45,31.13,82.63,87.54,yes,r1,watermelon,1.0
1299,91.64,43.39,40.29,6.43,26.93,84.54,77.39,mungbean,36,weather update day 36,,increase,59%,91.64,43.39,40.29,6.43,26.93,84.54,77.39,yes,R5,mungbean,-2.4
1300,65.44,71.58,31.98,5.28,28.18,74.3,114.85,sugarcane,145,weather update day 145,Soil Moisture,Increase,,65.44,71.58,31.98,5.28,28.18,74.3,114.85,Success,R2,sugarcane,-1.0
1301,-2.85,41.49,14.25,6.03,30.31,74.56,190.21,wheat,24,weather update day 24,humid,Increase,0.32,-2.85,41.49,14.25,6.03,30.31,74.8,190.21,failure,R1,wheat,2.1
1302,75.88,44.23,47.75,6.2,31.97,52.42,205.42,mungbean,54,weather update day 54,temperature ,increase,29%,75.88,44.23,47.75,6.2,41.24,52.42,205.42,partial,R4,mungbean,1.2
1303,78.6,75.47,18.06,6.64,23.97,57.83,239.61,watermelon,94,weather update day 94,Humidity ,decrease,0.06,78.6,75.47,18.06,6.64,23.97,57.8,239.61,Success,,watermelon,-1.9
1304,82.2,47.83,48.6,7.37,25.43,65.23,114.02,coconut,51,weather update day 51,temp,DECREASE,,82.2,47.83,48.6,7.37,25.43,65.23,114.02,no,R5,coconut,1.3
1305,72.7,31.58,59.04,5.81,21.42,47.92,145.01,wheat,7,weather update day 7,Rainfall,decrease,,72.7,31.58,59.04,5.81,21.42,47.92,145.01,failure,R2,wheat,3.6
1306,87.05,31.56,74.14,6.51,23.02,60.51,198.54,rice,30,weather update day 30,temp,decrease,13%,87.05,31.56,74.14,6.51,20.03,60.51,198.54,no,r1,rice,-2.7
1307,35.98,43.9,25.86,6.36,29.24,79.81,217.31,banana,27,weather update day 27,humidity,,0.53,35.98,43.9,25.86,6.36,29.24,79.81,217.31,partial,R1,banana,3.9
1308,25.7,57.15,58.79,5.26,23.73,55.65,198.6,sugarcane,13,weather update day 13,Rainfall,Increase,37%,25.7,57.15,58.79,5.26,23.73,55.65,272.08,FAILURE,,sugarcane,-6.1
1309,56.55,40.17,56.02,6.51,37.38,40.56,156.59,cotton,104,weather update day 104,soil_moisture,Increase,53%,56.55,40.17,56.02,6.51,37.38,40.56,156.59,success,R1,cotton,3.4
1310,-10.73,48.67,49.57,5.31,27.99,89.79,138.91,banana,7,weather update day 7,Soil Moisture,DECREASE,0.06,-10.72,48.67,49.57,5.31,27.99,89.79,138.91,success,,banana,2.0
1311,62.18,52.97,51.45,6.76,20.11,43.77,14.45,wheat,20,weather update day 20,Rainfall,increase,29%,62.18,52.97,51.45,6.76,20.11,43.77,18.64,failure,R6,wheat,0.2
1312,74.3,19.67,31.02,7.62,25.91,39.9,85.65,sugarcane,81,weather update day 81,RAINFALL,,0.2,74.3,19.67,31.02,7.62,25.91,39.9,85.65,partial,R5,sugarcane,-3.0
1313,71.13,57.95,46.73,6.89,26.32,35.37,93.64,mango,134,weather update day 134,temperature ,,36%,71.13,57.95,46.73,6.89,26.32,35.37,93.64,Success,R4,mango,-0.4
1314,85.58,59.89,63.34,6.5,31.17,79.42,218.94,rice,61,weather update day 61,,,0.26,85.58,59.89,63.34,6.5,31.17,79.42,218.94,Success,R4,rice,-1.9
1315,63.0,46.96,42.74,6.18,32.2,65.01,208.29,chickpea,72,weather update day 72,Soil Moisture,Increase,0.27,63.05,46.96,42.74,6.18,32.2,65.01,208.29,success,R6,chickpea,2.0
1316,68.78,38.96,49.5,7.21,21.13,64.92,212.3,wheat,147,weather update day 147,humidity,,0.29,68.78,38.96,49.5,7.21,21.13,64.92,212.3,yes,r1,wheat,1.5
1317,50.41,49.83,31.07,6.17,28.4,67.18,213.51,chickpea,145,weather update day 145,rain,decrease,0.35,50.41,49.83,31.07,6.17,28.4,67.18,212.76,failure,,chickpea,0.9
1318,57.44,6.62,82.82,5.64,28.8,46.2,98.22,coconut,51,weather update day 51,humid,DECREASE,14%,57.44,6.62,82.82,5.64,28.8,39.73,98.22,partial,R1,coconut,-4.9
1319,68.35,81.5,57.88,6.76,25.6,54.45,168.68,mango,149,weather update day 149,Rainfall,,,68.35,81.5,57.88,6.76,25.6,54.45,168.68,Success,R2,mango,-4.1
1320,77.5,,57.5,5.82,27.95,57.76,199.17,groundnut,97,weather update day 97,Temperature,Increase,0.31,77.5,55.06,57.5,5.82,28.03,57.76,199.17,,R2,groundnut,-2.6
1321,58.51,63.08,57.17,6.35,32.96,,151.97,GROUNDNUT,94,weather update day 94,temp,Increase,,58.51,63.08,57.17,6.35,32.96,61.82,151.97,success,R3,groundnut,0.1
1322,52.36,41.13,75.86,6.0,26.51,53.69,200.57,banana,86,weather update day 86, rainfall,decrease,0.58,52.36,41.13,75.86,6.0,26.51,53.69,199.4,failure,R3,banana,-1.6
1323,75.0,31.21,18.4,8.12,21.0,67.01,91.88,chickpea,95,weather update day 95,soil_moisture,,0.31,75.0,31.21,18.4,8.12,21.0,67.01,91.88,no,R1,chickpea,-6.9
1324,88.25,26.03,38.71,7.25,22.0,70.27,207.05,maize,79,weather update day 79,Temperature,increase,,88.25,26.03,38.71,7.25,22.0,70.27,207.05,,,maize,-10.2
1325,97.6,63.15,43.21,6.35,26.59,77.3,174.16,cotton,47,weather update day 47,temperature ,decrease,35%,97.6,63.15,43.21,6.35,17.28,77.3,174.16,Success,R2,cotton,-4.2
1326,89.56,27.3,73.15,7.28,15.73,100.3,838.1,banana,142,weather update day 142,rain,,58%,89.56,27.3,73.15,7.28,15.73,100.3,838.1,failure,R2,banana,-1.4
1327,58.25,33.43,49.58,6.85,22.81,77.25,188.36,maize,95,weather update day 95,Rainfall,DECREASE,0.4,58.25,33.43,49.58,6.85,22.81,77.25,187.6,partial,R3,maize,-1.9
1328,52.79,36.68,60.82,5.72,24.83,87.14,97.58,coconut,26,weather update day 26,Temperature,Increase,26%,52.79,36.68,60.82,5.72,31.29,87.14,97.58,success,R4,coconut,6.6
1329,85.07,59.26,43.58,7.19,31.04,50.71,159.21,maize,86,weather update day 86,temp,Increase,,85.07,59.26,43.58,7.19,31.04,50.71,159.21,FAILURE,R1,maize,0.4
1330,67.9,59.19,47.54,6.33,26.29,55.94,129.41,rice,131,weather update day 131,soilmoisture,decrease,0.43,67.81,59.19,47.54,6.33,26.29,55.94,129.41,partial,r1,rice,-6.3
1331,48.36,44.92,74.4,5.37,18.34,69.04,218.97,sugarcane,133,weather update day 133,Humidity ,DECREASE,56%,48.36,44.92,74.4,5.37,18.34,30.38,218.97,partial,R3,sugarcane,-4.7
1332,63.58,49.96,61.43,6.21,27.51,40.11,75.52,lentil,126,weather update day 126,soil_moisture,DECREASE,,63.58,49.96,61.43,6.21,27.51,40.11,75.52,yes,R2,lentil,1.8
1333,20.57,24.86,15.13,7.34,26.07,46.07,179.46,wheat,23,weather update day 23,Rainfall,,0.56,20.57,24.86,15.13,7.34,26.07,46.07,179.46,yes,R6,wheat,3.0
1334,59.55,28.23,40.69,5.74,28.26,47.28,145.63,watermelon,8,weather update day 8,Rainfall,Increase,39%,59.55,28.23,40.69,5.74,28.26,47.28,202.43,yes,R6,watermelon,1.4
1335,69.41,38.48,35.11,5.85,21.04,79.01,197.96,blackgram,137,weather update day 137,,,0.17,69.41,38.48,35.11,5.85,21.04,79.01,197.96,success,,blackgram,2.8
1336,-0.04,71.48,33.4,6.21,27.6,55.0,97.43,cotton,109,weather update day 109,temperature ,decrease,0.1,-0.04,71.48,33.4,6.21,27.57,55.0,97.43,FAILURE,R6,cotton,-2.6
1337,49.95,33.47,70.5,5.29,32.09,51.97,108.89,cotton,59,weather update day 59,rain,Increase,37%,49.95,33.47,70.5,5.29,32.09,51.97,149.18,no,,cotton,-1.3
1338,69.66,59.83,90.84,6.54,19.85,40.18,124.69,blackgram,71,weather update day 71,soil_moisture,increase,0.13,69.66,59.83,90.84,6.54,19.85,40.18,124.69,partial,R1,blackgram,-3.4
1339,71.33,55.62,21.29,6.27,32.59,81.34,132.58,groundnut,146,weather update day 146,Soil Moisture,DECREASE,,71.33,55.62,21.29,6.27,32.59,81.34,132.58,Success,R4,groundnut,2.1
1340,80.41,16.94,40.29,7.57,32.98,69.6,197.25,mango,1,weather update day 1,rain,Increase,29%,80.41,16.94,40.29,7.57,32.98,69.6,254.45,,,mango,-5.4
1341,-16.09,19.84,1.4,8.15,29.77,56.43,160.3,coconut,37,weather update day 37,temperature ,Increase,0.07,-16.09,19.84,1.4,8.15,29.79,56.43,160.3,yes,R2,coconut,0.7
1342,44.77,37.02,49.1,6.9,30.81,37.63,139.69,blackgram,111,weather update day 111,,increase,38%,44.77,37.02,49.1,6.9,30.81,37.63,139.69,partial,R2,blackgram,-3.3
1343,72.41,58.33,43.67,5.82,28.76,58.46,188.67,blackgram,56,weather update day 56,Humidity ,increase,0.58,72.41,58.33,43.67,5.82,28.76,58.8,188.67,partial,R5,blackgram,-1.7
1344,96.25,26.27,34.01,6.59,27.85,96.99,158.45,rice,92,weather update day 92,humid,DECREASE,0.26,96.25,26.27,34.01,6.59,27.85,96.73,158.45,failure,,rice,-0.3
1345,60.61,58.14,39.66,6.13,27.21,36.3,46.5,mungbean,59,weather update day 59,temperature ,Increase,46%,60.61,58.14,39.66,6.13,39.73,36.3,46.5,success,R3,mungbean,2.1
1346,67.92,61.7,18.79,6.78,24.64,67.33,156.64,watermelon,46,weather update day 46,humidity,decrease,0.55,67.92,61.7,18.79,6.78,24.64,66.96,156.64,yes,R1,watermelon,0.4
1347,41.99,53.1,73.51,7.05,26.77,90.68,138.9,blackgram,73,weather update day 73,RAINFALL,decrease,10%,41.99,53.1,73.51,7.05,26.77,90.68,125.01,failure,,blackgram,-1.6
1348,20.37,47.22,39.14,6.6,24.82,67.12,127.28,banana,149,weather update day 149,soilmoisture,,26%,20.37,47.22,39.14,6.6,24.82,67.12,127.28,success,R5,banana,1.2
1349,65.25,52.88,65.66,5.91,15.19,68.83,209.32,mango,135,weather update day 135,rain,,,65.25,52.88,65.66,5.91,15.19,68.83,209.32,success,R6,mango,-4.1
1350,82.7,54.24,30.86,6.72,25.51,52.97,166.52,coffee,129,weather update day 129, rainfall,decrease,34%,82.7,54.24,30.86,6.72,25.51,52.97,109.9,FAILURE,,coffee,-0.3
1351,57.43,47.0,78.54,8.09,15.19,66.71,325.02,mango,1,weather update day 1,soil_moisture,DECREASE,,57.43,47.0,78.54,8.09,15.19,66.71,325.02,yes,R4,mango,1.4
1352,93.06,45.4,52.13,5.45,28.49,69.12,151.4,mungbean,132,weather update day 132,soilmoisture,decrease,,93.06,45.4,52.13,5.45,28.49,69.12,151.4,FAILURE,r1,mungbean,3.1
1353,73.96,68.52,38.69,8.37,29.78,62.05,136.82,jute,129,weather update day 129,Soil Moisture,,6%,73.96,68.52,38.69,8.37,29.78,62.05,136.82,Success,R3,jute,-3.0
1354,43.33,23.55,67.64,11.39,29.49,69.37,182.63,cotton,142,weather update day 142,soil_moisture,increase,53%,43.33,23.55,67.64,11.39,29.49,69.37,182.63,FAILURE,R4,cotton,-0.9
1355,77.82,52.94,68.19,6.1,32.62,72.94,148.39,rice,28,weather update day 28,humid,increase,30%,77.82,52.94,68.19,6.1,32.62,94.83,148.39,Success,r1,rice,5.5
1356,56.81,54.99,72.07,6.3,35.5,65.75,98.86,mango,133,weather update day 133, rainfall,DECREASE,28%,56.81,54.99,72.07,6.3,35.5,65.75,71.18,failure,R6,mango,3.1
1357,50.09,77.41,18.2,6.27,26.42,89.77,203.8,groundnut,69,weather update day 69,RAINFALL,,0.19,50.09,77.41,18.2,6.27,26.42,89.77,203.8,partial,,groundnut,-5.0
1358,78.01,54.93,39.61,7.19,36.96,66.21,135.99,blackgram,121,weather update day 121,humidity,,0.18,78.01,54.93,39.61,7.19,36.96,66.21,135.99,no,r1,blackgram,-0.3
1359,61.33,44.87,16.84,7.66,30.43,62.94,162.01,chickpea,79,weather update day 79, rainfall,Increase,0.27,61.33,44.87,16.84,7.66,30.43,62.94,162.45,success,R6,chickpea,-6.5
1360,54.3,59.72,45.82,6.84,21.56,58.44,193.34,watermelon,101,weather update day 101,Rainfall,DECREASE,,54.3,59.72,45.82,6.84,21.56,58.44,193.34,,R6,watermelon,-1.1
1361,47.58,24.43,66.95,5.03,27.24,78.3,62.93,banana,149,weather update day 149,Temperature,DECREASE,45%,47.58,24.43,66.95,5.03,14.98,78.3,62.93,Success,R5,banana,-6.4
1362,39.75,38.05,59.87,6.16,27.02,57.57,120.76,wheat,26,weather update day 26,soil_moisture,Increase,22%,39.75,38.05,59.87,6.16,27.02,57.57,120.76,partial,R5,wheat,-3.1
1363,52.19,59.41,31.68,7.76,21.5,28.07,102.67,watermelon,74,weather update day 74, rainfall,,51%,52.19,59.41,31.68,7.76,21.5,28.07,102.67,no,R6,watermelon,-0.8
1364,93.23,37.83,54.63,6.75,25.51,57.44,222.89,mango,48,weather update day 48,Temperature,Increase,57%,93.23,37.83,54.63,6.75,40.06,57.44,222.89,FAILURE,,mango,2.6
1365,75.37,53.76,33.09,7.05,22.8,62.66,191.21,coconut,56,weather update day 56,temp,DECREASE,24%,75.37,53.76,33.09,7.05,17.33,62.66,191.21,Success,R5,coconut,-3.6
1366,48.53,54.31,34.14,7.06,23.2,73.07,94.52,coffee,27,weather update day 27,,Increase,18%,48.53,54.31,34.14,7.06,23.2,73.07,94.52,failure,R6,coffee,3.7
1367,86.0,24.51,44.03,5.64,36.82,82.17,109.14,lentil,87,weather update day 87, rainfall,Increase,45%,86.0,24.51,44.03,5.64,36.82,82.17,158.26,no,R6,lentil,-5.6
1368,50.01,42.26,38.56,8.42,32.28,75.3,176.76,coffee,132,weather update day 132,humid,,21%,50.01,42.26,38.56,8.42,32.28,75.3,176.76,success,R5,coffee,0.9
1369,80.79,30.29,55.08,7.09,29.65,46.2,219.26,mango,6,weather update day 6,soilmoisture,decrease,0.3,80.72,30.29,55.08,7.09,29.65,46.2,219.26,failure,,mango,1.3
1370,105.23,47.43,27.4,6.12,19.86,61.86,256.19,mango,91,weather update day 91,humid,Increase,45%,105.23,47.43,27.4,6.12,19.86,89.7,256.19,failure,r1,mango,3.7
1371,71.2,,13.67,6.8,34.88,59.35,75.34,mungbean,21,weather update day 21,soil_moisture,DECREASE,,71.2,64.89,13.67,6.8,34.88,59.35,75.34,FAILURE,R6,mungbean,-1.2
1372,50.47,64.63,56.08,7.9,34.41,59.87,300.19,mango,97,weather update day 97,humidity,Increase,0.16,50.47,64.63,56.08,7.9,34.41,59.96,300.19,partial,R1,mango,0.1
1373,61.16,62.66,15.84,8.81,29.97,60.56,134.45,sugarcane,28,weather update day 28,humid,Increase,0.16,61.16,62.66,15.84,8.81,29.97,60.65,134.45,,,sugarcane,-0.7
1374,52.12,33.44,21.18,6.62,31.81,62.23,59.66,coconut,135,weather update day 135,soil_moisture,decrease,30%,52.12,33.44,21.18,6.62,31.81,62.23,59.66,yes,R5,coconut,2.5
1375,75.16,64.67,68.06,7.4,20.86,82.63,261.48,mungbean,137,weather update day 137,humid,DECREASE,0.59,75.16,64.67,68.06,7.4,20.86,82.14,261.48,FAILURE,,mungbean,4.5
1376,92.14,36.39,28.49,7.95,28.96,85.95,98.76,mango,126,weather update day 126,soil_moisture,DECREASE,52%,92.14,36.39,28.49,7.95,28.96,85.95,98.76,success,R3,mango,-2.8
1377,76.22,26.32,44.17,7.44,28.98,34.65,162.03,blackgram,29,weather update day 29,temp,DECREASE,,76.22,26.32,44.17,7.44,28.98,34.65,162.03,FAILURE,R3,blackgram,-1.0
1378,72.9,44.26,49.86,6.07,16.24,60.81,171.45,blackgram,115,weather update day 115, rainfall,Increase,,72.9,44.26,49.86,6.07,16.24,60.81,171.45,partial,R2,blackgram,-1.8
1379,60.59,25.63,51.45,5.79,41.46,43.03,77.22,blackgram,69,weather update day 69,Temperature,Increase,0.41,60.59,25.63,51.45,5.79,41.63,43.03,77.22,partial,R5,blackgram,2.7
1380,78.16,48.13,-2.99,6.51,18.79,61.86,65.73,maize,124,weather update day 124,temperature ,Increase,0.52,78.16,48.13,-2.99,6.51,18.89,61.86,65.73,partial,R2,maize,-4.2
1381,59.5,33.54,42.78,4.25,30.53,49.42,112.94,mango,112,weather update day 112,RAINFALL,increase,5%,59.5,33.54,42.78,4.25,30.53,49.42,118.59,partial,R3,mango,2.0
1382,84.64,46.8,59.78,6.12,37.75,25.04,190.38,jute,112,weather update day 112, rainfall,Increase,0.54,84.64,46.8,59.78,6.12,37.75,25.04,191.4,FAILURE,,jute,-5.3
1383,70.42,53.46,25.32,6.01,24.12,60.23,226.9,rice,45,weather update day 45,temp,,0.2,70.42,53.46,25.32,6.01,24.12,60.23,226.9,partial,R4,rice,1.7
1384,110.28,59.56,21.47,5.86,29.45,71.35,159.75,rice,58,weather update day 58,temp,DECREASE,23%,110.28,59.56,21.47,5.86,22.67,71.35,159.75,failure,R4,rice,4.5
1385,63.56,,66.02,6.71,25.37,79.51,101.84,maize,90,weather update day 90,rain,decrease,42%,63.56,51.63,66.02,6.71,25.37,79.51,59.07,yes,r1,maize,0.6
1386,-15.05,74.88,65.72,7.13,29.94,71.89,271.07,cotton,53,weather update day 53,humid,increase,0.23,-15.05,74.88,65.72,7.13,29.94,72.06,271.07,success,R4,cotton,0.1
1387,77.96,46.22,84.33,6.68,23.77,70.06,124.28,coffee,130,weather update day 130,RAINFALL,Increase,31%,77.96,46.22,84.33,6.68,23.77,70.06,162.81,partial,r1,coffee,-0.5
1388,-3.22,64.24,29.75,7.18,20.82,62.8,195.16,cotton,124,weather update day 124,,increase,6%,-3.22,64.24,29.75,7.18,20.82,62.8,195.16,Success,R6,cotton,-3.6
1389,96.34,48.23,9.81,6.01,32.48,64.66,90.04,sugarcane,21,weather update day 21,Temperature,decrease,32%,96.34,48.23,9.81,6.01,22.09,64.66,90.04,no,r1,sugarcane,-4.6
1390,86.13,46.57,34.78,5.98,22.67,80.98,159.61,coffee,25,weather update day 25, rainfall,decrease,40%,86.13,46.57,34.78,5.98,22.67,80.98,95.77,partial,R2,coffee,-2.1
1391,89.9,64.06,62.94,6.8,27.1,80.49,265.41,maize,109,weather update day 109,soil_moisture,increase,53%,89.9,64.06,62.94,6.8,27.1,80.49,265.41,Success,R1,maize,-2.9
1392,78.01,53.63,39.3,6.48,22.42,64.33,9.84,jute,83,weather update day 83,Humidity ,increase,50%,78.01,53.63,39.3,6.48,22.42,96.5,9.84,no,R3,jute,1.3
1393,87.03,40.69,34.74,6.96,23.26,46.58,292.45,wheat,78,weather update day 78,Temperature,decrease,28%,87.03,40.69,34.74,6.96,16.75,46.58,292.45,FAILURE,r1,wheat,-2.9
1394,64.1,59.86,20.32,6.32,28.73,55.67,185.29,groundnut,50,weather update day 50,Rainfall,DECREASE,6%,64.1,59.86,20.32,6.32,28.73,55.67,174.17,Success,r1,groundnut,-1.6
1395,55.67,68.5,88.38,5.63,25.08,70.06,286.82,blackgram,68,weather update day 68,Rainfall,increase,,55.67,68.5,88.38,5.63,25.08,70.06,286.82,,r1,blackgram,-2.2
1396,59.96,34.89,47.08,6.3,36.73,78.42,208.17,sugarcane,138,weather update day 138,Soil Moisture,DECREASE,,59.96,34.89,47.08,6.3,36.73,78.42,208.17,success,R4,sugarcane,1.4
1397,92.28,8.0,42.52,7.55,23.14,91.44,239.03,lentil,3,weather update day 3,RAINFALL,increase,,92.28,8.0,42.52,7.55,23.14,91.44,239.03,,R3,lentil,-1.4
1398,91.81,68.0,28.36,7.14,25.09,67.07,157.63,jute,144,weather update day 144,RAINFALL,increase,0.3,91.81,68.0,28.36,7.14,25.09,67.07,158.1,failure,R4,jute,0.3
1399,84.32,63.68,30.69,6.85,22.57,42.67,94.28,watermelon,11,weather update day 11,Humidity ,increase,21%,84.32,63.68,30.69,6.85,22.57,51.63,94.28,failure,R2,watermelon,-2.3
1400,82.0,44.07,37.24,8.06,18.77,64.11,62.12,coffee,39,weather update day 39,soilmoisture,increase,0.33,82.08,44.07,37.24,8.06,18.77,64.11,62.12,no,,coffee,3.9
1401,75.16,57.04,36.83,6.85,26.81,51.32,149.16,wheat,92,weather update day 92,Temperature,increase,0.44,75.16,57.04,36.83,6.85,26.93,51.32,149.16,success,r1,wheat,-1.1
1402,74.46,65.84,67.88,6.02,24.97,59.0,57.9,banana,49,weather update day 49,Temperature,increase,0.43,74.46,65.84,67.88,6.02,25.08,59.0,57.9,,,banana,1.6
1403,81.46,34.87,52.55,6.14,32.61,48.28,89.85,maize,29,weather update day 29,Temperature,increase,0.46,81.46,34.87,52.55,6.14,32.76,48.28,89.85,success,R2,maize,-1.0
1404,46.64,67.05,41.14,6.74,16.87,80.03,185.27,watermelon,3,weather update day 3, rainfall,Increase,55%,46.64,67.05,41.14,6.74,16.87,80.03,287.16,yes,R4,watermelon,-6.1
1405,52.32,77.01,35.96,7.25,25.88,52.56,89.38,lentil,80,weather update day 80,temperature ,,45%,52.32,77.01,35.96,7.25,25.88,52.56,89.38,failure,R3,lentil,-1.9
1406,89.01,75.66,46.12,6.36,26.35,82.43,94.36,mungbean,137,weather update day 137,Humidity ,,8%,89.01,75.66,46.12,6.36,26.35,82.43,94.36,Success,,mungbean,0.7
1407,73.81,64.12,29.41,6.82,35.05,61.73,99.14,cotton,59,weather update day 59,Humidity ,,44%,73.81,64.12,29.41,6.82,35.05,61.73,99.14,success,R2,cotton,-2.0
1408,84.98,77.13,52.09,6.28,28.23,82.04,180.09,banana,43,weather update day 43,Temperature,DECREASE,48%,84.98,77.13,52.09,6.28,14.68,82.04,180.09,success,R4,banana,-0.9
1409,50.47,36.61,54.39,6.32,21.8,51.16,131.77,WHEAT,70,weather update day 70,,increase,0.09,50.47,36.61,54.39,6.32,21.8,51.16,131.77,yes,R3,wheat,4.7
1410,67.49,29.94,42.03,6.86,20.48,,78.99,sugarcane,94,weather update day 94,soil_moisture,increase,0.2,67.49,29.94,42.03,6.86,20.48,63.95,78.99,Success,R4,sugarcane,-1.2
1411,69.24,52.01,77.07,6.29,22.75,75.69,-40.48,coconut,126,weather update day 126,Temperature,increase,0.1,69.24,52.01,77.07,6.29,22.77,75.69,-40.48,failure,R4,coconut,-0.9
1412,33.8,64.48,39.36,6.6,27.84,57.11,142.14,blackgram,58,weather update day 58,Rainfall,Increase,27%,33.8,64.48,39.36,6.6,27.84,57.11,180.51,failure,R2,blackgram,-6.9
1413,33.94,26.24,52.81,6.91,18.09,78.43,121.02,banana,84,weather update day 84,Humidity ,decrease,22%,33.94,26.24,52.81,6.91,18.09,61.17,121.02,FAILURE,R1,banana,0.4
1414,64.69,65.55,37.85,6.83,20.14,99.11,135.62,coconut,33,weather update day 33,humid,DECREASE,0.29,64.69,65.55,37.85,6.83,20.14,98.82,135.62,,,coconut,0.0
1415,119.84,45.87,42.28,6.59,31.36,42.4,32.07,jute,98,weather update day 98,soilmoisture,Increase,59%,141.06,45.87,42.28,6.59,31.36,42.4,32.07,,r1,jute,-1.8
1416,49.04,63.02,41.41,6.38,29.15,69.9,183.8,blackgram,31,weather update day 31,temp,decrease,0.07,49.04,63.02,41.41,6.38,29.13,69.9,183.8,partial,,blackgram,0.5
1417,0.44,45.98,38.68,7.21,23.18,103.09,233.81,wheat,142,weather update day 142,soilmoisture,decrease,0.44,0.44,45.98,38.68,7.21,23.18,103.09,233.81,failure,R5,wheat,-1.2
1418,42.37,53.31,27.28,5.73,22.74,65.67,172.47,wheat,144,weather update day 144,Rainfall,decrease,0.18,42.37,53.31,27.28,5.73,22.74,65.67,172.16,yes,r1,wheat,-1.2
1419,89.05,77.46,57.52,6.55,25.87,49.7,74.31,lentil,45,weather update day 45,soil_moisture,,0.31,89.05,77.46,57.52,6.55,25.87,49.7,74.31,failure,R4,lentil,1.5
1420,79.28,68.35,42.06,7.77,25.12,35.69,205.09,wheat,61,weather update day 61,Temperature,Increase,58%,79.28,68.35,42.06,7.77,39.69,35.69,205.09,failure,R2,wheat,2.9
1421,75.45,56.26,69.44,5.85,31.46,56.78,69.85,cotton,26,weather update day 26, rainfall,Increase,6%,75.45,56.26,69.44,5.85,31.46,56.78,74.04,success,R3,cotton,2.1
1422,104.18,57.79,53.35,6.13,25.56,54.67,146.18,groundnut,31,weather update day 31,humidity,decrease,27%,104.18,57.79,53.35,6.13,25.56,39.91,146.18,Success,R1,groundnut,-4.1
1423,55.59,27.09,65.26,6.96,17.4,53.8,160.74,cotton,51,weather update day 51,soil_moisture,increase,7%,55.59,27.09,65.26,6.96,17.4,53.8,160.74,success,R6,cotton,1.3
1424,69.35,33.29,39.4,6.74,24.46,64.28,148.85,jute,123,weather update day 123,temperature ,decrease,46%,69.35,33.29,39.4,6.74,13.21,64.28,148.85,failure,r1,jute,-4.9
1425,87.45,52.75,87.42,5.85,21.8,56.01,22.57,mango,28,weather update day 28,Temperature,increase,32%,87.45,52.75,87.42,5.85,28.78,56.01,22.57,yes,r1,mango,0.5
1426,74.1,61.49,18.91,6.74,30.66,58.77,192.04,coconut,76,weather update day 76,humidity,increase,6%,74.1,61.49,18.91,6.74,30.66,62.3,192.04,FAILURE,R6,coconut,8.4
1427,56.19,64.53,20.92,6.7,22.03,22.66,133.03,banana,29,weather update day 29, rainfall,,14%,56.19,64.53,20.92,6.7,22.03,22.66,133.03,yes,R5,banana,-0.2
1428,63.92,59.71,79.0,7.17,25.13,48.27,125.51,lentil,121,weather update day 121,soil_moisture,decrease,0.07,63.92,59.71,79.0,7.17,25.13,48.27,125.51,partial,r1,lentil,-0.5
1429,66.32,77.92,51.2,6.52,32.66,72.13,206.39,lentil,90,weather update day 90,Temperature,Increase,,66.32,77.92,51.2,6.52,32.66,72.13,206.39,success,R6,lentil,3.2
1430,74.33,58.64,30.38,6.26,28.69,41.44,111.07,blackgram,35,weather update day 35,RAINFALL,decrease,22%,74.33,58.64,30.38,6.26,28.69,41.44,86.63,no,R4,blackgram,1.6
1431,97.49,64.33,66.14,4.9,35.74,56.62,196.68,sugarcane,59,weather update day 59,Soil Moisture,increase,0.38,97.6,64.33,66.14,4.9,35.74,56.62,196.68,yes,r1,sugarcane,7.6
1432,82.28,70.37,40.2,6.66,28.8,78.09,219.26,jute,71,weather update day 71,humid,,,82.28,70.37,40.2,6.66,28.8,78.09,219.26,yes,,jute,-1.4
1433,80.66,37.92,44.13,7.73,30.97,78.53,120.01,chickpea,6,weather update day 6,temperature ,increase,20%,80.66,37.92,44.13,7.73,37.17,78.53,120.01,Success,,chickpea,3.5
1434,-16.79,63.3,36.29,6.5,26.28,57.32,221.98,mungbean,75,weather update day 75,Temperature,decrease,0.3,-16.79,63.3,36.29,6.5,26.2,57.32,221.98,,,mungbean,-0.7
1435,48.07,62.57,70.4,6.61,27.81,70.08,24.85,wheat,83,weather update day 83,humidity,decrease,0.5,48.07,62.57,70.4,6.61,27.81,69.72,24.85,failure,R6,wheat,-0.6
1436,52.58,39.62,49.58,8.51,26.86,26.47,111.45,rice,129,weather update day 129,humid,increase,8%,52.58,39.62,49.58,8.51,26.86,28.59,111.45,FAILURE,R3,rice,2.1
1437,74.51,73.69,24.66,5.97,22.17,63.58,141.87,jute,77,weather update day 77,,,55%,74.51,73.69,24.66,5.97,22.17,63.58,141.87,failure,r1,jute,2.3
1438,86.98,30.88,60.22,6.54,33.99,,318.96,mango,105,weather update day 105,temp,decrease,,86.98,30.88,60.22,6.54,33.99,52.17,318.96,no,R5,mango,-7.2
1439,67.65,36.91,44.05,6.24,25.66,50.26,197.04,jute,45,weather update day 45,Humidity ,DECREASE,18%,67.65,36.91,44.05,6.24,25.66,41.22,197.04,yes,R6,jute,1.1
1440,99.48,69.97,62.3,6.16,28.7,79.68,76.61,coconut,127,weather update day 127,humidity,decrease,0.31,99.48,69.97,62.3,6.16,28.7,79.43,76.61,failure,R2,coconut,5.1
1441,65.58,50.4,51.75,4.87,24.76,54.77,89.9,groundnut,103,weather update day 103,temp,DECREASE,30%,65.58,50.4,51.75,4.87,17.33,54.77,89.9,,R4,groundnut,-3.1
1442,74.58,22.13,58.86,6.74,29.19,80.87,172.06,rice,109,weather update day 109,temp,DECREASE,,74.58,22.13,58.86,6.74,29.19,80.87,172.06,FAILURE,R1,rice,0.4
1443,71.07,64.57,63.6,5.88,25.85,76.91,212.14,groundnut,136,weather update day 136,Humidity ,increase,0.32,71.07,64.57,63.6,5.88,25.85,77.16,212.14,FAILURE,R5,groundnut,-2.0
1444,88.1,46.61,73.86,5.94,20.73,63.99,145.04,cotton,107,weather update day 107,Temperature,,,88.1,46.61,73.86,5.94,20.73,63.99,145.04,FAILURE,R3,cotton,2.3
1445,67.54,48.87,28.18,6.89,29.74,60.64,273.31,mango,61,weather update day 61,humid,,55%,67.54,48.87,28.18,6.89,29.74,60.64,273.31,yes,r1,mango,-1.0
1446,68.43,44.82,73.15,8.97,28.24,,140.73,watermelon,146,weather update day 146,humid,increase,32%,68.43,44.82,73.15,8.97,28.24,65.41,140.73,success,R2,watermelon,1.3
1447,84.2,51.39,59.34,7.91,27.15,52.87,213.45,cotton,17,weather update day 17, rainfall,,0.52,84.2,51.39,59.34,7.91,27.15,52.87,213.45,FAILURE,R3,cotton,0.2
1448,68.1,50.52,38.13,6.53,23.07,80.08,48.03,mungbean,68,weather update day 68,Humidity ,Increase,50%,68.1,50.52,38.13,6.53,23.07,120.13,48.03,Success,R1,mungbean,1.4
1449,-16.46,,67.56,6.86,35.54,50.34,263.26,sugarcane,128,weather update day 128,soil_moisture,decrease,,-16.46,73.62,67.56,6.86,35.54,50.34,263.26,FAILURE,R6,sugarcane,-2.9
1450,82.72,38.21,51.57,7.27,21.94,,129.3,maize,59,weather update day 59,temp,DECREASE,54%,82.72,38.21,51.57,7.27,10.09,48.82,129.3,partial,R4,maize,-1.6
1451,112.14,36.67,59.4,6.44,27.86,57.36,219.68,maize,78,weather update day 78,Temperature,increase,,112.14,36.67,59.4,6.44,27.86,57.36,219.68,success,R6,maize,1.3
1452,79.18,69.68,24.19,8.36,24.58,38.59,281.75,lentil,136,weather update day 136,humid,increase,46%,79.18,69.68,24.19,8.36,24.58,56.35,281.75,failure,r1,lentil,-3.9
1453,66.8,22.86,29.56,6.39,17.56,56.19,120.01,mungbean,15,weather update day 15,rain,,6%,66.8,22.86,29.56,6.39,17.56,56.19,120.01,failure,R2,mungbean,-2.3
1454,88.35,20.68,22.76,6.5,31.55,63.96,74.54,rice,104,weather update day 104,RAINFALL,Increase,59%,88.35,20.68,22.76,6.5,31.55,63.96,118.52,FAILURE,,rice,-0.3
1455,71.81,61.29,37.02,7.36,25.29,103.88,53.15,jute,19,weather update day 19,humidity,decrease,,71.81,61.29,37.02,7.36,25.29,103.88,53.15,Success,R2,jute,7.3
1456,70.24,63.96,38.58,7.26,24.8,77.81,133.74,watermelon,128,weather update day 128,soilmoisture,increase,0.32,70.31,63.96,38.58,7.26,24.8,77.81,133.74,no,R6,watermelon,-1.8
1457,55.69,66.82,36.1,6.09,23.72,,177.37,mango,3,weather update day 3,soilmoisture,decrease,0.23,55.65,66.82,36.1,6.09,23.72,70.08,177.37,FAILURE,R1,mango,-9.1
1458,70.03,39.9,74.0,5.35,22.66,78.39,255.99,groundnut,96,weather update day 96,soil_moisture,,40%,70.03,39.9,74.0,5.35,22.66,78.39,255.99,no,,groundnut,1.4
1459,36.64,40.13,61.68,7.11,23.67,61.53,148.05,blackgram,122,weather update day 122,Temperature,decrease,57%,36.64,40.13,61.68,7.11,10.18,61.53,148.05,,R1,blackgram,-4.7
1460,50.69,40.74,32.18,5.54,22.17,64.32,143.99,groundnut,69,weather update day 69,Temperature,Increase,33%,50.69,40.74,32.18,5.54,29.48,64.32,143.99,Success,,groundnut,1.5
1461,78.6,57.63,55.61,4.89,26.59,48.26,160.27,rice,6,weather update day 6,soilmoisture,DECREASE,23%,73.18,57.63,55.61,4.89,26.59,48.26,160.27,FAILURE,R5,rice,-3.4
1462,121.44,16.26,58.96,6.05,23.07,55.7,95.47,cotton,50,weather update day 50,,,17%,121.44,16.26,58.96,6.05,23.07,55.7,95.47,FAILURE,R6,cotton,5.1
1463,71.58,43.08,57.37,5.85,23.33,55.19,201.84,cotton,24,weather update day 24,humidity,,0.13,71.58,43.08,57.37,5.85,23.33,55.19,201.84,success,R5,cotton,-0.0
1464,47.75,32.48,70.94,5.59,28.55,55.76,247.02,sugarcane,110,weather update day 110,,Increase,38%,47.75,32.48,70.94,5.59,28.55,55.76,247.02,Success,R2,sugarcane,-2.3
1465,54.99,49.33,46.66,6.37,26.2,76.35,109.56,cotton,116,weather update day 116,Temperature,Increase,42%,54.99,49.33,46.66,6.37,37.21,76.35,109.56,Success,r1,cotton,-1.3
1466,74.65,49.27,26.06,5.32,18.53,75.89,100.78,sugarcane,23,weather update day 23,humid,Increase,38%,74.65,49.27,26.06,5.32,18.53,104.73,100.78,,R3,sugarcane,1.4
1467,38.57,36.01,6.86,5.87,29.83,58.79,177.65,wheat,62,weather update day 62,soilmoisture,DECREASE,,38.57,36.01,6.86,5.87,29.83,58.79,177.65,yes,r1,wheat,-4.6
1468,61.68,48.44,57.27,7.46,26.48,42.5,187.89,maize,123,weather update day 123,RAINFALL,,46%,61.68,48.44,57.27,7.46,26.48,42.5,187.89,success,R2,maize,7.4
1469,36.56,37.91,29.09,5.62,27.71,73.84,213.91,wheat,58,weather update day 58,temperature ,increase,0.55,36.56,37.91,29.09,5.62,27.87,73.84,213.91,,R2,wheat,1.9
1470,45.25,59.83,55.05,5.66,27.44,72.95,211.47,rice,17,weather update day 17,temp,Increase,0.44,45.25,59.83,55.05,5.66,27.56,72.95,211.47,partial,R4,rice,-5.3
1471,65.09,56.8,38.1,13.44,30.57,70.69,164.24,lentil,39,weather update day 39,soil_moisture,increase,10%,65.09,56.8,38.1,13.44,30.57,70.69,164.24,success,R1,lentil,-0.8
1472,53.58,58.06,43.46,6.2,23.67,30.12,91.99,watermelon,121,weather update day 121,temperature ,,40%,53.58,58.06,43.46,6.2,23.67,30.12,91.99,,R1,watermelon,3.5
1473,63.41,41.32,36.03,7.47,23.14,79.86,136.18,mungbean,47,weather update day 47,temperature ,DECREASE,0.31,63.41,41.32,36.03,7.47,23.06,79.86,136.18,Success,R6,mungbean,-3.6
1474,57.51,47.23,37.11,4.74,30.49,84.12,189.09,mango,49,weather update day 49,rain,,,57.51,47.23,37.11,4.74,30.49,84.12,189.09,failure,R6,mango,-3.4
1475,90.08,19.78,62.91,5.63,26.96,82.17,6.65,rice,59,weather update day 59,temp,Increase,,90.08,19.78,62.91,5.63,26.96,82.17,6.65,success,R2,rice,2.4
1476,44.11,48.74,53.75,6.66,32.51,103.96,190.28,lentil,21,weather update day 21,rain,,,44.11,48.74,53.75,6.66,32.51,103.96,190.28,success,R4,lentil,3.5
1477,59.5,33.54,42.78,4.25,30.53,49.42,112.94,mango,112,weather update day 112,RAINFALL,increase,5%,59.5,33.54,42.78,4.25,30.53,49.42,118.59,partial,R3,mango,2.0
1478,35.19,44.01,55.6,5.84,28.93,60.96,219.6,coconut,43,weather update day 43,soil_moisture,,0.07,35.19,44.01,55.6,5.84,28.93,60.96,219.6,,R1,coconut,4.1
1479,-3.69,48.92,31.72,7.13,30.07,36.46,100.3,coconut,68,weather update day 68, rainfall,DECREASE,0.51,-3.69,48.92,31.72,7.13,30.07,36.46,99.79,partial,R3,coconut,-4.4
1480,67.6,61.11,48.61,5.67,19.83,42.66,237.33,wheat,105,weather update day 105,soil_moisture,,0.46,67.6,61.11,48.61,5.67,19.83,42.66,237.33,FAILURE,R6,wheat,2.4
1481,75.28,44.59,56.52,7.57,25.86,60.99,173.29,rice,82,weather update day 82,soil_moisture,decrease,,75.28,44.59,56.52,7.57,25.86,60.99,173.29,success,R4,rice,0.1
1482,82.38,44.37,36.19,7.52,23.51,69.41,159.8,maize,74,weather update day 74,RAINFALL,decrease,0.54,82.38,44.37,36.19,7.52,23.51,69.41,158.94,success,R3,maize,4.4
1483,91.55,49.73,41.98,6.95,27.36,80.46,227.49,banana,64,weather update day 64,humidity,increase,12%,91.55,49.73,41.98,6.95,27.36,90.11,227.49,yes,R3,banana,0.9
1484,78.26,43.66,35.75,6.28,24.83,86.96,68.1,chickpea,19,weather update day 19,Rainfall,increase,0.37,78.26,43.66,35.75,6.28,24.83,86.96,68.35,no,,chickpea,-0.1
1485,67.63,64.73,54.99,6.37,26.99,68.01,238.57,groundnut,23,weather update day 23,rain,,28%,67.63,64.73,54.99,6.37,26.99,68.01,238.57,success,R3,groundnut,0.2
1486,63.97,51.22,23.91,7.19,15.92,55.17,175.11,groundnut,98,weather update day 98, rainfall,decrease,51%,63.97,51.22,23.91,7.19,15.92,55.17,85.8,,R4,groundnut,-1.6
1487,57.92,33.48,11.38,6.21,22.11,82.42,132.75,cotton,5,weather update day 5,temperature ,increase,36%,57.92,33.48,11.38,6.21,30.07,82.42,132.75,FAILURE,R4,cotton,-0.7
1488,73.41,44.61,37.42,5.39,30.8,62.93,84.89,maize,93,weather update day 93,Rainfall,Increase,34%,73.41,44.61,37.42,5.39,30.8,62.93,113.75,,R3,maize,-1.4
1489,57.27,52.61,89.54,5.91,24.41,64.22,108.76,banana,80,weather update day 80,temperature ,DECREASE,0.26,57.27,52.61,89.54,5.91,24.35,64.22,108.76,failure,r1,banana,3.3
1490,30.81,,63.4,7.53,28.35,77.68,260.41,lentil,119,weather update day 119,Soil Moisture,Increase,0.35,30.84,60.99,63.4,7.53,28.35,77.68,260.41,no,,lentil,-2.2
1491,65.06,42.97,17.88,5.97,19.84,49.95,157.2,lentil,17,weather update day 17,humidity,decrease,0.41,65.06,42.97,17.88,5.97,19.84,49.75,157.2,partial,R3,lentil,-1.2
1492,96.92,61.99,32.9,6.83,34.26,93.11,131.14,groundnut,28,weather update day 28,Soil Moisture,Increase,0.34,97.02,61.99,32.9,6.83,34.26,93.11,131.14,failure,r1,groundnut,2.9
1493,53.84,57.21,36.11,6.69,25.49,44.99,93.99,wheat,54,weather update day 54,,,14%,53.84,57.21,36.11,6.69,25.49,44.99,93.99,no,R6,wheat,1.2
1494,81.17,47.65,54.17,7.49,22.1,55.22,131.46,cotton,16,weather update day 16,Rainfall,increase,16%,81.17,47.65,54.17,7.49,22.1,55.22,152.5,partial,R2,cotton,-6.7
1495,79.31,32.68,27.51,5.93,26.97,45.67,112.98,jute,138,weather update day 138,RAINFALL,decrease,0.28,79.31,32.68,27.51,5.93,26.97,45.67,112.67,success,R6,jute,-0.1
1496,79.93,59.53,55.2,4.89,21.67,64.55,179.23,cotton,76,weather update day 76,soil_moisture,,14%,79.93,59.53,55.2,4.89,21.67,64.55,179.23,Success,R3,cotton,2.3
1497,58.69,43.84,36.07,4.88,29.82,83.86,58.89,jute,69,weather update day 69,Humidity ,DECREASE,48%,58.69,43.84,36.07,4.88,29.82,43.61,58.89,,R2,jute,3.7
1498,67.84,45.84,60.54,8.66,27.89,96.8,108.83,mango,11,weather update day 11,temp,,0.24,67.84,45.84,60.54,8.66,27.89,96.8,108.83,partial,,mango,-1.9
1499,62.87,43.56,61.7,7.04,18.33,56.1,225.03,cotton,65,weather update day 65,soil_moisture,DECREASE,0.39,62.87,43.56,61.7,7.04,18.33,56.1,225.03,failure,r1,cotton,0.9
1500,-18.21,40.59,54.42,8.06,20.23,75.86,2.83,chickpea,146,weather update day 146,temperature ,,22%,-18.21,40.59,54.42,8.06,20.23,75.86,2.83,no,R1,chickpea,-0.7
1501,82.11,,21.61,8.01,29.76,36.65,199.13,coconut,132,weather update day 132,soilmoisture,DECREASE,,82.11,57.95,21.61,8.01,29.76,36.65,199.13,Success,R4,coconut,2.4
1502,48.21,38.88,56.36,7.48,26.96,51.83,240.39,watermelon,149,weather update day 149,humidity,DECREASE,5%,48.21,38.88,56.36,7.48,26.96,49.24,240.39,,R4,watermelon,-0.8
1503,45.88,47.28,43.06,6.68,24.98,63.98,188.51,cotton,3,weather update day 3,humid,,21%,45.88,47.28,43.06,6.68,24.98,63.98,188.51,,R6,cotton,-3.3
1504,98.71,22.57,10.77,6.57,23.79,65.12,206.72,mungbean,13,weather update day 13, rainfall,Increase,0.58,98.71,22.57,10.77,6.57,23.79,65.12,207.92,partial,R1,mungbean,-1.7
1505,28.77,56.46,70.94,7.24,22.69,66.3,118.03,banana,47,weather update day 47,,DECREASE,16%,28.77,56.46,70.94,7.24,22.69,66.3,118.03,,R1,banana,-2.5
1506,92.15,58.5,59.6,6.62,28.62,52.99,131.43,blackgram,125,weather update day 125, rainfall,DECREASE,0.5,92.15,58.5,59.6,6.62,28.62,52.99,130.77,success,,blackgram,0.6
1507,61.41,63.25,50.75,6.18,22.24,53.17,126.46,coffee,75,weather update day 75,humid,DECREASE,0.52,61.41,63.25,50.75,6.18,22.24,52.89,126.46,partial,R6,coffee,-0.5
1508,83.6,64.36,27.07,5.52,31.69,68.08,113.64,sugarcane,103,weather update day 103,Soil Moisture,,,83.6,64.36,27.07,5.52,31.69,68.08,113.64,Success,R1,sugarcane,-0.5
1509,48.06,40.66,57.05,7.47,18.53,62.47,166.99,sugarcane,53,weather update day 53,Rainfall,Increase,0.48,48.06,40.66,57.05,7.47,18.53,62.47,167.79,Success,R3,sugarcane,-0.3
1510,54.73,64.56,59.85,4.5,27.89,49.51,114.49,maize,20,weather update day 20,,decrease,53%,54.73,64.56,59.85,4.5,27.89,49.51,114.49,Success,R4,maize,-0.7
1511,87.55,55.27,58.24,6.81,34.13,68.54,126.84,blackgram,107,weather update day 107,rain,increase,32%,87.55,55.27,58.24,6.81,34.13,68.54,167.43,yes,R6,blackgram,-3.6
1512,103.03,49.71,49.53,6.56,37.52,61.75,148.58,maize,74,weather update day 74,temp,,0.53,103.03,49.71,49.53,6.56,37.52,61.75,148.58,success,R3,maize,-2.5
1513,55.53,49.99,63.05,7.66,26.29,71.85,164.6,rice,127,weather update day 127,temperature ,DECREASE,0.42,55.53,49.99,63.05,7.66,26.18,71.85,164.6,,R5,rice,-6.3
1514,65.59,46.03,77.13,6.29,24.68,44.55,111.58,chickpea,98,weather update day 98,rain,DECREASE,33%,65.59,46.03,77.13,6.29,24.68,44.55,74.76,failure,R3,chickpea,-1.7
1515,75.67,87.45,45.52,6.27,29.42,64.17,219.63,banana,118,weather update day 118,RAINFALL,increase,46%,75.67,87.45,45.52,6.27,29.42,64.17,320.66,failure,,banana,-5.8
1516,75.0,41.58,31.28,7.6,25.33,53.49,265.32,lentil,139,weather update day 139, rainfall,decrease,16%,75.0,41.58,31.28,7.6,25.33,53.49,222.87,partial,R6,lentil,-1.1
1517,65.49,68.24,51.86,6.71,22.59,44.74,145.6,maize,23,weather update day 23,Soil Moisture,increase,,65.49,68.24,51.86,6.71,22.59,44.74,145.6,partial,R6,maize,5.1
1518,71.07,30.32,64.93,6.36,31.89,28.14,146.51,mango,76,weather update day 76,Temperature,DECREASE,0.21,71.07,30.32,64.93,6.36,31.82,28.14,146.51,yes,R1,mango,0.4
1519,88.89,56.18,58.36,5.17,36.69,40.23,159.39,rice,122,weather update day 122,RAINFALL,increase,,88.89,56.18,58.36,5.17,36.69,40.23,159.39,failure,r1,rice,-0.5
1520,104.22,65.47,54.64,5.01,22.49,81.28,71.99,maize,96,weather update day 96,soilmoisture,Increase,39%,116.41,65.47,54.64,5.01,22.49,81.28,71.99,failure,R4,maize,-2.3
1521,75.38,44.85,59.19,6.2,27.89,64.56,217.56,watermelon,102,weather update day 102,humid,,15%,75.38,44.85,59.19,6.2,27.89,64.56,217.56,failure,R1,watermelon,-0.2
1522,87.95,66.95,35.86,5.9,22.74,40.92,73.72,wheat,66,weather update day 66,temp,Increase,42%,87.95,66.95,35.86,5.9,32.29,40.92,73.72,failure,r1,wheat,-0.9
1523,76.18,39.37,68.88,6.91,26.99,67.63,250.94,chickpea,58,weather update day 58,soilmoisture,DECREASE,33%,68.63,39.37,68.88,6.91,26.99,67.63,250.94,failure,R1,chickpea,-2.2
1524,54.06,43.12,54.29,6.77,28.54,81.51,64.5,rice,51,weather update day 51,Humidity ,,,54.06,43.12,54.29,6.77,28.54,81.51,64.5,FAILURE,R2,rice,-2.9
1525,77.15,37.44,39.05,5.95,26.43,74.58,172.03,lentil,66,weather update day 66,rain,Increase,,77.15,37.44,39.05,5.95,26.43,74.58,172.03,yes,R3,lentil,4.8
